doc_id,layer,territory_id,label,responsable,prioritario,pendiente,updated_at,updated_by
secciones_3130,secciones,3130,Sección 3279,,false,false,,
secciones_3132,secciones,3132,Sección 3281,,false,false,,
secciones_2695,secciones,2695,Sección 2844,,false,false,,
secciones_2698,secciones,2698,Sección 2847,,false,false,,
secciones_2699,secciones,2699,Sección 2848,,false,false,,
secciones_2703,secciones,2703,Sección 2852,,false,false,,
secciones_2696,secciones,2696,Sección 2845,,false,false,,
secciones_2697,secciones,2697,Sección 2846,,false,false,,
secciones_2701,secciones,2701,Sección 2850,,false,false,,
secciones_2702,secciones,2702,Sección 2851,,false,false,,
secciones_3195,secciones,3195,Sección 3344,,false,false,,
secciones_3196,secciones,3196,Sección 3345,,false,false,,
secciones_3197,secciones,3197,Sección 3346,,false,false,,
secciones_3198,secciones,3198,Sección 3347,,false,false,,
secciones_3028,secciones,3028,Sección 3177,,false,false,,
secciones_3029,secciones,3029,Sección 3178,,false,false,,
secciones_3030,secciones,3030,Sección 3179,,false,false,,
secciones_3043,secciones,3043,Sección 3192,,false,false,,
secciones_3047,secciones,3047,Sección 3196,,false,false,,
secciones_3031,secciones,3031,Sección 3180,,false,false,,
secciones_3032,secciones,3032,Sección 3181,,false,false,,
secciones_3033,secciones,3033,Sección 3182,,false,false,,
secciones_3034,secciones,3034,Sección 3183,,false,false,,
secciones_3200,secciones,3200,Sección 3349,,false,false,,
secciones_3201,secciones,3201,Sección 3350,,false,false,,
secciones_3136,secciones,3136,Sección 3285,,false,false,,
secciones_3199,secciones,3199,Sección 3348,,false,false,,
secciones_2727,secciones,2727,Sección 2876,,false,false,,
secciones_2728,secciones,2728,Sección 2877,,false,false,,
secciones_2729,secciones,2729,Sección 2878,,false,false,,
secciones_3137,secciones,3137,Sección 3286,,false,false,,
secciones_2704,secciones,2704,Sección 2853,,false,false,,
secciones_2705,secciones,2705,Sección 2854,,false,false,,
secciones_2714,secciones,2714,Sección 2863,,false,false,,
secciones_2715,secciones,2715,Sección 2864,,false,false,,
secciones_2716,secciones,2716,Sección 2865,,false,false,,
secciones_2706,secciones,2706,Sección 2855,,false,false,,
secciones_2707,secciones,2707,Sección 2856,,false,false,,
secciones_2708,secciones,2708,Sección 2857,,false,false,,
secciones_2711,secciones,2711,Sección 2860,,false,false,,
secciones_2712,secciones,2712,Sección 2861,,false,false,,
secciones_2700,secciones,2700,Sección 2849,,false,false,,
secciones_2709,secciones,2709,Sección 2858,,false,false,,
secciones_2710,secciones,2710,Sección 2859,,false,false,,
secciones_2713,secciones,2713,Sección 2862,,false,false,,
secciones_2717,secciones,2717,Sección 2866,,false,false,,
secciones_2718,secciones,2718,Sección 2867,,false,false,,
secciones_2726,secciones,2726,Sección 2875,,false,false,,
secciones_2719,secciones,2719,Sección 2868,,false,false,,
secciones_2724,secciones,2724,Sección 2873,,false,false,,
secciones_2725,secciones,2725,Sección 2874,,false,false,,
secciones_2720,secciones,2720,Sección 2869,,false,false,,
secciones_2721,secciones,2721,Sección 2870,,false,false,,
secciones_2722,secciones,2722,Sección 2871,,false,false,,
secciones_2723,secciones,2723,Sección 2872,,false,false,,
secciones_2732,secciones,2732,Sección 2881,,false,false,,
secciones_2733,secciones,2733,Sección 2882,,false,false,,
secciones_2734,secciones,2734,Sección 2883,,false,false,,
secciones_2735,secciones,2735,Sección 2884,,false,false,,
secciones_2730,secciones,2730,Sección 2879,,false,false,,
secciones_2731,secciones,2731,Sección 2880,,false,false,,
secciones_2740,secciones,2740,Sección 2889,,false,false,,
secciones_2741,secciones,2741,Sección 2890,,false,false,,
secciones_2742,secciones,2742,Sección 2891,,false,false,,
secciones_2736,secciones,2736,Sección 2885,,false,false,,
secciones_2737,secciones,2737,Sección 2886,,false,false,,
secciones_2738,secciones,2738,Sección 2887,,false,false,,
secciones_2739,secciones,2739,Sección 2888,,false,false,,
secciones_2747,secciones,2747,Sección 2896,,false,false,,
secciones_3138,secciones,3138,Sección 3287,,false,false,,
secciones_3140,secciones,3140,Sección 3289,,false,false,,
secciones_3141,secciones,3141,Sección 3290,,false,false,,
secciones_2746,secciones,2746,Sección 2895,,false,false,,
secciones_2748,secciones,2748,Sección 2897,,false,false,,
secciones_2749,secciones,2749,Sección 2898,,false,false,,
secciones_2750,secciones,2750,Sección 2899,,false,false,,
secciones_2743,secciones,2743,Sección 2892,,false,false,,
secciones_2744,secciones,2744,Sección 2893,,false,false,,
secciones_2745,secciones,2745,Sección 2894,,false,false,,
secciones_2751,secciones,2751,Sección 2900,,false,false,,
secciones_2752,secciones,2752,Sección 2901,,false,false,,
secciones_2753,secciones,2753,Sección 2902,,false,false,,
secciones_3040,secciones,3040,Sección 3189,,false,false,,
secciones_3044,secciones,3044,Sección 3193,,false,false,,
secciones_3046,secciones,3046,Sección 3195,,false,false,,
secciones_3048,secciones,3048,Sección 3197,,false,false,,
secciones_3050,secciones,3050,Sección 3199,,false,false,,
secciones_3052,secciones,3052,Sección 3201,,false,false,,
secciones_3053,secciones,3053,Sección 3202,,false,false,,
secciones_3035,secciones,3035,Sección 3184,,false,false,,
secciones_3036,secciones,3036,Sección 3185,,false,false,,
secciones_3037,secciones,3037,Sección 3186,,false,false,,
secciones_3038,secciones,3038,Sección 3187,,false,false,,
secciones_3039,secciones,3039,Sección 3188,,false,false,,
secciones_3041,secciones,3041,Sección 3190,,false,false,,
secciones_3042,secciones,3042,Sección 3191,,false,false,,
secciones_3045,secciones,3045,Sección 3194,,false,false,,
secciones_3049,secciones,3049,Sección 3198,,false,false,,
secciones_3051,secciones,3051,Sección 3200,,false,false,,
secciones_3056,secciones,3056,Sección 3205,,false,false,,
secciones_3058,secciones,3058,Sección 3207,,false,false,,
secciones_3054,secciones,3054,Sección 3203,,false,false,,
secciones_3055,secciones,3055,Sección 3204,,false,false,,
secciones_3057,secciones,3057,Sección 3206,,false,false,,
secciones_3060,secciones,3060,Sección 3209,,false,false,,
secciones_3059,secciones,3059,Sección 3208,,false,false,,
secciones_3061,secciones,3061,Sección 3210,,false,false,,
secciones_3062,secciones,3062,Sección 3211,,false,false,,
secciones_3063,secciones,3063,Sección 3212,,false,false,,
secciones_3064,secciones,3064,Sección 3213,,false,false,,
secciones_583,secciones,583,Sección 621,,false,false,,
secciones_580,secciones,580,Sección 618,,false,false,,
secciones_581,secciones,581,Sección 619,,false,false,,
secciones_582,secciones,582,Sección 620,,false,false,,
secciones_589,secciones,589,Sección 627,,false,false,,
secciones_584,secciones,584,Sección 622,,false,false,,
secciones_585,secciones,585,Sección 623,,false,false,,
secciones_586,secciones,586,Sección 624,,false,false,,
secciones_579,secciones,579,Sección 617,,false,false,,
secciones_590,secciones,590,Sección 628,,false,false,,
secciones_591,secciones,591,Sección 629,,false,false,,
secciones_577,secciones,577,Sección 615,,false,false,,
secciones_578,secciones,578,Sección 616,,false,false,,
secciones_592,secciones,592,Sección 630,,false,false,,
secciones_595,secciones,595,Sección 633,,false,false,,
secciones_608,secciones,608,Sección 646,,false,false,,
secciones_609,secciones,609,Sección 647,,false,false,,
secciones_630,secciones,630,Sección 668,,false,false,,
secciones_631,secciones,631,Sección 669,,false,false,,
secciones_593,secciones,593,Sección 631,,false,false,,
secciones_594,secciones,594,Sección 632,,false,false,,
secciones_607,secciones,607,Sección 645,,false,false,,
secciones_610,secciones,610,Sección 648,,false,false,,
secciones_611,secciones,611,Sección 649,,false,false,,
secciones_628,secciones,628,Sección 666,,false,false,,
secciones_629,secciones,629,Sección 667,,false,false,,
secciones_596,secciones,596,Sección 634,,false,false,,
secciones_597,secciones,597,Sección 635,,false,false,,
secciones_606,secciones,606,Sección 644,,false,false,,
secciones_612,secciones,612,Sección 650,,false,false,,
secciones_626,secciones,626,Sección 664,,false,false,,
secciones_627,secciones,627,Sección 665,,false,false,,
secciones_598,secciones,598,Sección 636,,false,false,,
secciones_599,secciones,599,Sección 637,,false,false,,
secciones_613,secciones,613,Sección 651,,false,false,,
secciones_614,secciones,614,Sección 652,,false,false,,
secciones_624,secciones,624,Sección 662,,false,false,,
secciones_625,secciones,625,Sección 663,,false,false,,
secciones_635,secciones,635,Sección 674,,false,false,,
secciones_588,secciones,588,Sección 626,,false,false,,
secciones_600,secciones,600,Sección 638,,false,false,,
secciones_601,secciones,601,Sección 639,,false,false,,
secciones_602,secciones,602,Sección 640,,false,false,,
secciones_604,secciones,604,Sección 642,,false,false,,
secciones_605,secciones,605,Sección 643,,false,false,,
secciones_617,secciones,617,Sección 655,,false,false,,
secciones_619,secciones,619,Sección 657,,false,false,,
secciones_620,secciones,620,Sección 658,,false,false,,
secciones_621,secciones,621,Sección 659,,false,false,,
secciones_622,secciones,622,Sección 660,,false,false,,
secciones_623,secciones,623,Sección 661,,false,false,,
secciones_616,secciones,616,Sección 654,,false,false,,
secciones_618,secciones,618,Sección 656,,false,false,,
secciones_636,secciones,636,Sección 675,,false,false,,
secciones_637,secciones,637,Sección 676,,false,false,,
secciones_638,secciones,638,Sección 677,,false,false,,
secciones_639,secciones,639,Sección 678,,false,false,,
secciones_640,secciones,640,Sección 679,,false,false,,
secciones_641,secciones,641,Sección 680,,false,false,,
secciones_642,secciones,642,Sección 681,,false,false,,
secciones_643,secciones,643,Sección 682,,false,false,,
secciones_657,secciones,657,Sección 696,,false,false,,
secciones_658,secciones,658,Sección 697,,false,false,,
secciones_634,secciones,634,Sección 673,,false,false,,
secciones_644,secciones,644,Sección 683,,false,false,,
secciones_645,secciones,645,Sección 684,,false,false,,
secciones_646,secciones,646,Sección 685,,false,false,,
secciones_654,secciones,654,Sección 693,,false,false,,
secciones_655,secciones,655,Sección 694,,false,false,,
secciones_656,secciones,656,Sección 695,,false,false,,
secciones_632,secciones,632,Sección 671,,false,false,,
secciones_633,secciones,633,Sección 672,,false,false,,
secciones_647,secciones,647,Sección 686,,false,false,,
secciones_648,secciones,648,Sección 687,,false,false,,
secciones_649,secciones,649,Sección 688,,false,false,,
secciones_651,secciones,651,Sección 690,,false,false,,
secciones_652,secciones,652,Sección 691,,false,false,,
secciones_653,secciones,653,Sección 692,,false,false,,
secciones_650,secciones,650,Sección 689,,false,false,,
secciones_677,secciones,677,Sección 716,,false,false,,
secciones_678,secciones,678,Sección 717,,false,false,,
secciones_675,secciones,675,Sección 714,,false,false,,
secciones_676,secciones,676,Sección 715,,false,false,,
secciones_679,secciones,679,Sección 718,,false,false,,
secciones_673,secciones,673,Sección 712,,false,false,,
secciones_674,secciones,674,Sección 713,,false,false,,
secciones_680,secciones,680,Sección 719,,false,false,,
secciones_860,secciones,860,Sección 910,,false,false,,
secciones_667,secciones,667,Sección 706,,false,false,,
secciones_668,secciones,668,Sección 707,,false,false,,
secciones_669,secciones,669,Sección 708,,false,false,,
secciones_670,secciones,670,Sección 709,,false,false,,
secciones_671,secciones,671,Sección 710,,false,false,,
secciones_672,secciones,672,Sección 711,,false,false,,
secciones_659,secciones,659,Sección 698,,false,false,,
secciones_660,secciones,660,Sección 699,,false,false,,
secciones_661,secciones,661,Sección 700,,false,false,,
secciones_662,secciones,662,Sección 701,,false,false,,
secciones_663,secciones,663,Sección 702,,false,false,,
secciones_664,secciones,664,Sección 703,,false,false,,
secciones_665,secciones,665,Sección 704,,false,false,,
secciones_666,secciones,666,Sección 705,,false,false,,
secciones_684,secciones,684,Sección 723,,false,false,,
secciones_685,secciones,685,Sección 724,,false,false,,
secciones_686,secciones,686,Sección 725,,false,false,,
secciones_687,secciones,687,Sección 726,,false,false,,
secciones_688,secciones,688,Sección 727,,false,false,,
secciones_689,secciones,689,Sección 728,,false,false,,
secciones_690,secciones,690,Sección 729,,false,false,,
secciones_691,secciones,691,Sección 730,,false,false,,
secciones_763,secciones,763,Sección 802,,false,false,,
secciones_692,secciones,692,Sección 731,,false,false,,
secciones_693,secciones,693,Sección 732,,false,false,,
secciones_694,secciones,694,Sección 733,,false,false,,
secciones_695,secciones,695,Sección 734,,false,false,,
secciones_681,secciones,681,Sección 720,,false,false,,
secciones_682,secciones,682,Sección 721,,false,false,,
secciones_683,secciones,683,Sección 722,,false,false,,
secciones_696,secciones,696,Sección 735,,false,false,,
secciones_697,secciones,697,Sección 736,,false,false,,
secciones_698,secciones,698,Sección 737,,false,false,,
secciones_699,secciones,699,Sección 738,,false,false,,
secciones_710,secciones,710,Sección 749,,false,false,,
secciones_711,secciones,711,Sección 750,,false,false,,
secciones_712,secciones,712,Sección 751,,false,false,,
secciones_713,secciones,713,Sección 752,,false,false,,
secciones_714,secciones,714,Sección 753,,false,false,,
secciones_702,secciones,702,Sección 741,,false,false,,
secciones_703,secciones,703,Sección 742,,false,false,,
secciones_704,secciones,704,Sección 743,,false,false,,
secciones_705,secciones,705,Sección 744,,false,false,,
secciones_706,secciones,706,Sección 745,,false,false,,
secciones_707,secciones,707,Sección 746,,false,false,,
secciones_708,secciones,708,Sección 747,,false,false,,
secciones_709,secciones,709,Sección 748,,false,false,,
secciones_723,secciones,723,Sección 762,,false,false,,
secciones_724,secciones,724,Sección 763,,false,false,,
secciones_725,secciones,725,Sección 764,,false,false,,
secciones_726,secciones,726,Sección 765,,false,false,,
secciones_727,secciones,727,Sección 766,,false,false,,
secciones_730,secciones,730,Sección 769,,false,false,,
secciones_731,secciones,731,Sección 770,,false,false,,
secciones_732,secciones,732,Sección 771,,false,false,,
secciones_733,secciones,733,Sección 772,,false,false,,
secciones_734,secciones,734,Sección 773,,false,false,,
secciones_718,secciones,718,Sección 757,,false,false,,
secciones_719,secciones,719,Sección 758,,false,false,,
secciones_720,secciones,720,Sección 759,,false,false,,
secciones_721,secciones,721,Sección 760,,false,false,,
secciones_722,secciones,722,Sección 761,,false,false,,
secciones_735,secciones,735,Sección 774,,false,false,,
secciones_736,secciones,736,Sección 775,,false,false,,
secciones_738,secciones,738,Sección 777,,false,false,,
secciones_739,secciones,739,Sección 778,,false,false,,
secciones_740,secciones,740,Sección 779,,false,false,,
secciones_761,secciones,761,Sección 800,,false,false,,
secciones_762,secciones,762,Sección 801,,false,false,,
secciones_765,secciones,765,Sección 804,,false,false,,
secciones_764,secciones,764,Sección 803,,false,false,,
secciones_767,secciones,767,Sección 806,,false,false,,
secciones_768,secciones,768,Sección 807,,false,false,,
secciones_769,secciones,769,Sección 808,,false,false,,
secciones_782,secciones,782,Sección 821,,false,false,,
secciones_783,secciones,783,Sección 822,,false,false,,
secciones_741,secciones,741,Sección 780,,false,false,,
secciones_742,secciones,742,Sección 781,,false,false,,
secciones_757,secciones,757,Sección 796,,false,false,,
secciones_758,secciones,758,Sección 797,,false,false,,
secciones_759,secciones,759,Sección 798,,false,false,,
secciones_760,secciones,760,Sección 799,,false,false,,
secciones_743,secciones,743,Sección 782,,false,false,,
secciones_744,secciones,744,Sección 783,,false,false,,
secciones_745,secciones,745,Sección 784,,false,false,,
secciones_746,secciones,746,Sección 785,,false,false,,
secciones_755,secciones,755,Sección 794,,false,false,,
secciones_700,secciones,700,Sección 739,,false,false,,
secciones_701,secciones,701,Sección 740,,false,false,,
secciones_728,secciones,728,Sección 767,,false,false,,
secciones_747,secciones,747,Sección 786,,false,false,,
secciones_754,secciones,754,Sección 793,,false,false,,
secciones_772,secciones,772,Sección 811,,false,false,,
secciones_773,secciones,773,Sección 812,,false,false,,
secciones_771,secciones,771,Sección 810,,false,false,,
secciones_778,secciones,778,Sección 817,,false,false,,
secciones_779,secciones,779,Sección 818,,false,false,,
secciones_792,secciones,792,Sección 831,,false,false,,
secciones_793,secciones,793,Sección 832,,false,false,,
secciones_794,secciones,794,Sección 833,,false,false,,
secciones_795,secciones,795,Sección 834,,false,false,,
secciones_404,secciones,404,Sección 437,,false,false,,
secciones_405,secciones,405,Sección 438,,false,false,,
secciones_406,secciones,406,Sección 439,,false,false,,
secciones_409,secciones,409,Sección 442,,false,false,,
secciones_410,secciones,410,Sección 443,,false,false,,
secciones_413,secciones,413,Sección 446,,false,false,,
secciones_407,secciones,407,Sección 440,,false,false,,
secciones_408,secciones,408,Sección 441,,false,false,,
secciones_411,secciones,411,Sección 444,,false,false,,
secciones_412,secciones,412,Sección 445,,false,false,,
secciones_475,secciones,475,Sección 508,,false,false,,
secciones_415,secciones,415,Sección 448,,false,false,,
secciones_416,secciones,416,Sección 449,,false,false,,
secciones_417,secciones,417,Sección 450,,false,false,,
secciones_472,secciones,472,Sección 505,,false,false,,
secciones_473,secciones,473,Sección 506,,false,false,,
secciones_474,secciones,474,Sección 507,,false,false,,
secciones_402,secciones,402,Sección 435,,false,false,,
secciones_403,secciones,403,Sección 436,,false,false,,
secciones_414,secciones,414,Sección 447,,false,false,,
secciones_418,secciones,418,Sección 451,,false,false,,
secciones_419,secciones,419,Sección 452,,false,false,,
secciones_420,secciones,420,Sección 453,,false,false,,
secciones_421,secciones,421,Sección 454,,false,false,,
secciones_422,secciones,422,Sección 455,,false,false,,
secciones_423,secciones,423,Sección 456,,false,false,,
secciones_424,secciones,424,Sección 457,,false,false,,
secciones_425,secciones,425,Sección 458,,false,false,,
secciones_470,secciones,470,Sección 503,,false,false,,
secciones_471,secciones,471,Sección 504,,false,false,,
secciones_484,secciones,484,Sección 517,,false,false,,
secciones_401,secciones,401,Sección 434,,false,false,,
secciones_426,secciones,426,Sección 459,,false,false,,
secciones_789,secciones,789,Sección 828,,false,false,,
secciones_796,secciones,796,Sección 835,,false,false,,
secciones_804,secciones,804,Sección 843,,false,false,,
secciones_781,secciones,781,Sección 820,,false,false,,
secciones_790,secciones,790,Sección 829,,false,false,,
secciones_791,secciones,791,Sección 830,,false,false,,
secciones_756,secciones,756,Sección 795,,false,false,,
secciones_770,secciones,770,Sección 809,,false,false,,
secciones_780,secciones,780,Sección 819,,false,false,,
secciones_748,secciones,748,Sección 787,,false,false,,
secciones_749,secciones,749,Sección 788,,false,false,,
secciones_750,secciones,750,Sección 789,,false,false,,
secciones_752,secciones,752,Sección 791,,false,false,,
secciones_753,secciones,753,Sección 792,,false,false,,
secciones_774,secciones,774,Sección 813,,false,false,,
secciones_775,secciones,775,Sección 814,,false,false,,
secciones_776,secciones,776,Sección 815,,false,false,,
secciones_777,secciones,777,Sección 816,,false,false,,
secciones_427,secciones,427,Sección 460,,false,false,,
secciones_428,secciones,428,Sección 461,,false,false,,
secciones_429,secciones,429,Sección 462,,false,false,,
secciones_432,secciones,432,Sección 465,,false,false,,
secciones_433,secciones,433,Sección 466,,false,false,,
secciones_431,secciones,431,Sección 464,,false,false,,
secciones_434,secciones,434,Sección 467,,false,false,,
secciones_435,secciones,435,Sección 468,,false,false,,
secciones_436,secciones,436,Sección 469,,false,false,,
secciones_467,secciones,467,Sección 500,,false,false,,
secciones_430,secciones,430,Sección 463,,false,false,,
secciones_468,secciones,468,Sección 501,,false,false,,
secciones_469,secciones,469,Sección 502,,false,false,,
secciones_485,secciones,485,Sección 518,,false,false,,
secciones_487,secciones,487,Sección 520,,false,false,,
secciones_488,secciones,488,Sección 521,,false,false,,
secciones_486,secciones,486,Sección 519,,false,false,,
secciones_489,secciones,489,Sección 522,,false,false,,
secciones_516,secciones,516,Sección 549,,false,false,,
secciones_517,secciones,517,Sección 550,,false,false,,
secciones_518,secciones,518,Sección 551,,false,false,,
secciones_490,secciones,490,Sección 523,,false,false,,
secciones_491,secciones,491,Sección 524,,false,false,,
secciones_492,secciones,492,Sección 525,,false,false,,
secciones_511,secciones,511,Sección 544,,false,false,,
secciones_512,secciones,512,Sección 545,,false,false,,
secciones_513,secciones,513,Sección 546,,false,false,,
secciones_514,secciones,514,Sección 547,,false,false,,
secciones_515,secciones,515,Sección 548,,false,false,,
secciones_493,secciones,493,Sección 526,,false,false,,
secciones_494,secciones,494,Sección 527,,false,false,,
secciones_495,secciones,495,Sección 528,,false,false,,
secciones_496,secciones,496,Sección 529,,false,false,,
secciones_497,secciones,497,Sección 530,,false,false,,
secciones_461,secciones,461,Sección 494,,false,false,,
secciones_462,secciones,462,Sección 495,,false,false,,
secciones_463,secciones,463,Sección 496,,false,false,,
secciones_464,secciones,464,Sección 497,,false,false,,
secciones_465,secciones,465,Sección 498,,false,false,,
secciones_466,secciones,466,Sección 499,,false,false,,
secciones_438,secciones,438,Sección 471,,false,false,,
secciones_439,secciones,439,Sección 472,,false,false,,
secciones_440,secciones,440,Sección 473,,false,false,,
secciones_441,secciones,441,Sección 474,,false,false,,
secciones_442,secciones,442,Sección 475,,false,false,,
secciones_443,secciones,443,Sección 476,,false,false,,
secciones_444,secciones,444,Sección 477,,false,false,,
secciones_445,secciones,445,Sección 478,,false,false,,
secciones_446,secciones,446,Sección 479,,false,false,,
secciones_457,secciones,457,Sección 490,,false,false,,
secciones_458,secciones,458,Sección 491,,false,false,,
secciones_459,secciones,459,Sección 492,,false,false,,
secciones_460,secciones,460,Sección 493,,false,false,,
secciones_503,secciones,503,Sección 536,,false,false,,
secciones_498,secciones,498,Sección 531,,false,false,,
secciones_499,secciones,499,Sección 532,,false,false,,
secciones_500,secciones,500,Sección 533,,false,false,,
secciones_501,secciones,501,Sección 534,,false,false,,
secciones_509,secciones,509,Sección 542,,false,false,,
secciones_510,secciones,510,Sección 543,,false,false,,
secciones_547,secciones,547,Sección 580,,false,false,,
secciones_548,secciones,548,Sección 581,,false,false,,
secciones_549,secciones,549,Sección 582,,false,false,,
secciones_554,secciones,554,Sección 587,,false,false,,
secciones_545,secciones,545,Sección 578,,false,false,,
secciones_546,secciones,546,Sección 579,,false,false,,
secciones_553,secciones,553,Sección 586,,false,false,,
secciones_555,secciones,555,Sección 588,,false,false,,
secciones_556,secciones,556,Sección 589,,false,false,,
secciones_569,secciones,569,Sección 602,,false,false,,
secciones_570,secciones,570,Sección 603,,false,false,,
secciones_571,secciones,571,Sección 604,,false,false,,
secciones_817,secciones,817,Sección 857,,false,false,,
secciones_818,secciones,818,Sección 858,,false,false,,
secciones_819,secciones,819,Sección 859,,false,false,,
secciones_820,secciones,820,Sección 860,,false,false,,
secciones_825,secciones,825,Sección 865,,false,false,,
secciones_821,secciones,821,Sección 861,,false,false,,
secciones_822,secciones,822,Sección 862,,false,false,,
secciones_823,secciones,823,Sección 863,,false,false,,
secciones_824,secciones,824,Sección 864,,false,false,,
secciones_828,secciones,828,Sección 868,,false,false,,
secciones_837,secciones,837,Sección 877,,false,false,,
secciones_829,secciones,829,Sección 869,,false,false,,
secciones_830,secciones,830,Sección 870,,false,false,,
secciones_838,secciones,838,Sección 878,,false,false,,
secciones_827,secciones,827,Sección 867,,false,false,,
secciones_831,secciones,831,Sección 871,,false,false,,
secciones_832,secciones,832,Sección 872,,false,false,,
secciones_836,secciones,836,Sección 876,,false,false,,
secciones_826,secciones,826,Sección 866,,false,false,,
secciones_833,secciones,833,Sección 873,,false,false,,
secciones_834,secciones,834,Sección 874,,false,false,,
secciones_835,secciones,835,Sección 875,,false,false,,
secciones_565,secciones,565,Sección 598,,false,false,,
secciones_566,secciones,566,Sección 599,,false,false,,
secciones_567,secciones,567,Sección 600,,false,false,,
secciones_568,secciones,568,Sección 601,,false,false,,
secciones_3148,secciones,3148,Sección 3297,,false,false,,
secciones_3219,secciones,3219,Sección 3368,,false,false,,
secciones_839,secciones,839,Sección 880,,false,false,,
secciones_3150,secciones,3150,Sección 3299,,false,false,,
secciones_3152,secciones,3152,Sección 3301,,false,false,,
secciones_3155,secciones,3155,Sección 3304,,false,false,,
secciones_560,secciones,560,Sección 593,,false,false,,
secciones_561,secciones,561,Sección 594,,false,false,,
secciones_562,secciones,562,Sección 595,,false,false,,
secciones_564,secciones,564,Sección 597,,false,false,,
secciones_557,secciones,557,Sección 590,,false,false,,
secciones_558,secciones,558,Sección 591,,false,false,,
secciones_559,secciones,559,Sección 592,,false,false,,
secciones_550,secciones,550,Sección 583,,false,false,,
secciones_551,secciones,551,Sección 584,,false,false,,
secciones_552,secciones,552,Sección 585,,false,false,,
secciones_508,secciones,508,Sección 541,,false,false,,
secciones_502,secciones,502,Sección 535,,false,false,,
secciones_507,secciones,507,Sección 540,,false,false,,
secciones_506,secciones,506,Sección 539,,false,false,,
secciones_454,secciones,454,Sección 487,,false,false,,
secciones_504,secciones,504,Sección 537,,false,false,,
secciones_505,secciones,505,Sección 538,,false,false,,
secciones_563,secciones,563,Sección 596,,false,false,,
secciones_3153,secciones,3153,Sección 3302,,false,false,,
secciones_3154,secciones,3154,Sección 3303,,false,false,,
secciones_3151,secciones,3151,Sección 3300,,false,false,,
secciones_3149,secciones,3149,Sección 3298,,false,false,,
secciones_3156,secciones,3156,Sección 3305,,false,false,,
secciones_3218,secciones,3218,Sección 3367,,false,false,,
secciones_3220,secciones,3220,Sección 3369,,false,false,,
secciones_850,secciones,850,Sección 899,,false,false,,
secciones_851,secciones,851,Sección 900,,false,false,,
secciones_852,secciones,852,Sección 901,,false,false,,
secciones_853,secciones,853,Sección 902,,false,false,,
secciones_854,secciones,854,Sección 903,,false,false,,
secciones_855,secciones,855,Sección 904,,false,false,,
secciones_856,secciones,856,Sección 905,,false,false,,
secciones_575,secciones,575,Sección 612,,false,false,,
secciones_576,secciones,576,Sección 614,,false,false,,
secciones_3139,secciones,3139,Sección 3288,,false,false,,
secciones_3142,secciones,3142,Sección 3291,,false,false,,
secciones_3143,secciones,3143,Sección 3292,,false,false,,
secciones_3144,secciones,3144,Sección 3293,,false,false,,
secciones_3145,secciones,3145,Sección 3294,,false,false,,
secciones_3146,secciones,3146,Sección 3295,,false,false,,
secciones_3147,secciones,3147,Sección 3296,,false,false,,
secciones_729,secciones,729,Sección 768,,false,false,,
secciones_751,secciones,751,Sección 790,,false,false,,
secciones_3067,secciones,3067,Sección 3216,,false,false,,
secciones_3068,secciones,3068,Sección 3217,,false,false,,
secciones_3070,secciones,3070,Sección 3219,,false,false,,
secciones_3071,secciones,3071,Sección 3220,,false,false,,
secciones_3066,secciones,3066,Sección 3215,,false,false,,
secciones_3105,secciones,3105,Sección 3254,,false,false,,
secciones_3108,secciones,3108,Sección 3257,,false,false,,
secciones_3109,secciones,3109,Sección 3258,,false,false,,
secciones_3110,secciones,3110,Sección 3259,,false,false,,
secciones_3111,secciones,3111,Sección 3260,,false,false,,
secciones_3112,secciones,3112,Sección 3261,,false,false,,
secciones_3113,secciones,3113,Sección 3262,,false,false,,
secciones_3093,secciones,3093,Sección 3242,,false,false,,
secciones_3094,secciones,3094,Sección 3243,,false,false,,
secciones_3100,secciones,3100,Sección 3249,,false,false,,
secciones_3101,secciones,3101,Sección 3250,,false,false,,
secciones_3104,secciones,3104,Sección 3253,,false,false,,
secciones_3090,secciones,3090,Sección 3239,,false,false,,
secciones_3096,secciones,3096,Sección 3245,,false,false,,
secciones_3091,secciones,3091,Sección 3240,,false,false,,
secciones_3092,secciones,3092,Sección 3241,,false,false,,
secciones_3098,secciones,3098,Sección 3247,,false,false,,
secciones_3099,secciones,3099,Sección 3248,,false,false,,
secciones_3102,secciones,3102,Sección 3251,,false,false,,
secciones_3103,secciones,3103,Sección 3252,,false,false,,
secciones_3079,secciones,3079,Sección 3228,,false,false,,
secciones_3085,secciones,3085,Sección 3234,,false,false,,
secciones_3086,secciones,3086,Sección 3235,,false,false,,
secciones_3087,secciones,3087,Sección 3236,,false,false,,
secciones_3088,secciones,3088,Sección 3237,,false,false,,
secciones_3089,secciones,3089,Sección 3238,,false,false,,
secciones_3078,secciones,3078,Sección 3227,,false,false,,
secciones_3082,secciones,3082,Sección 3231,,false,false,,
secciones_3083,secciones,3083,Sección 3232,,false,false,,
secciones_3072,secciones,3072,Sección 3221,,false,false,,
secciones_3074,secciones,3074,Sección 3223,,false,false,,
secciones_3076,secciones,3076,Sección 3225,,false,false,,
secciones_3073,secciones,3073,Sección 3222,,false,false,,
secciones_3075,secciones,3075,Sección 3224,,false,false,,
secciones_3080,secciones,3080,Sección 3229,,false,false,,
secciones_3081,secciones,3081,Sección 3230,,false,false,,
secciones_3168,secciones,3168,Sección 3317,,false,false,,
secciones_3169,secciones,3169,Sección 3318,,false,false,,
secciones_3170,secciones,3170,Sección 3319,,false,false,,
secciones_812,secciones,812,Sección 852,,false,false,,
secciones_3084,secciones,3084,Sección 3233,,false,false,,
secciones_3095,secciones,3095,Sección 3244,,false,false,,
secciones_3097,secciones,3097,Sección 3246,,false,false,,
secciones_816,secciones,816,Sección 856,,false,false,,
secciones_859,secciones,859,Sección 909,,false,false,,
secciones_3106,secciones,3106,Sección 3255,,false,false,,
secciones_3107,secciones,3107,Sección 3256,,false,false,,
secciones_3114,secciones,3114,Sección 3263,,false,false,,
secciones_815,secciones,815,Sección 855,,false,false,,
secciones_858,secciones,858,Sección 908,,false,false,,
secciones_811,secciones,811,Sección 851,,false,false,,
secciones_813,secciones,813,Sección 853,,false,false,,
secciones_814,secciones,814,Sección 854,,false,false,,
secciones_809,secciones,809,Sección 848,,false,false,,
secciones_810,secciones,810,Sección 850,,false,false,,
secciones_3077,secciones,3077,Sección 3226,,false,false,,
secciones_536,secciones,536,Sección 569,,false,false,,
secciones_537,secciones,537,Sección 570,,false,false,,
secciones_538,secciones,538,Sección 571,,false,false,,
secciones_539,secciones,539,Sección 572,,false,false,,
secciones_540,secciones,540,Sección 573,,false,false,,
secciones_544,secciones,544,Sección 577,,false,false,,
secciones_572,secciones,572,Sección 605,,false,false,,
secciones_573,secciones,573,Sección 606,,false,false,,
secciones_574,secciones,574,Sección 607,,false,false,,
secciones_541,secciones,541,Sección 574,,false,false,,
secciones_542,secciones,542,Sección 575,,false,false,,
secciones_543,secciones,543,Sección 576,,false,false,,
secciones_519,secciones,519,Sección 552,,false,false,,
secciones_520,secciones,520,Sección 553,,false,false,,
secciones_521,secciones,521,Sección 554,,false,false,,
secciones_522,secciones,522,Sección 555,,false,false,,
secciones_523,secciones,523,Sección 556,,false,false,,
secciones_479,secciones,479,Sección 512,,false,false,,
secciones_480,secciones,480,Sección 513,,false,false,,
secciones_481,secciones,481,Sección 514,,false,false,,
secciones_482,secciones,482,Sección 515,,false,false,,
secciones_483,secciones,483,Sección 516,,false,false,,
secciones_477,secciones,477,Sección 510,,false,false,,
secciones_478,secciones,478,Sección 511,,false,false,,
secciones_524,secciones,524,Sección 557,,false,false,,
secciones_525,secciones,525,Sección 558,,false,false,,
secciones_526,secciones,526,Sección 559,,false,false,,
secciones_527,secciones,527,Sección 560,,false,false,,
secciones_528,secciones,528,Sección 561,,false,false,,
secciones_476,secciones,476,Sección 509,,false,false,,
secciones_529,secciones,529,Sección 562,,false,false,,
secciones_530,secciones,530,Sección 563,,false,false,,
secciones_531,secciones,531,Sección 564,,false,false,,
secciones_532,secciones,532,Sección 565,,false,false,,
secciones_533,secciones,533,Sección 566,,false,false,,
secciones_534,secciones,534,Sección 567,,false,false,,
secciones_535,secciones,535,Sección 568,,false,false,,
secciones_841,secciones,841,Sección 886,,false,false,,
secciones_842,secciones,842,Sección 887,,false,false,,
secciones_844,secciones,844,Sección 890,,false,false,,
secciones_845,secciones,845,Sección 891,,false,false,,
secciones_846,secciones,846,Sección 892,,false,false,,
secciones_847,secciones,847,Sección 893,,false,false,,
secciones_848,secciones,848,Sección 894,,false,false,,
secciones_3115,secciones,3115,Sección 3264,,false,false,,
secciones_716,secciones,716,Sección 755,,false,false,,
secciones_717,secciones,717,Sección 756,,false,false,,
secciones_843,secciones,843,Sección 889,,false,false,,
secciones_3116,secciones,3116,Sección 3265,,false,false,,
secciones_3208,secciones,3208,Sección 3357,,false,false,,
secciones_3209,secciones,3209,Sección 3358,,false,false,,
secciones_3210,secciones,3210,Sección 3359,,false,false,,
secciones_3211,secciones,3211,Sección 3360,,false,false,,
secciones_3212,secciones,3212,Sección 3361,,false,false,,
secciones_3119,secciones,3119,Sección 3268,,false,false,,
secciones_3120,secciones,3120,Sección 3269,,false,false,,
secciones_3121,secciones,3121,Sección 3270,,false,false,,
secciones_3117,secciones,3117,Sección 3266,,false,false,,
secciones_3118,secciones,3118,Sección 3267,,false,false,,
secciones_3122,secciones,3122,Sección 3271,,false,false,,
secciones_3124,secciones,3124,Sección 3273,,false,false,,
secciones_3126,secciones,3126,Sección 3275,,false,false,,
secciones_3123,secciones,3123,Sección 3272,,false,false,,
secciones_3125,secciones,3125,Sección 3274,,false,false,,
secciones_3127,secciones,3127,Sección 3276,,false,false,,
secciones_3128,secciones,3128,Sección 3277,,false,false,,
secciones_3129,secciones,3129,Sección 3278,,false,false,,
secciones_3131,secciones,3131,Sección 3280,,false,false,,
secciones_849,secciones,849,Sección 898,,false,false,,
secciones_3065,secciones,3065,Sección 3214,,false,false,,
secciones_587,secciones,587,Sección 625,,false,false,,
secciones_603,secciones,603,Sección 641,,false,false,,
secciones_615,secciones,615,Sección 653,,false,false,,
secciones_715,secciones,715,Sección 754,,false,false,,
secciones_3216,secciones,3216,Sección 3365,,false,false,,
secciones_737,secciones,737,Sección 776,,false,false,,
secciones_766,secciones,766,Sección 805,,false,false,,
secciones_857,secciones,857,Sección 906,,false,false,,
secciones_784,secciones,784,Sección 823,,false,false,,
secciones_785,secciones,785,Sección 824,,false,false,,
secciones_786,secciones,786,Sección 825,,false,false,,
secciones_787,secciones,787,Sección 826,,false,false,,
secciones_788,secciones,788,Sección 827,,false,false,,
secciones_798,secciones,798,Sección 837,,false,false,,
secciones_797,secciones,797,Sección 836,,false,false,,
secciones_801,secciones,801,Sección 840,,false,false,,
secciones_802,secciones,802,Sección 841,,false,false,,
secciones_803,secciones,803,Sección 842,,false,false,,
secciones_799,secciones,799,Sección 838,,false,false,,
secciones_800,secciones,800,Sección 839,,false,false,,
secciones_805,secciones,805,Sección 844,,false,false,,
secciones_806,secciones,806,Sección 845,,false,false,,
secciones_807,secciones,807,Sección 846,,false,false,,
secciones_393,secciones,393,Sección 426,,false,false,,
secciones_395,secciones,395,Sección 428,,false,false,,
secciones_397,secciones,397,Sección 430,,false,false,,
secciones_398,secciones,398,Sección 431,,false,false,,
secciones_399,secciones,399,Sección 432,,false,false,,
secciones_400,secciones,400,Sección 433,,false,false,,
secciones_390,secciones,390,Sección 423,,false,false,,
secciones_391,secciones,391,Sección 424,,false,false,,
secciones_392,secciones,392,Sección 425,,false,false,,
secciones_394,secciones,394,Sección 427,,false,false,,
secciones_396,secciones,396,Sección 429,,false,false,,
secciones_382,secciones,382,Sección 415,,false,false,,
secciones_387,secciones,387,Sección 420,,false,false,,
secciones_388,secciones,388,Sección 421,,false,false,,
secciones_437,secciones,437,Sección 470,,false,false,,
secciones_383,secciones,383,Sección 416,,false,false,,
secciones_384,secciones,384,Sección 417,,false,false,,
secciones_385,secciones,385,Sección 418,,false,false,,
secciones_386,secciones,386,Sección 419,,false,false,,
secciones_389,secciones,389,Sección 422,,false,false,,
secciones_808,secciones,808,Sección 847,,false,false,,
secciones_377,secciones,377,Sección 410,,false,false,,
secciones_378,secciones,378,Sección 411,,false,false,,
secciones_379,secciones,379,Sección 412,,false,false,,
secciones_380,secciones,380,Sección 413,,false,false,,
secciones_381,secciones,381,Sección 414,,false,false,,
secciones_447,secciones,447,Sección 480,,false,false,,
secciones_448,secciones,448,Sección 481,,false,false,,
secciones_449,secciones,449,Sección 482,,false,false,,
secciones_450,secciones,450,Sección 483,,false,false,,
secciones_455,secciones,455,Sección 488,,false,false,,
secciones_456,secciones,456,Sección 489,,false,false,,
secciones_451,secciones,451,Sección 484,,false,false,,
secciones_452,secciones,452,Sección 485,,false,false,,
secciones_453,secciones,453,Sección 486,,false,false,,
secciones_371,secciones,371,Sección 404,,false,false,,
secciones_372,secciones,372,Sección 405,,false,false,,
secciones_373,secciones,373,Sección 406,,false,false,,
secciones_374,secciones,374,Sección 407,,false,false,,
secciones_375,secciones,375,Sección 408,,false,false,,
secciones_376,secciones,376,Sección 409,,false,false,,
secciones_369,secciones,369,Sección 402,,false,false,,
secciones_370,secciones,370,Sección 403,,false,false,,
secciones_840,secciones,840,Sección 885,,false,false,,
secciones_3217,secciones,3217,Sección 3366,,false,false,,
secciones_14,secciones,14,Sección 15,,false,false,,
secciones_15,secciones,15,Sección 16,,false,false,,
secciones_9,secciones,9,Sección 10,,false,false,,
secciones_10,secciones,10,Sección 11,,false,false,,
secciones_11,secciones,11,Sección 12,,false,false,,
secciones_12,secciones,12,Sección 13,,false,false,,
secciones_13,secciones,13,Sección 14,,false,false,,
secciones_1,secciones,1,Sección 1,,false,false,,
secciones_2,secciones,2,Sección 2,,false,false,,
secciones_3,secciones,3,Sección 3,,false,false,,
secciones_4,secciones,4,Sección 4,,false,false,,
secciones_5,secciones,5,Sección 5,,false,false,,
secciones_6,secciones,6,Sección 6,,false,false,,
secciones_7,secciones,7,Sección 7,,false,false,,
secciones_8,secciones,8,Sección 8,,false,false,,
secciones_28,secciones,28,Sección 30,,false,false,,
secciones_29,secciones,29,Sección 31,,false,false,,
secciones_30,secciones,30,Sección 32,,false,false,,
secciones_32,secciones,32,Sección 34,,false,false,,
secciones_33,secciones,33,Sección 35,,false,false,,
secciones_34,secciones,34,Sección 36,,false,false,,
secciones_35,secciones,35,Sección 37,,false,false,,
secciones_3069,secciones,3069,Sección 3218,,false,false,,
secciones_16,secciones,16,Sección 17,,false,false,,
secciones_31,secciones,31,Sección 33,,false,false,,
secciones_17,secciones,17,Sección 18,,false,false,,
secciones_18,secciones,18,Sección 19,,false,false,,
secciones_19,secciones,19,Sección 20,,false,false,,
secciones_20,secciones,20,Sección 21,,false,false,,
secciones_21,secciones,21,Sección 22,,false,false,,
secciones_22,secciones,22,Sección 23,,false,false,,
secciones_23,secciones,23,Sección 24,,false,false,,
secciones_24,secciones,24,Sección 25,,false,false,,
secciones_25,secciones,25,Sección 26,,false,false,,
secciones_26,secciones,26,Sección 27,,false,false,,
secciones_27,secciones,27,Sección 28,,false,false,,
secciones_40,secciones,40,Sección 43,,false,false,,
secciones_41,secciones,41,Sección 46,,false,false,,
secciones_42,secciones,42,Sección 47,,false,false,,
secciones_43,secciones,43,Sección 48,,false,false,,
secciones_44,secciones,44,Sección 49,,false,false,,
secciones_46,secciones,46,Sección 51,,false,false,,
secciones_47,secciones,47,Sección 52,,false,false,,
secciones_48,secciones,48,Sección 53,,false,false,,
secciones_49,secciones,49,Sección 54,,false,false,,
secciones_45,secciones,45,Sección 50,,false,false,,
secciones_50,secciones,50,Sección 55,,false,false,,
secciones_36,secciones,36,Sección 38,,false,false,,
secciones_37,secciones,37,Sección 39,,false,false,,
secciones_38,secciones,38,Sección 40,,false,false,,
secciones_39,secciones,39,Sección 41,,false,false,,
secciones_52,secciones,52,Sección 57,,false,false,,
secciones_51,secciones,51,Sección 56,,false,false,,
secciones_3191,secciones,3191,Sección 3340,,false,false,,
secciones_3189,secciones,3189,Sección 3338,,false,false,,
secciones_3193,secciones,3193,Sección 3342,,false,false,,
secciones_3194,secciones,3194,Sección 3343,,false,false,,
secciones_3188,secciones,3188,Sección 3337,,false,false,,
secciones_3190,secciones,3190,Sección 3339,,false,false,,
secciones_3192,secciones,3192,Sección 3341,,false,false,,
secciones_65,secciones,65,Sección 72,,false,false,,
secciones_66,secciones,66,Sección 73,,false,false,,
secciones_67,secciones,67,Sección 74,,false,false,,
secciones_68,secciones,68,Sección 75,,false,false,,
secciones_69,secciones,69,Sección 76,,false,false,,
secciones_55,secciones,55,Sección 62,,false,false,,
secciones_56,secciones,56,Sección 63,,false,false,,
secciones_70,secciones,70,Sección 78,,false,false,,
secciones_71,secciones,71,Sección 79,,false,false,,
secciones_72,secciones,72,Sección 80,,false,false,,
secciones_54,secciones,54,Sección 61,,false,false,,
secciones_73,secciones,73,Sección 81,,false,false,,
secciones_53,secciones,53,Sección 60,,false,false,,
secciones_57,secciones,57,Sección 64,,false,false,,
secciones_58,secciones,58,Sección 65,,false,false,,
secciones_61,secciones,61,Sección 68,,false,false,,
secciones_59,secciones,59,Sección 66,,false,false,,
secciones_60,secciones,60,Sección 67,,false,false,,
secciones_62,secciones,62,Sección 69,,false,false,,
secciones_63,secciones,63,Sección 70,,false,false,,
secciones_64,secciones,64,Sección 71,,false,false,,
secciones_75,secciones,75,Sección 83,,false,false,,
secciones_86,secciones,86,Sección 97,,false,false,,
secciones_87,secciones,87,Sección 98,,false,false,,
secciones_89,secciones,89,Sección 100,,false,false,,
secciones_74,secciones,74,Sección 82,,false,false,,
secciones_88,secciones,88,Sección 99,,false,false,,
secciones_79,secciones,79,Sección 88,,false,false,,
secciones_80,secciones,80,Sección 89,,false,false,,
secciones_82,secciones,82,Sección 91,,false,false,,
secciones_83,secciones,83,Sección 92,,false,false,,
secciones_84,secciones,84,Sección 94,,false,false,,
secciones_85,secciones,85,Sección 95,,false,false,,
secciones_78,secciones,78,Sección 87,,false,false,,
secciones_76,secciones,76,Sección 84,,false,false,,
secciones_77,secciones,77,Sección 85,,false,false,,
secciones_81,secciones,81,Sección 90,,false,false,,
secciones_90,secciones,90,Sección 101,,false,false,,
secciones_93,secciones,93,Sección 104,,false,false,,
secciones_94,secciones,94,Sección 105,,false,false,,
secciones_95,secciones,95,Sección 106,,false,false,,
secciones_98,secciones,98,Sección 109,,false,false,,
secciones_99,secciones,99,Sección 110,,false,false,,
secciones_100,secciones,100,Sección 111,,false,false,,
secciones_101,secciones,101,Sección 112,,false,false,,
secciones_102,secciones,102,Sección 113,,false,false,,
secciones_103,secciones,103,Sección 114,,false,false,,
secciones_104,secciones,104,Sección 115,,false,false,,
secciones_92,secciones,92,Sección 103,,false,false,,
secciones_97,secciones,97,Sección 108,,false,false,,
secciones_91,secciones,91,Sección 102,,false,false,,
secciones_96,secciones,96,Sección 107,,false,false,,
secciones_111,secciones,111,Sección 122,,false,false,,
secciones_112,secciones,112,Sección 123,,false,false,,
secciones_113,secciones,113,Sección 124,,false,false,,
secciones_114,secciones,114,Sección 125,,false,false,,
secciones_115,secciones,115,Sección 126,,false,false,,
secciones_105,secciones,105,Sección 116,,false,false,,
secciones_106,secciones,106,Sección 117,,false,false,,
secciones_109,secciones,109,Sección 120,,false,false,,
secciones_107,secciones,107,Sección 118,,false,false,,
secciones_108,secciones,108,Sección 119,,false,false,,
secciones_110,secciones,110,Sección 121,,false,false,,
secciones_119,secciones,119,Sección 130,,false,false,,
secciones_120,secciones,120,Sección 131,,false,false,,
secciones_128,secciones,128,Sección 139,,false,false,,
secciones_129,secciones,129,Sección 140,,false,false,,
secciones_118,secciones,118,Sección 129,,false,false,,
secciones_121,secciones,121,Sección 132,,false,false,,
secciones_127,secciones,127,Sección 138,,false,false,,
secciones_122,secciones,122,Sección 133,,false,false,,
secciones_123,secciones,123,Sección 134,,false,false,,
secciones_116,secciones,116,Sección 127,,false,false,,
secciones_117,secciones,117,Sección 128,,false,false,,
secciones_130,secciones,130,Sección 141,,false,false,,
secciones_131,secciones,131,Sección 142,,false,false,,
secciones_132,secciones,132,Sección 143,,false,false,,
secciones_133,secciones,133,Sección 144,,false,false,,
secciones_134,secciones,134,Sección 145,,false,false,,
secciones_135,secciones,135,Sección 146,,false,false,,
secciones_124,secciones,124,Sección 135,,false,false,,
secciones_125,secciones,125,Sección 136,,false,false,,
secciones_126,secciones,126,Sección 137,,false,false,,
secciones_136,secciones,136,Sección 147,,false,false,,
secciones_137,secciones,137,Sección 148,,false,false,,
secciones_149,secciones,149,Sección 160,,false,false,,
secciones_150,secciones,150,Sección 161,,false,false,,
secciones_151,secciones,151,Sección 162,,false,false,,
secciones_158,secciones,158,Sección 169,,false,false,,
secciones_159,secciones,159,Sección 170,,false,false,,
secciones_146,secciones,146,Sección 157,,false,false,,
secciones_147,secciones,147,Sección 158,,false,false,,
secciones_148,secciones,148,Sección 159,,false,false,,
secciones_156,secciones,156,Sección 167,,false,false,,
secciones_157,secciones,157,Sección 168,,false,false,,
secciones_160,secciones,160,Sección 171,,false,false,,
secciones_163,secciones,163,Sección 174,,false,false,,
secciones_152,secciones,152,Sección 163,,false,false,,
secciones_154,secciones,154,Sección 165,,false,false,,
secciones_155,secciones,155,Sección 166,,false,false,,
secciones_161,secciones,161,Sección 172,,false,false,,
secciones_162,secciones,162,Sección 173,,false,false,,
secciones_153,secciones,153,Sección 164,,false,false,,
secciones_138,secciones,138,Sección 149,,false,false,,
secciones_139,secciones,139,Sección 150,,false,false,,
secciones_140,secciones,140,Sección 151,,false,false,,
secciones_141,secciones,141,Sección 152,,false,false,,
secciones_142,secciones,142,Sección 153,,false,false,,
secciones_143,secciones,143,Sección 154,,false,false,,
secciones_144,secciones,144,Sección 155,,false,false,,
secciones_145,secciones,145,Sección 156,,false,false,,
secciones_196,secciones,196,Sección 207,,false,false,,
secciones_197,secciones,197,Sección 208,,false,false,,
secciones_198,secciones,198,Sección 209,,false,false,,
secciones_164,secciones,164,Sección 175,,false,false,,
secciones_165,secciones,165,Sección 176,,false,false,,
secciones_166,secciones,166,Sección 177,,false,false,,
secciones_167,secciones,167,Sección 178,,false,false,,
secciones_168,secciones,168,Sección 179,,false,false,,
secciones_169,secciones,169,Sección 180,,false,false,,
secciones_200,secciones,200,Sección 215,,false,false,,
secciones_173,secciones,173,Sección 184,,false,false,,
secciones_174,secciones,174,Sección 185,,false,false,,
secciones_175,secciones,175,Sección 186,,false,false,,
secciones_187,secciones,187,Sección 198,,false,false,,
secciones_188,secciones,188,Sección 199,,false,false,,
secciones_201,secciones,201,Sección 216,,false,false,,
secciones_202,secciones,202,Sección 217,,false,false,,
secciones_178,secciones,178,Sección 189,,false,false,,
secciones_179,secciones,179,Sección 190,,false,false,,
secciones_182,secciones,182,Sección 193,,false,false,,
secciones_176,secciones,176,Sección 187,,false,false,,
secciones_184,secciones,184,Sección 195,,false,false,,
secciones_185,secciones,185,Sección 196,,false,false,,
secciones_186,secciones,186,Sección 197,,false,false,,
secciones_199,secciones,199,Sección 214,,false,false,,
secciones_180,secciones,180,Sección 191,,false,false,,
secciones_195,secciones,195,Sección 206,,false,false,,
secciones_203,secciones,203,Sección 218,,false,false,,
secciones_204,secciones,204,Sección 219,,false,false,,
secciones_205,secciones,205,Sección 220,,false,false,,
secciones_181,secciones,181,Sección 192,,false,false,,
secciones_194,secciones,194,Sección 205,,false,false,,
secciones_177,secciones,177,Sección 188,,false,false,,
secciones_183,secciones,183,Sección 194,,false,false,,
secciones_189,secciones,189,Sección 200,,false,false,,
secciones_190,secciones,190,Sección 201,,false,false,,
secciones_191,secciones,191,Sección 202,,false,false,,
secciones_192,secciones,192,Sección 203,,false,false,,
secciones_193,secciones,193,Sección 204,,false,false,,
secciones_170,secciones,170,Sección 181,,false,false,,
secciones_171,secciones,171,Sección 182,,false,false,,
secciones_172,secciones,172,Sección 183,,false,false,,
secciones_207,secciones,207,Sección 222,,false,false,,
secciones_215,secciones,215,Sección 232,,false,false,,
secciones_216,secciones,216,Sección 233,,false,false,,
secciones_217,secciones,217,Sección 234,,false,false,,
secciones_218,secciones,218,Sección 235,,false,false,,
secciones_219,secciones,219,Sección 236,,false,false,,
secciones_220,secciones,220,Sección 237,,false,false,,
secciones_206,secciones,206,Sección 221,,false,false,,
secciones_213,secciones,213,Sección 229,,false,false,,
secciones_214,secciones,214,Sección 231,,false,false,,
secciones_208,secciones,208,Sección 223,,false,false,,
secciones_209,secciones,209,Sección 224,,false,false,,
secciones_210,secciones,210,Sección 225,,false,false,,
secciones_211,secciones,211,Sección 226,,false,false,,
secciones_212,secciones,212,Sección 227,,false,false,,
secciones_229,secciones,229,Sección 248,,false,false,,
secciones_230,secciones,230,Sección 249,,false,false,,
secciones_231,secciones,231,Sección 250,,false,false,,
secciones_232,secciones,232,Sección 251,,false,false,,
secciones_233,secciones,233,Sección 252,,false,false,,
secciones_227,secciones,227,Sección 244,,false,false,,
secciones_228,secciones,228,Sección 245,,false,false,,
secciones_221,secciones,221,Sección 238,,false,false,,
secciones_224,secciones,224,Sección 241,,false,false,,
secciones_225,secciones,225,Sección 242,,false,false,,
secciones_226,secciones,226,Sección 243,,false,false,,
secciones_222,secciones,222,Sección 239,,false,false,,
secciones_223,secciones,223,Sección 240,,false,false,,
secciones_234,secciones,234,Sección 253,,false,false,,
secciones_237,secciones,237,Sección 257,,false,false,,
secciones_238,secciones,238,Sección 258,,false,false,,
secciones_239,secciones,239,Sección 260,,false,false,,
secciones_235,secciones,235,Sección 254,,false,false,,
secciones_236,secciones,236,Sección 256,,false,false,,
secciones_240,secciones,240,Sección 261,,false,false,,
secciones_241,secciones,241,Sección 263,,false,false,,
secciones_242,secciones,242,Sección 264,,false,false,,
secciones_243,secciones,243,Sección 265,,false,false,,
secciones_245,secciones,245,Sección 267,,false,false,,
secciones_246,secciones,246,Sección 268,,false,false,,
secciones_244,secciones,244,Sección 266,,false,false,,
secciones_247,secciones,247,Sección 269,,false,false,,
secciones_248,secciones,248,Sección 270,,false,false,,
secciones_321,secciones,321,Sección 345,,false,false,,
secciones_326,secciones,326,Sección 350,,false,false,,
secciones_327,secciones,327,Sección 351,,false,false,,
secciones_328,secciones,328,Sección 353,,false,false,,
secciones_319,secciones,319,Sección 343,,false,false,,
secciones_320,secciones,320,Sección 344,,false,false,,
secciones_322,secciones,322,Sección 346,,false,false,,
secciones_323,secciones,323,Sección 347,,false,false,,
secciones_324,secciones,324,Sección 348,,false,false,,
secciones_325,secciones,325,Sección 349,,false,false,,
secciones_339,secciones,339,Sección 368,,false,false,,
secciones_343,secciones,343,Sección 374,,false,false,,
secciones_344,secciones,344,Sección 375,,false,false,,
secciones_345,secciones,345,Sección 376,,false,false,,
secciones_346,secciones,346,Sección 377,,false,false,,
secciones_347,secciones,347,Sección 378,,false,false,,
secciones_348,secciones,348,Sección 379,,false,false,,
secciones_349,secciones,349,Sección 380,,false,false,,
secciones_350,secciones,350,Sección 381,,false,false,,
secciones_351,secciones,351,Sección 382,,false,false,,
secciones_329,secciones,329,Sección 355,,false,false,,
secciones_330,secciones,330,Sección 356,,false,false,,
secciones_331,secciones,331,Sección 358,,false,false,,
secciones_332,secciones,332,Sección 359,,false,false,,
secciones_317,secciones,317,Sección 341,,false,false,,
secciones_318,secciones,318,Sección 342,,false,false,,
secciones_333,secciones,333,Sección 361,,false,false,,
secciones_334,secciones,334,Sección 362,,false,false,,
secciones_335,secciones,335,Sección 363,,false,false,,
secciones_337,secciones,337,Sección 365,,false,false,,
secciones_338,secciones,338,Sección 367,,false,false,,
secciones_340,secciones,340,Sección 369,,false,false,,
secciones_249,secciones,249,Sección 271,,false,false,,
secciones_250,secciones,250,Sección 272,,false,false,,
secciones_336,secciones,336,Sección 364,,false,false,,
secciones_341,secciones,341,Sección 370,,false,false,,
secciones_342,secciones,342,Sección 373,,false,false,,
secciones_353,secciones,353,Sección 384,,false,false,,
secciones_354,secciones,354,Sección 385,,false,false,,
secciones_355,secciones,355,Sección 386,,false,false,,
secciones_352,secciones,352,Sección 383,,false,false,,
secciones_262,secciones,262,Sección 284,,false,false,,
secciones_283,secciones,283,Sección 307,,false,false,,
secciones_284,secciones,284,Sección 308,,false,false,,
secciones_296,secciones,296,Sección 320,,false,false,,
secciones_297,secciones,297,Sección 321,,false,false,,
secciones_298,secciones,298,Sección 322,,false,false,,
secciones_299,secciones,299,Sección 323,,false,false,,
secciones_300,secciones,300,Sección 324,,false,false,,
secciones_282,secciones,282,Sección 305,,false,false,,
secciones_3166,secciones,3166,Sección 3315,,false,false,,
secciones_3167,secciones,3167,Sección 3316,,false,false,,
secciones_261,secciones,261,Sección 283,,false,false,,
secciones_267,secciones,267,Sección 289,,false,false,,
secciones_268,secciones,268,Sección 290,,false,false,,
secciones_269,secciones,269,Sección 291,,false,false,,
secciones_276,secciones,276,Sección 299,,false,false,,
secciones_277,secciones,277,Sección 300,,false,false,,
secciones_278,secciones,278,Sección 301,,false,false,,
secciones_279,secciones,279,Sección 302,,false,false,,
secciones_280,secciones,280,Sección 303,,false,false,,
secciones_281,secciones,281,Sección 304,,false,false,,
secciones_285,secciones,285,Sección 309,,false,false,,
secciones_294,secciones,294,Sección 318,,false,false,,
secciones_295,secciones,295,Sección 319,,false,false,,
secciones_286,secciones,286,Sección 310,,false,false,,
secciones_287,secciones,287,Sección 311,,false,false,,
secciones_301,secciones,301,Sección 325,,false,false,,
secciones_309,secciones,309,Sección 333,,false,false,,
secciones_251,secciones,251,Sección 273,,false,false,,
secciones_252,secciones,252,Sección 274,,false,false,,
secciones_253,secciones,253,Sección 275,,false,false,,
secciones_255,secciones,255,Sección 277,,false,false,,
secciones_254,secciones,254,Sección 276,,false,false,,
secciones_257,secciones,257,Sección 279,,false,false,,
secciones_3205,secciones,3205,Sección 3354,,false,false,,
secciones_3206,secciones,3206,Sección 3355,,false,false,,
secciones_263,secciones,263,Sección 285,,false,false,,
secciones_264,secciones,264,Sección 286,,false,false,,
secciones_265,secciones,265,Sección 287,,false,false,,
secciones_274,secciones,274,Sección 296,,false,false,,
secciones_3203,secciones,3203,Sección 3352,,false,false,,
secciones_3204,secciones,3204,Sección 3353,,false,false,,
secciones_258,secciones,258,Sección 280,,false,false,,
secciones_266,secciones,266,Sección 288,,false,false,,
secciones_3202,secciones,3202,Sección 3351,,false,false,,
secciones_292,secciones,292,Sección 316,,false,false,,
secciones_305,secciones,305,Sección 329,,false,false,,
secciones_306,secciones,306,Sección 330,,false,false,,
secciones_312,secciones,312,Sección 336,,false,false,,
secciones_313,secciones,313,Sección 337,,false,false,,
secciones_314,secciones,314,Sección 338,,false,false,,
secciones_315,secciones,315,Sección 339,,false,false,,
secciones_316,secciones,316,Sección 340,,false,false,,
secciones_288,secciones,288,Sección 312,,false,false,,
secciones_308,secciones,308,Sección 332,,false,false,,
secciones_307,secciones,307,Sección 331,,false,false,,
secciones_310,secciones,310,Sección 334,,false,false,,
secciones_311,secciones,311,Sección 335,,false,false,,
secciones_302,secciones,302,Sección 326,,false,false,,
secciones_303,secciones,303,Sección 327,,false,false,,
secciones_304,secciones,304,Sección 328,,false,false,,
secciones_289,secciones,289,Sección 313,,false,false,,
secciones_290,secciones,290,Sección 314,,false,false,,
secciones_291,secciones,291,Sección 315,,false,false,,
secciones_293,secciones,293,Sección 317,,false,false,,
secciones_270,secciones,270,Sección 292,,false,false,,
secciones_271,secciones,271,Sección 293,,false,false,,
secciones_272,secciones,272,Sección 294,,false,false,,
secciones_273,secciones,273,Sección 295,,false,false,,
secciones_275,secciones,275,Sección 298,,false,false,,
secciones_256,secciones,256,Sección 278,,false,false,,
secciones_259,secciones,259,Sección 281,,false,false,,
secciones_260,secciones,260,Sección 282,,false,false,,
secciones_3207,secciones,3207,Sección 3356,,false,false,,
secciones_362,secciones,362,Sección 395,,false,false,,
secciones_357,secciones,357,Sección 389,,false,false,,
secciones_361,secciones,361,Sección 394,,false,false,,
secciones_363,secciones,363,Sección 396,,false,false,,
secciones_366,secciones,366,Sección 399,,false,false,,
secciones_367,secciones,367,Sección 400,,false,false,,
secciones_360,secciones,360,Sección 393,,false,false,,
secciones_364,secciones,364,Sección 397,,false,false,,
secciones_368,secciones,368,Sección 401,,false,false,,
secciones_356,secciones,356,Sección 388,,false,false,,
secciones_365,secciones,365,Sección 398,,false,false,,
secciones_358,secciones,358,Sección 390,,false,false,,
secciones_359,secciones,359,Sección 391,,false,false,,
secciones_867,secciones,867,Sección 918,,false,false,,
secciones_868,secciones,868,Sección 919,,false,false,,
secciones_861,secciones,861,Sección 912,,false,false,,
secciones_864,secciones,864,Sección 915,,false,false,,
secciones_866,secciones,866,Sección 917,,false,false,,
secciones_862,secciones,862,Sección 913,,false,false,,
secciones_865,secciones,865,Sección 916,,false,false,,
secciones_863,secciones,863,Sección 914,,false,false,,
secciones_907,secciones,907,Sección 959,,false,false,,
secciones_908,secciones,908,Sección 960,,false,false,,
secciones_909,secciones,909,Sección 961,,false,false,,
secciones_897,secciones,897,Sección 949,,false,false,,
secciones_898,secciones,898,Sección 950,,false,false,,
secciones_902,secciones,902,Sección 954,,false,false,,
secciones_903,secciones,903,Sección 955,,false,false,,
secciones_910,secciones,910,Sección 962,,false,false,,
secciones_912,secciones,912,Sección 964,,false,false,,
secciones_913,secciones,913,Sección 965,,false,false,,
secciones_896,secciones,896,Sección 948,,false,false,,
secciones_906,secciones,906,Sección 958,,false,false,,
secciones_917,secciones,917,Sección 969,,false,false,,
secciones_889,secciones,889,Sección 941,,false,false,,
secciones_890,secciones,890,Sección 942,,false,false,,
secciones_891,secciones,891,Sección 943,,false,false,,
secciones_885,secciones,885,Sección 937,,false,false,,
secciones_886,secciones,886,Sección 938,,false,false,,
secciones_887,secciones,887,Sección 939,,false,false,,
secciones_888,secciones,888,Sección 940,,false,false,,
secciones_875,secciones,875,Sección 927,,false,false,,
secciones_876,secciones,876,Sección 928,,false,false,,
secciones_877,secciones,877,Sección 929,,false,false,,
secciones_878,secciones,878,Sección 930,,false,false,,
secciones_869,secciones,869,Sección 921,,false,false,,
secciones_870,secciones,870,Sección 922,,false,false,,
secciones_871,secciones,871,Sección 923,,false,false,,
secciones_872,secciones,872,Sección 924,,false,false,,
secciones_873,secciones,873,Sección 925,,false,false,,
secciones_874,secciones,874,Sección 926,,false,false,,
secciones_880,secciones,880,Sección 932,,false,false,,
secciones_881,secciones,881,Sección 933,,false,false,,
secciones_882,secciones,882,Sección 934,,false,false,,
secciones_883,secciones,883,Sección 935,,false,false,,
secciones_892,secciones,892,Sección 944,,false,false,,
secciones_894,secciones,894,Sección 946,,false,false,,
secciones_895,secciones,895,Sección 947,,false,false,,
secciones_905,secciones,905,Sección 957,,false,false,,
secciones_893,secciones,893,Sección 945,,false,false,,
secciones_956,secciones,956,Sección 1009,,false,false,,
secciones_957,secciones,957,Sección 1010,,false,false,,
secciones_958,secciones,958,Sección 1011,,false,false,,
secciones_959,secciones,959,Sección 1012,,false,false,,
secciones_960,secciones,960,Sección 1013,,false,false,,
secciones_961,secciones,961,Sección 1014,,false,false,,
secciones_962,secciones,962,Sección 1015,,false,false,,
secciones_963,secciones,963,Sección 1016,,false,false,,
secciones_964,secciones,964,Sección 1017,,false,false,,
secciones_965,secciones,965,Sección 1018,,false,false,,
secciones_966,secciones,966,Sección 1019,,false,false,,
secciones_967,secciones,967,Sección 1020,,false,false,,
secciones_968,secciones,968,Sección 1021,,false,false,,
secciones_969,secciones,969,Sección 1022,,false,false,,
secciones_972,secciones,972,Sección 1026,,false,false,,
secciones_975,secciones,975,Sección 1029,,false,false,,
secciones_976,secciones,976,Sección 1030,,false,false,,
secciones_879,secciones,879,Sección 931,,false,false,,
secciones_884,secciones,884,Sección 936,,false,false,,
secciones_899,secciones,899,Sección 951,,false,false,,
secciones_900,secciones,900,Sección 952,,false,false,,
secciones_901,secciones,901,Sección 953,,false,false,,
secciones_911,secciones,911,Sección 963,,false,false,,
secciones_918,secciones,918,Sección 970,,false,false,,
secciones_919,secciones,919,Sección 971,,false,false,,
secciones_920,secciones,920,Sección 973,,false,false,,
secciones_921,secciones,921,Sección 974,,false,false,,
secciones_922,secciones,922,Sección 975,,false,false,,
secciones_923,secciones,923,Sección 976,,false,false,,
secciones_925,secciones,925,Sección 978,,false,false,,
secciones_928,secciones,928,Sección 981,,false,false,,
secciones_929,secciones,929,Sección 982,,false,false,,
secciones_971,secciones,971,Sección 1024,,false,false,,
secciones_973,secciones,973,Sección 1027,,false,false,,
secciones_974,secciones,974,Sección 1028,,false,false,,
secciones_953,secciones,953,Sección 1006,,false,false,,
secciones_3135,secciones,3135,Sección 3284,,false,false,,
secciones_936,secciones,936,Sección 989,,false,false,,
secciones_942,secciones,942,Sección 995,,false,false,,
secciones_943,secciones,943,Sección 996,,false,false,,
secciones_949,secciones,949,Sección 1002,,false,false,,
secciones_926,secciones,926,Sección 979,,false,false,,
secciones_927,secciones,927,Sección 980,,false,false,,
secciones_935,secciones,935,Sección 988,,false,false,,
secciones_937,secciones,937,Sección 990,,false,false,,
secciones_941,secciones,941,Sección 994,,false,false,,
secciones_944,secciones,944,Sección 997,,false,false,,
secciones_933,secciones,933,Sección 986,,false,false,,
secciones_934,secciones,934,Sección 987,,false,false,,
secciones_939,secciones,939,Sección 992,,false,false,,
secciones_940,secciones,940,Sección 993,,false,false,,
secciones_947,secciones,947,Sección 1000,,false,false,,
secciones_946,secciones,946,Sección 999,,false,false,,
secciones_950,secciones,950,Sección 1003,,false,false,,
secciones_951,secciones,951,Sección 1004,,false,false,,
secciones_952,secciones,952,Sección 1005,,false,false,,
secciones_948,secciones,948,Sección 1001,,false,false,,
secciones_954,secciones,954,Sección 1007,,false,false,,
secciones_955,secciones,955,Sección 1008,,false,false,,
secciones_931,secciones,931,Sección 984,,false,false,,
secciones_932,secciones,932,Sección 985,,false,false,,
secciones_938,secciones,938,Sección 991,,false,false,,
secciones_945,secciones,945,Sección 998,,false,false,,
secciones_916,secciones,916,Sección 968,,false,false,,
secciones_924,secciones,924,Sección 977,,false,false,,
secciones_930,secciones,930,Sección 983,,false,false,,
secciones_970,secciones,970,Sección 1023,,false,false,,
secciones_904,secciones,904,Sección 956,,false,false,,
secciones_914,secciones,914,Sección 966,,false,false,,
secciones_915,secciones,915,Sección 967,,false,false,,
secciones_3133,secciones,3133,Sección 3282,,false,false,,
secciones_3134,secciones,3134,Sección 3283,,false,false,,
secciones_983,secciones,983,Sección 1039,,false,false,,
secciones_984,secciones,984,Sección 1041,,false,false,,
secciones_978,secciones,978,Sección 1032,,false,false,,
secciones_979,secciones,979,Sección 1033,,false,false,,
secciones_982,secciones,982,Sección 1036,,false,false,,
secciones_977,secciones,977,Sección 1031,,false,false,,
secciones_980,secciones,980,Sección 1034,,false,false,,
secciones_981,secciones,981,Sección 1035,,false,false,,
secciones_985,secciones,985,Sección 1042,,false,false,,
secciones_986,secciones,986,Sección 1044,,false,false,,
secciones_987,secciones,987,Sección 1045,,false,false,,
secciones_991,secciones,991,Sección 1049,,false,false,,
secciones_992,secciones,992,Sección 1050,,false,false,,
secciones_988,secciones,988,Sección 1046,,false,false,,
secciones_989,secciones,989,Sección 1047,,false,false,,
secciones_990,secciones,990,Sección 1048,,false,false,,
secciones_993,secciones,993,Sección 1051,,false,false,,
secciones_994,secciones,994,Sección 1052,,false,false,,
secciones_1009,secciones,1009,Sección 1067,,false,false,,
secciones_1007,secciones,1007,Sección 1065,,false,false,,
secciones_1008,secciones,1008,Sección 1066,,false,false,,
secciones_1002,secciones,1002,Sección 1060,,false,false,,
secciones_1003,secciones,1003,Sección 1061,,false,false,,
secciones_998,secciones,998,Sección 1056,,false,false,,
secciones_999,secciones,999,Sección 1057,,false,false,,
secciones_1000,secciones,1000,Sección 1058,,false,false,,
secciones_1001,secciones,1001,Sección 1059,,false,false,,
secciones_995,secciones,995,Sección 1053,,false,false,,
secciones_996,secciones,996,Sección 1054,,false,false,,
secciones_997,secciones,997,Sección 1055,,false,false,,
secciones_1004,secciones,1004,Sección 1062,,false,false,,
secciones_1005,secciones,1005,Sección 1063,,false,false,,
secciones_1006,secciones,1006,Sección 1064,,false,false,,
secciones_1019,secciones,1019,Sección 1078,,false,false,,
secciones_1020,secciones,1020,Sección 1079,,false,false,,
secciones_1010,secciones,1010,Sección 1069,,false,false,,
secciones_1011,secciones,1011,Sección 1070,,false,false,,
secciones_1021,secciones,1021,Sección 1080,,false,false,,
secciones_1022,secciones,1022,Sección 1081,,false,false,,
secciones_1012,secciones,1012,Sección 1071,,false,false,,
secciones_1013,secciones,1013,Sección 1072,,false,false,,
secciones_1014,secciones,1014,Sección 1073,,false,false,,
secciones_1015,secciones,1015,Sección 1074,,false,false,,
secciones_1016,secciones,1016,Sección 1075,,false,false,,
secciones_1017,secciones,1017,Sección 1076,,false,false,,
secciones_1018,secciones,1018,Sección 1077,,false,false,,
secciones_1033,secciones,1033,Sección 1092,,false,false,,
secciones_1036,secciones,1036,Sección 1095,,false,false,,
secciones_1034,secciones,1034,Sección 1093,,false,false,,
secciones_1035,secciones,1035,Sección 1094,,false,false,,
secciones_1038,secciones,1038,Sección 1097,,false,false,,
secciones_1040,secciones,1040,Sección 1099,,false,false,,
secciones_1041,secciones,1041,Sección 1100,,false,false,,
secciones_1043,secciones,1043,Sección 1102,,false,false,,
secciones_1045,secciones,1045,Sección 1104,,false,false,,
secciones_1046,secciones,1046,Sección 1105,,false,false,,
secciones_1047,secciones,1047,Sección 1106,,false,false,,
secciones_1037,secciones,1037,Sección 1096,,false,false,,
secciones_1039,secciones,1039,Sección 1098,,false,false,,
secciones_1042,secciones,1042,Sección 1101,,false,false,,
secciones_1044,secciones,1044,Sección 1103,,false,false,,
secciones_1048,secciones,1048,Sección 1107,,false,false,,
secciones_1049,secciones,1049,Sección 1108,,false,false,,
secciones_1051,secciones,1051,Sección 1110,,false,false,,
secciones_1054,secciones,1054,Sección 1113,,false,false,,
secciones_1057,secciones,1057,Sección 1116,,false,false,,
secciones_1058,secciones,1058,Sección 1117,,false,false,,
secciones_1059,secciones,1059,Sección 1118,,false,false,,
secciones_1063,secciones,1063,Sección 1123,,false,false,,
secciones_1032,secciones,1032,Sección 1091,,false,false,,
secciones_1023,secciones,1023,Sección 1082,,false,false,,
secciones_1024,secciones,1024,Sección 1083,,false,false,,
secciones_1027,secciones,1027,Sección 1086,,false,false,,
secciones_1031,secciones,1031,Sección 1090,,false,false,,
secciones_1028,secciones,1028,Sección 1087,,false,false,,
secciones_1026,secciones,1026,Sección 1085,,false,false,,
secciones_1029,secciones,1029,Sección 1088,,false,false,,
secciones_1025,secciones,1025,Sección 1084,,false,false,,
secciones_1030,secciones,1030,Sección 1089,,false,false,,
secciones_1050,secciones,1050,Sección 1109,,false,false,,
secciones_1052,secciones,1052,Sección 1111,,false,false,,
secciones_1053,secciones,1053,Sección 1112,,false,false,,
secciones_1055,secciones,1055,Sección 1114,,false,false,,
secciones_1056,secciones,1056,Sección 1115,,false,false,,
secciones_1060,secciones,1060,Sección 1119,,false,false,,
secciones_1061,secciones,1061,Sección 1120,,false,false,,
secciones_1062,secciones,1062,Sección 1122,,false,false,,
secciones_1064,secciones,1064,Sección 1124,,false,false,,
secciones_1065,secciones,1065,Sección 1125,,false,false,,
secciones_1070,secciones,1070,Sección 1130,,false,false,,
secciones_1073,secciones,1073,Sección 1134,,false,false,,
secciones_1066,secciones,1066,Sección 1126,,false,false,,
secciones_1067,secciones,1067,Sección 1127,,false,false,,
secciones_1069,secciones,1069,Sección 1129,,false,false,,
secciones_1068,secciones,1068,Sección 1128,,false,false,,
secciones_1071,secciones,1071,Sección 1131,,false,false,,
secciones_1072,secciones,1072,Sección 1132,,false,false,,
secciones_1099,secciones,1099,Sección 1161,,false,false,,
secciones_1100,secciones,1100,Sección 1162,,false,false,,
secciones_1101,secciones,1101,Sección 1163,,false,false,,
secciones_1102,secciones,1102,Sección 1164,,false,false,,
secciones_1103,secciones,1103,Sección 1165,,false,false,,
secciones_1092,secciones,1092,Sección 1154,,false,false,,
secciones_1093,secciones,1093,Sección 1155,,false,false,,
secciones_1094,secciones,1094,Sección 1156,,false,false,,
secciones_1095,secciones,1095,Sección 1157,,false,false,,
secciones_1096,secciones,1096,Sección 1158,,false,false,,
secciones_1098,secciones,1098,Sección 1160,,false,false,,
secciones_1079,secciones,1079,Sección 1140,,false,false,,
secciones_1083,secciones,1083,Sección 1145,,false,false,,
secciones_1084,secciones,1084,Sección 1146,,false,false,,
secciones_1076,secciones,1076,Sección 1137,,false,false,,
secciones_1077,secciones,1077,Sección 1138,,false,false,,
secciones_1078,secciones,1078,Sección 1139,,false,false,,
secciones_1080,secciones,1080,Sección 1142,,false,false,,
secciones_1081,secciones,1081,Sección 1143,,false,false,,
secciones_1082,secciones,1082,Sección 1144,,false,false,,
secciones_1088,secciones,1088,Sección 1150,,false,false,,
secciones_1089,secciones,1089,Sección 1151,,false,false,,
secciones_1090,secciones,1090,Sección 1152,,false,false,,
secciones_1091,secciones,1091,Sección 1153,,false,false,,
secciones_1097,secciones,1097,Sección 1159,,false,false,,
secciones_1086,secciones,1086,Sección 1148,,false,false,,
secciones_1087,secciones,1087,Sección 1149,,false,false,,
secciones_1075,secciones,1075,Sección 1136,,false,false,,
secciones_1085,secciones,1085,Sección 1147,,false,false,,
secciones_1074,secciones,1074,Sección 1135,,false,false,,
secciones_1109,secciones,1109,Sección 1172,,false,false,,
secciones_1110,secciones,1110,Sección 1173,,false,false,,
secciones_1111,secciones,1111,Sección 1174,,false,false,,
secciones_1112,secciones,1112,Sección 1175,,false,false,,
secciones_1106,secciones,1106,Sección 1169,,false,false,,
secciones_1107,secciones,1107,Sección 1170,,false,false,,
secciones_1108,secciones,1108,Sección 1171,,false,false,,
secciones_1104,secciones,1104,Sección 1167,,false,false,,
secciones_1113,secciones,1113,Sección 1177,,false,false,,
secciones_1114,secciones,1114,Sección 1178,,false,false,,
secciones_1105,secciones,1105,Sección 1168,,false,false,,
secciones_1115,secciones,1115,Sección 1179,,false,false,,
secciones_1116,secciones,1116,Sección 1180,,false,false,,
secciones_1117,secciones,1117,Sección 1181,,false,false,,
secciones_1163,secciones,1163,Sección 1231,,false,false,,
secciones_1164,secciones,1164,Sección 1232,,false,false,,
secciones_1171,secciones,1171,Sección 1244,,false,false,,
secciones_1172,secciones,1172,Sección 1245,,false,false,,
secciones_1175,secciones,1175,Sección 1248,,false,false,,
secciones_1176,secciones,1176,Sección 1249,,false,false,,
secciones_1177,secciones,1177,Sección 1250,,false,false,,
secciones_1178,secciones,1178,Sección 1255,,false,false,,
secciones_1180,secciones,1180,Sección 1258,,false,false,,
secciones_1181,secciones,1181,Sección 1260,,false,false,,
secciones_1182,secciones,1182,Sección 1264,,false,false,,
secciones_1183,secciones,1183,Sección 1265,,false,false,,
secciones_1156,secciones,1156,Sección 1224,,false,false,,
secciones_1157,secciones,1157,Sección 1225,,false,false,,
secciones_1165,secciones,1165,Sección 1235,,false,false,,
secciones_1166,secciones,1166,Sección 1237,,false,false,,
secciones_1167,secciones,1167,Sección 1238,,false,false,,
secciones_1168,secciones,1168,Sección 1239,,false,false,,
secciones_1173,secciones,1173,Sección 1246,,false,false,,
secciones_1174,secciones,1174,Sección 1247,,false,false,,
secciones_1179,secciones,1179,Sección 1257,,false,false,,
secciones_1160,secciones,1160,Sección 1228,,false,false,,
secciones_1161,secciones,1161,Sección 1229,,false,false,,
secciones_1162,secciones,1162,Sección 1230,,false,false,,
secciones_1169,secciones,1169,Sección 1242,,false,false,,
secciones_1170,secciones,1170,Sección 1243,,false,false,,
secciones_1132,secciones,1132,Sección 1196,,false,false,,
secciones_1133,secciones,1133,Sección 1197,,false,false,,
secciones_1134,secciones,1134,Sección 1198,,false,false,,
secciones_1135,secciones,1135,Sección 1199,,false,false,,
secciones_1146,secciones,1146,Sección 1213,,false,false,,
secciones_1152,secciones,1152,Sección 1219,,false,false,,
secciones_1159,secciones,1159,Sección 1227,,false,false,,
secciones_1127,secciones,1127,Sección 1191,,false,false,,
secciones_1128,secciones,1128,Sección 1192,,false,false,,
secciones_1129,secciones,1129,Sección 1193,,false,false,,
secciones_1130,secciones,1130,Sección 1194,,false,false,,
secciones_1131,secciones,1131,Sección 1195,,false,false,,
secciones_1124,secciones,1124,Sección 1188,,false,false,,
secciones_1125,secciones,1125,Sección 1189,,false,false,,
secciones_1126,secciones,1126,Sección 1190,,false,false,,
secciones_1145,secciones,1145,Sección 1212,,false,false,,
secciones_1147,secciones,1147,Sección 1214,,false,false,,
secciones_1151,secciones,1151,Sección 1218,,false,false,,
secciones_1154,secciones,1154,Sección 1222,,false,false,,
secciones_1137,secciones,1137,Sección 1201,,false,false,,
secciones_1138,secciones,1138,Sección 1202,,false,false,,
secciones_1139,secciones,1139,Sección 1203,,false,false,,
secciones_1143,secciones,1143,Sección 1210,,false,false,,
secciones_1144,secciones,1144,Sección 1211,,false,false,,
secciones_1148,secciones,1148,Sección 1215,,false,false,,
secciones_1122,secciones,1122,Sección 1186,,false,false,,
secciones_1123,secciones,1123,Sección 1187,,false,false,,
secciones_1150,secciones,1150,Sección 1217,,false,false,,
secciones_1155,secciones,1155,Sección 1223,,false,false,,
secciones_1118,secciones,1118,Sección 1182,,false,false,,
secciones_1119,secciones,1119,Sección 1183,,false,false,,
secciones_1120,secciones,1120,Sección 1184,,false,false,,
secciones_1121,secciones,1121,Sección 1185,,false,false,,
secciones_1136,secciones,1136,Sección 1200,,false,false,,
secciones_1140,secciones,1140,Sección 1204,,false,false,,
secciones_1141,secciones,1141,Sección 1205,,false,false,,
secciones_1142,secciones,1142,Sección 1209,,false,false,,
secciones_1149,secciones,1149,Sección 1216,,false,false,,
secciones_1153,secciones,1153,Sección 1221,,false,false,,
secciones_1158,secciones,1158,Sección 1226,,false,false,,
secciones_1266,secciones,1266,Sección 1350,,false,false,,
secciones_1267,secciones,1267,Sección 1351,,false,false,,
secciones_1268,secciones,1268,Sección 1353,,false,false,,
secciones_1269,secciones,1269,Sección 1354,,false,false,,
secciones_1223,secciones,1223,Sección 1306,,false,false,,
secciones_1257,secciones,1257,Sección 1340,,false,false,,
secciones_1265,secciones,1265,Sección 1348,,false,false,,
secciones_1199,secciones,1199,Sección 1281,,false,false,,
secciones_3215,secciones,3215,Sección 3364,,false,false,,
secciones_3213,secciones,3213,Sección 3362,,false,false,,
secciones_3214,secciones,3214,Sección 3363,,false,false,,
secciones_1198,secciones,1198,Sección 1280,,false,false,,
secciones_1200,secciones,1200,Sección 1282,,false,false,,
secciones_1201,secciones,1201,Sección 1283,,false,false,,
secciones_1214,secciones,1214,Sección 1297,,false,false,,
secciones_1208,secciones,1208,Sección 1290,,false,false,,
secciones_1209,secciones,1209,Sección 1291,,false,false,,
secciones_1215,secciones,1215,Sección 1298,,false,false,,
secciones_1216,secciones,1216,Sección 1299,,false,false,,
secciones_1234,secciones,1234,Sección 1317,,false,false,,
secciones_1235,secciones,1235,Sección 1318,,false,false,,
secciones_1229,secciones,1229,Sección 1312,,false,false,,
secciones_1230,secciones,1230,Sección 1313,,false,false,,
secciones_1240,secciones,1240,Sección 1323,,false,false,,
secciones_1241,secciones,1241,Sección 1324,,false,false,,
secciones_1188,secciones,1188,Sección 1270,,false,false,,
secciones_1189,secciones,1189,Sección 1271,,false,false,,
secciones_1190,secciones,1190,Sección 1272,,false,false,,
secciones_1192,secciones,1192,Sección 1274,,false,false,,
secciones_1197,secciones,1197,Sección 1279,,false,false,,
secciones_1213,secciones,1213,Sección 1295,,false,false,,
secciones_1224,secciones,1224,Sección 1307,,false,false,,
secciones_1256,secciones,1256,Sección 1339,,false,false,,
secciones_1184,secciones,1184,Sección 1266,,false,false,,
secciones_1185,secciones,1185,Sección 1267,,false,false,,
secciones_1186,secciones,1186,Sección 1268,,false,false,,
secciones_1187,secciones,1187,Sección 1269,,false,false,,
secciones_1191,secciones,1191,Sección 1273,,false,false,,
secciones_1193,secciones,1193,Sección 1275,,false,false,,
secciones_1194,secciones,1194,Sección 1276,,false,false,,
secciones_1196,secciones,1196,Sección 1278,,false,false,,
secciones_1202,secciones,1202,Sección 1284,,false,false,,
secciones_1203,secciones,1203,Sección 1285,,false,false,,
secciones_1211,secciones,1211,Sección 1293,,false,false,,
secciones_1212,secciones,1212,Sección 1294,,false,false,,
secciones_1218,secciones,1218,Sección 1301,,false,false,,
secciones_1217,secciones,1217,Sección 1300,,false,false,,
secciones_1219,secciones,1219,Sección 1302,,false,false,,
secciones_1232,secciones,1232,Sección 1315,,false,false,,
secciones_1233,secciones,1233,Sección 1316,,false,false,,
secciones_1236,secciones,1236,Sección 1319,,false,false,,
secciones_1195,secciones,1195,Sección 1277,,false,false,,
secciones_1204,secciones,1204,Sección 1286,,false,false,,
secciones_1210,secciones,1210,Sección 1292,,false,false,,
secciones_1220,secciones,1220,Sección 1303,,false,false,,
secciones_1248,secciones,1248,Sección 1331,,false,false,,
secciones_1260,secciones,1260,Sección 1343,,false,false,,
secciones_1261,secciones,1261,Sección 1344,,false,false,,
secciones_1263,secciones,1263,Sección 1346,,false,false,,
secciones_1264,secciones,1264,Sección 1347,,false,false,,
secciones_1258,secciones,1258,Sección 1341,,false,false,,
secciones_1259,secciones,1259,Sección 1342,,false,false,,
secciones_1262,secciones,1262,Sección 1345,,false,false,,
secciones_1237,secciones,1237,Sección 1320,,false,false,,
secciones_1247,secciones,1247,Sección 1330,,false,false,,
secciones_1249,secciones,1249,Sección 1332,,false,false,,
secciones_1250,secciones,1250,Sección 1333,,false,false,,
secciones_1231,secciones,1231,Sección 1314,,false,false,,
secciones_1238,secciones,1238,Sección 1321,,false,false,,
secciones_1239,secciones,1239,Sección 1322,,false,false,,
secciones_1251,secciones,1251,Sección 1334,,false,false,,
secciones_1252,secciones,1252,Sección 1335,,false,false,,
secciones_1242,secciones,1242,Sección 1325,,false,false,,
secciones_1245,secciones,1245,Sección 1328,,false,false,,
secciones_1246,secciones,1246,Sección 1329,,false,false,,
secciones_1253,secciones,1253,Sección 1336,,false,false,,
secciones_1254,secciones,1254,Sección 1337,,false,false,,
secciones_1243,secciones,1243,Sección 1326,,false,false,,
secciones_1244,secciones,1244,Sección 1327,,false,false,,
secciones_1255,secciones,1255,Sección 1338,,false,false,,
secciones_1206,secciones,1206,Sección 1288,,false,false,,
secciones_1207,secciones,1207,Sección 1289,,false,false,,
secciones_1222,secciones,1222,Sección 1305,,false,false,,
secciones_1205,secciones,1205,Sección 1287,,false,false,,
secciones_1221,secciones,1221,Sección 1304,,false,false,,
secciones_1225,secciones,1225,Sección 1308,,false,false,,
secciones_1226,secciones,1226,Sección 1309,,false,false,,
secciones_1227,secciones,1227,Sección 1310,,false,false,,
secciones_1228,secciones,1228,Sección 1311,,false,false,,
secciones_1270,secciones,1270,Sección 1355,,false,false,,
secciones_1271,secciones,1271,Sección 1356,,false,false,,
secciones_1275,secciones,1275,Sección 1360,,false,false,,
secciones_1276,secciones,1276,Sección 1361,,false,false,,
secciones_1277,secciones,1277,Sección 1362,,false,false,,
secciones_1278,secciones,1278,Sección 1363,,false,false,,
secciones_1282,secciones,1282,Sección 1371,,false,false,,
secciones_1283,secciones,1283,Sección 1374,,false,false,,
secciones_1272,secciones,1272,Sección 1357,,false,false,,
secciones_1273,secciones,1273,Sección 1358,,false,false,,
secciones_1274,secciones,1274,Sección 1359,,false,false,,
secciones_1279,secciones,1279,Sección 1367,,false,false,,
secciones_1280,secciones,1280,Sección 1368,,false,false,,
secciones_1281,secciones,1281,Sección 1369,,false,false,,
secciones_1291,secciones,1291,Sección 1382,,false,false,,
secciones_1293,secciones,1293,Sección 1384,,false,false,,
secciones_1294,secciones,1294,Sección 1385,,false,false,,
secciones_1295,secciones,1295,Sección 1386,,false,false,,
secciones_1292,secciones,1292,Sección 1383,,false,false,,
secciones_1288,secciones,1288,Sección 1379,,false,false,,
secciones_1290,secciones,1290,Sección 1381,,false,false,,
secciones_1289,secciones,1289,Sección 1380,,false,false,,
secciones_1287,secciones,1287,Sección 1378,,false,false,,
secciones_1284,secciones,1284,Sección 1375,,false,false,,
secciones_1285,secciones,1285,Sección 1376,,false,false,,
secciones_1286,secciones,1286,Sección 1377,,false,false,,
secciones_1329,secciones,1329,Sección 1421,,false,false,,
secciones_1330,secciones,1330,Sección 1422,,false,false,,
secciones_1331,secciones,1331,Sección 1423,,false,false,,
secciones_1327,secciones,1327,Sección 1418,,false,false,,
secciones_1328,secciones,1328,Sección 1419,,false,false,,
secciones_1322,secciones,1322,Sección 1413,,false,false,,
secciones_1323,secciones,1323,Sección 1414,,false,false,,
secciones_1324,secciones,1324,Sección 1415,,false,false,,
secciones_1325,secciones,1325,Sección 1416,,false,false,,
secciones_1326,secciones,1326,Sección 1417,,false,false,,
secciones_1296,secciones,1296,Sección 1387,,false,false,,
secciones_1297,secciones,1297,Sección 1388,,false,false,,
secciones_1298,secciones,1298,Sección 1389,,false,false,,
secciones_1301,secciones,1301,Sección 1392,,false,false,,
secciones_1302,secciones,1302,Sección 1393,,false,false,,
secciones_1303,secciones,1303,Sección 1394,,false,false,,
secciones_1311,secciones,1311,Sección 1402,,false,false,,
secciones_1319,secciones,1319,Sección 1410,,false,false,,
secciones_1310,secciones,1310,Sección 1401,,false,false,,
secciones_1312,secciones,1312,Sección 1403,,false,false,,
secciones_1313,secciones,1313,Sección 1404,,false,false,,
secciones_1317,secciones,1317,Sección 1408,,false,false,,
secciones_1318,secciones,1318,Sección 1409,,false,false,,
secciones_1320,secciones,1320,Sección 1411,,false,false,,
secciones_1299,secciones,1299,Sección 1390,,false,false,,
secciones_1300,secciones,1300,Sección 1391,,false,false,,
secciones_1304,secciones,1304,Sección 1395,,false,false,,
secciones_1305,secciones,1305,Sección 1396,,false,false,,
secciones_1306,secciones,1306,Sección 1397,,false,false,,
secciones_1308,secciones,1308,Sección 1399,,false,false,,
secciones_1309,secciones,1309,Sección 1400,,false,false,,
secciones_1307,secciones,1307,Sección 1398,,false,false,,
secciones_1314,secciones,1314,Sección 1405,,false,false,,
secciones_1315,secciones,1315,Sección 1406,,false,false,,
secciones_1316,secciones,1316,Sección 1407,,false,false,,
secciones_1321,secciones,1321,Sección 1412,,false,false,,
secciones_1332,secciones,1332,Sección 1424,,false,false,,
secciones_1333,secciones,1333,Sección 1425,,false,false,,
secciones_1471,secciones,1471,Sección 1563,,false,false,,
secciones_1472,secciones,1472,Sección 1564,,false,false,,
secciones_1334,secciones,1334,Sección 1426,,false,false,,
secciones_1335,secciones,1335,Sección 1427,,false,false,,
secciones_1337,secciones,1337,Sección 1429,,false,false,,
secciones_1336,secciones,1336,Sección 1428,,false,false,,
secciones_1339,secciones,1339,Sección 1431,,false,false,,
secciones_1341,secciones,1341,Sección 1433,,false,false,,
secciones_1378,secciones,1378,Sección 1470,,false,false,,
secciones_1338,secciones,1338,Sección 1430,,false,false,,
secciones_1340,secciones,1340,Sección 1432,,false,false,,
secciones_1342,secciones,1342,Sección 1434,,false,false,,
secciones_1377,secciones,1377,Sección 1469,,false,false,,
secciones_1379,secciones,1379,Sección 1471,,false,false,,
secciones_1380,secciones,1380,Sección 1472,,false,false,,
secciones_1470,secciones,1470,Sección 1562,,false,false,,
secciones_2097,secciones,2097,Sección 2197,,false,false,,
secciones_2096,secciones,2096,Sección 2196,,false,false,,
secciones_1789,secciones,1789,Sección 1884,,false,false,,
secciones_1794,secciones,1794,Sección 1890,,false,false,,
secciones_1817,secciones,1817,Sección 1914,,false,false,,
secciones_1818,secciones,1818,Sección 1915,,false,false,,
secciones_2092,secciones,2092,Sección 2192,,false,false,,
secciones_2090,secciones,2090,Sección 2190,,false,false,,
secciones_2091,secciones,2091,Sección 2191,,false,false,,
secciones_2095,secciones,2095,Sección 2195,,false,false,,
secciones_2969,secciones,2969,Sección 3118,,false,false,,
secciones_2682,secciones,2682,Sección 2831,,false,false,,
secciones_2683,secciones,2683,Sección 2832,,false,false,,
secciones_2684,secciones,2684,Sección 2833,,false,false,,
secciones_2685,secciones,2685,Sección 2834,,false,false,,
secciones_2686,secciones,2686,Sección 2835,,false,false,,
secciones_2687,secciones,2687,Sección 2836,,false,false,,
secciones_2688,secciones,2688,Sección 2837,,false,false,,
secciones_2680,secciones,2680,Sección 2829,,false,false,,
secciones_1815,secciones,1815,Sección 1911,,false,false,,
secciones_2681,secciones,2681,Sección 2830,,false,false,,
secciones_2668,secciones,2668,Sección 2815,,false,false,,
secciones_2669,secciones,2669,Sección 2816,,false,false,,
secciones_2670,secciones,2670,Sección 2817,,false,false,,
secciones_2788,secciones,2788,Sección 2937,,false,false,,
secciones_2825,secciones,2825,Sección 2974,,false,false,,
secciones_2676,secciones,2676,Sección 2824,,false,false,,
secciones_2677,secciones,2677,Sección 2825,,false,false,,
secciones_2678,secciones,2678,Sección 2826,,false,false,,
secciones_2679,secciones,2679,Sección 2827,,false,false,,
secciones_2832,secciones,2832,Sección 2981,,false,false,,
secciones_2833,secciones,2833,Sección 2982,,false,false,,
secciones_2836,secciones,2836,Sección 2985,,false,false,,
secciones_2838,secciones,2838,Sección 2987,,false,false,,
secciones_2839,secciones,2839,Sección 2988,,false,false,,
secciones_2840,secciones,2840,Sección 2989,,false,false,,
secciones_2844,secciones,2844,Sección 2993,,false,false,,
secciones_2845,secciones,2845,Sección 2994,,false,false,,
secciones_2846,secciones,2846,Sección 2995,,false,false,,
secciones_2850,secciones,2850,Sección 2999,,false,false,,
secciones_2851,secciones,2851,Sección 3000,,false,false,,
secciones_2852,secciones,2852,Sección 3001,,false,false,,
secciones_2854,secciones,2854,Sección 3003,,false,false,,
secciones_2856,secciones,2856,Sección 3005,,false,false,,
secciones_2857,secciones,2857,Sección 3006,,false,false,,
secciones_2858,secciones,2858,Sección 3007,,false,false,,
secciones_2859,secciones,2859,Sección 3008,,false,false,,
secciones_2860,secciones,2860,Sección 3009,,false,false,,
secciones_2861,secciones,2861,Sección 3010,,false,false,,
secciones_2863,secciones,2863,Sección 3012,,false,false,,
secciones_2864,secciones,2864,Sección 3013,,false,false,,
secciones_2865,secciones,2865,Sección 3014,,false,false,,
secciones_2868,secciones,2868,Sección 3017,,false,false,,
secciones_2870,secciones,2870,Sección 3019,,false,false,,
secciones_1344,secciones,1344,Sección 1436,,false,false,,
secciones_1345,secciones,1345,Sección 1437,,false,false,,
secciones_1346,secciones,1346,Sección 1438,,false,false,,
secciones_1370,secciones,1370,Sección 1462,,false,false,,
secciones_1371,secciones,1371,Sección 1463,,false,false,,
secciones_1372,secciones,1372,Sección 1464,,false,false,,
secciones_1473,secciones,1473,Sección 1565,,false,false,,
secciones_1343,secciones,1343,Sección 1435,,false,false,,
secciones_1373,secciones,1373,Sección 1465,,false,false,,
secciones_1374,secciones,1374,Sección 1466,,false,false,,
secciones_1375,secciones,1375,Sección 1467,,false,false,,
secciones_1376,secciones,1376,Sección 1468,,false,false,,
secciones_1381,secciones,1381,Sección 1473,,false,false,,
secciones_1382,secciones,1382,Sección 1474,,false,false,,
secciones_1383,secciones,1383,Sección 1475,,false,false,,
secciones_1387,secciones,1387,Sección 1479,,false,false,,
secciones_1388,secciones,1388,Sección 1480,,false,false,,
secciones_1389,secciones,1389,Sección 1481,,false,false,,
secciones_1369,secciones,1369,Sección 1461,,false,false,,
secciones_1384,secciones,1384,Sección 1476,,false,false,,
secciones_1385,secciones,1385,Sección 1477,,false,false,,
secciones_1386,secciones,1386,Sección 1478,,false,false,,
secciones_1390,secciones,1390,Sección 1482,,false,false,,
secciones_1391,secciones,1391,Sección 1483,,false,false,,
secciones_1392,secciones,1392,Sección 1484,,false,false,,
secciones_1393,secciones,1393,Sección 1485,,false,false,,
secciones_1347,secciones,1347,Sección 1439,,false,false,,
secciones_1365,secciones,1365,Sección 1457,,false,false,,
secciones_1366,secciones,1366,Sección 1458,,false,false,,
secciones_1367,secciones,1367,Sección 1459,,false,false,,
secciones_1368,secciones,1368,Sección 1460,,false,false,,
secciones_1394,secciones,1394,Sección 1486,,false,false,,
secciones_1395,secciones,1395,Sección 1487,,false,false,,
secciones_1396,secciones,1396,Sección 1488,,false,false,,
secciones_1397,secciones,1397,Sección 1489,,false,false,,
secciones_1348,secciones,1348,Sección 1440,,false,false,,
secciones_1349,secciones,1349,Sección 1441,,false,false,,
secciones_1350,secciones,1350,Sección 1442,,false,false,,
secciones_1351,secciones,1351,Sección 1443,,false,false,,
secciones_1352,secciones,1352,Sección 1444,,false,false,,
secciones_1360,secciones,1360,Sección 1452,,false,false,,
secciones_1361,secciones,1361,Sección 1453,,false,false,,
secciones_1362,secciones,1362,Sección 1454,,false,false,,
secciones_1363,secciones,1363,Sección 1455,,false,false,,
secciones_1364,secciones,1364,Sección 1456,,false,false,,
secciones_1398,secciones,1398,Sección 1490,,false,false,,
secciones_1399,secciones,1399,Sección 1491,,false,false,,
secciones_1400,secciones,1400,Sección 1492,,false,false,,
secciones_1401,secciones,1401,Sección 1493,,false,false,,
secciones_1414,secciones,1414,Sección 1506,,false,false,,
secciones_1415,secciones,1415,Sección 1507,,false,false,,
secciones_1416,secciones,1416,Sección 1508,,false,false,,
secciones_1417,secciones,1417,Sección 1509,,false,false,,
secciones_1420,secciones,1420,Sección 1512,,false,false,,
secciones_1421,secciones,1421,Sección 1513,,false,false,,
secciones_1413,secciones,1413,Sección 1505,,false,false,,
secciones_1423,secciones,1423,Sección 1515,,false,false,,
secciones_1424,secciones,1424,Sección 1516,,false,false,,
secciones_1425,secciones,1425,Sección 1517,,false,false,,
secciones_1426,secciones,1426,Sección 1518,,false,false,,
secciones_1446,secciones,1446,Sección 1538,,false,false,,
secciones_1447,secciones,1447,Sección 1539,,false,false,,
secciones_1448,secciones,1448,Sección 1540,,false,false,,
secciones_1422,secciones,1422,Sección 1514,,false,false,,
secciones_1449,secciones,1449,Sección 1541,,false,false,,
secciones_1450,secciones,1450,Sección 1542,,false,false,,
secciones_1451,secciones,1451,Sección 1543,,false,false,,
secciones_1452,secciones,1452,Sección 1544,,false,false,,
secciones_1457,secciones,1457,Sección 1549,,false,false,,
secciones_1458,secciones,1458,Sección 1550,,false,false,,
secciones_1464,secciones,1464,Sección 1556,,false,false,,
secciones_1465,secciones,1465,Sección 1557,,false,false,,
secciones_1453,secciones,1453,Sección 1545,,false,false,,
secciones_1456,secciones,1456,Sección 1548,,false,false,,
secciones_1466,secciones,1466,Sección 1558,,false,false,,
secciones_1469,secciones,1469,Sección 1561,,false,false,,
secciones_1418,secciones,1418,Sección 1510,,false,false,,
secciones_1419,secciones,1419,Sección 1511,,false,false,,
secciones_1454,secciones,1454,Sección 1546,,false,false,,
secciones_1467,secciones,1467,Sección 1559,,false,false,,
secciones_1468,secciones,1468,Sección 1560,,false,false,,
secciones_1906,secciones,1906,Sección 2005,,false,false,,
secciones_1907,secciones,1907,Sección 2006,,false,false,,
secciones_1908,secciones,1908,Sección 2007,,false,false,,
secciones_1909,secciones,1909,Sección 2008,,false,false,,
secciones_1910,secciones,1910,Sección 2009,,false,false,,
secciones_1911,secciones,1911,Sección 2010,,false,false,,
secciones_1912,secciones,1912,Sección 2011,,false,false,,
secciones_1955,secciones,1955,Sección 2054,,false,false,,
secciones_1956,secciones,1956,Sección 2055,,false,false,,
secciones_1913,secciones,1913,Sección 2012,,false,false,,
secciones_1953,secciones,1953,Sección 2052,,false,false,,
secciones_1954,secciones,1954,Sección 2053,,false,false,,
secciones_1957,secciones,1957,Sección 2056,,false,false,,
secciones_1958,secciones,1958,Sección 2057,,false,false,,
secciones_1852,secciones,1852,Sección 1951,,false,false,,
secciones_1853,secciones,1853,Sección 1952,,false,false,,
secciones_1854,secciones,1854,Sección 1953,,false,false,,
secciones_1874,secciones,1874,Sección 1973,,false,false,,
secciones_1875,secciones,1875,Sección 1974,,false,false,,
secciones_1876,secciones,1876,Sección 1975,,false,false,,
secciones_1877,secciones,1877,Sección 1976,,false,false,,
secciones_1878,secciones,1878,Sección 1977,,false,false,,
secciones_1903,secciones,1903,Sección 2002,,false,false,,
secciones_1904,secciones,1904,Sección 2003,,false,false,,
secciones_1905,secciones,1905,Sección 2004,,false,false,,
secciones_1409,secciones,1409,Sección 1501,,false,false,,
secciones_1410,secciones,1410,Sección 1502,,false,false,,
secciones_1411,secciones,1411,Sección 1503,,false,false,,
secciones_1412,secciones,1412,Sección 1504,,false,false,,
secciones_1427,secciones,1427,Sección 1519,,false,false,,
secciones_1428,secciones,1428,Sección 1520,,false,false,,
secciones_1429,secciones,1429,Sección 1521,,false,false,,
secciones_1430,secciones,1430,Sección 1522,,false,false,,
secciones_1444,secciones,1444,Sección 1536,,false,false,,
secciones_1445,secciones,1445,Sección 1537,,false,false,,
secciones_1459,secciones,1459,Sección 1551,,false,false,,
secciones_1406,secciones,1406,Sección 1498,,false,false,,
secciones_1407,secciones,1407,Sección 1499,,false,false,,
secciones_1408,secciones,1408,Sección 1500,,false,false,,
secciones_1431,secciones,1431,Sección 1523,,false,false,,
secciones_1432,secciones,1432,Sección 1524,,false,false,,
secciones_1433,secciones,1433,Sección 1525,,false,false,,
secciones_1434,secciones,1434,Sección 1526,,false,false,,
secciones_1439,secciones,1439,Sección 1531,,false,false,,
secciones_1440,secciones,1440,Sección 1532,,false,false,,
secciones_1441,secciones,1441,Sección 1533,,false,false,,
secciones_1442,secciones,1442,Sección 1534,,false,false,,
secciones_1443,secciones,1443,Sección 1535,,false,false,,
secciones_1460,secciones,1460,Sección 1552,,false,false,,
secciones_1461,secciones,1461,Sección 1553,,false,false,,
secciones_1462,secciones,1462,Sección 1554,,false,false,,
secciones_1463,secciones,1463,Sección 1555,,false,false,,
secciones_1855,secciones,1855,Sección 1954,,false,false,,
secciones_1856,secciones,1856,Sección 1955,,false,false,,
secciones_1857,secciones,1857,Sección 1956,,false,false,,
secciones_1858,secciones,1858,Sección 1957,,false,false,,
secciones_1859,secciones,1859,Sección 1958,,false,false,,
secciones_1860,secciones,1860,Sección 1959,,false,false,,
secciones_1879,secciones,1879,Sección 1978,,false,false,,
secciones_1880,secciones,1880,Sección 1979,,false,false,,
secciones_1881,secciones,1881,Sección 1980,,false,false,,
secciones_1882,secciones,1882,Sección 1981,,false,false,,
secciones_1883,secciones,1883,Sección 1982,,false,false,,
secciones_1898,secciones,1898,Sección 1997,,false,false,,
secciones_1899,secciones,1899,Sección 1998,,false,false,,
secciones_1900,secciones,1900,Sección 1999,,false,false,,
secciones_1861,secciones,1861,Sección 1960,,false,false,,
secciones_1862,secciones,1862,Sección 1961,,false,false,,
secciones_1863,secciones,1863,Sección 1962,,false,false,,
secciones_1864,secciones,1864,Sección 1963,,false,false,,
secciones_1870,secciones,1870,Sección 1969,,false,false,,
secciones_1871,secciones,1871,Sección 1970,,false,false,,
secciones_1872,secciones,1872,Sección 1971,,false,false,,
secciones_1873,secciones,1873,Sección 1972,,false,false,,
secciones_1884,secciones,1884,Sección 1983,,false,false,,
secciones_1885,secciones,1885,Sección 1984,,false,false,,
secciones_1886,secciones,1886,Sección 1985,,false,false,,
secciones_1887,secciones,1887,Sección 1986,,false,false,,
secciones_1896,secciones,1896,Sección 1995,,false,false,,
secciones_1897,secciones,1897,Sección 1996,,false,false,,
secciones_1437,secciones,1437,Sección 1529,,false,false,,
secciones_1438,secciones,1438,Sección 1530,,false,false,,
secciones_1865,secciones,1865,Sección 1964,,false,false,,
secciones_1869,secciones,1869,Sección 1968,,false,false,,
secciones_1888,secciones,1888,Sección 1987,,false,false,,
secciones_1901,secciones,1901,Sección 2000,,false,false,,
secciones_1902,secciones,1902,Sección 2001,,false,false,,
secciones_1914,secciones,1914,Sección 2013,,false,false,,
secciones_1915,secciones,1915,Sección 2014,,false,false,,
secciones_1947,secciones,1947,Sección 2046,,false,false,,
secciones_1948,secciones,1948,Sección 2047,,false,false,,
secciones_1949,secciones,1949,Sección 2048,,false,false,,
secciones_1951,secciones,1951,Sección 2050,,false,false,,
secciones_1952,secciones,1952,Sección 2051,,false,false,,
secciones_1950,secciones,1950,Sección 2049,,false,false,,
secciones_1959,secciones,1959,Sección 2058,,false,false,,
secciones_1960,secciones,1960,Sección 2059,,false,false,,
secciones_1961,secciones,1961,Sección 2060,,false,false,,
secciones_1962,secciones,1962,Sección 2061,,false,false,,
secciones_1992,secciones,1992,Sección 2091,,false,false,,
secciones_1993,secciones,1993,Sección 2092,,false,false,,
secciones_1894,secciones,1894,Sección 1993,,false,false,,
secciones_1895,secciones,1895,Sección 1994,,false,false,,
secciones_1924,secciones,1924,Sección 2023,,false,false,,
secciones_1938,secciones,1938,Sección 2037,,false,false,,
secciones_1966,secciones,1966,Sección 2065,,false,false,,
secciones_1990,secciones,1990,Sección 2089,,false,false,,
secciones_1991,secciones,1991,Sección 2090,,false,false,,
secciones_1994,secciones,1994,Sección 2093,,false,false,,
secciones_1995,secciones,1995,Sección 2094,,false,false,,
secciones_1916,secciones,1916,Sección 2015,,false,false,,
secciones_1917,secciones,1917,Sección 2016,,false,false,,
secciones_1945,secciones,1945,Sección 2044,,false,false,,
secciones_1946,secciones,1946,Sección 2045,,false,false,,
secciones_1963,secciones,1963,Sección 2062,,false,false,,
secciones_1964,secciones,1964,Sección 2063,,false,false,,
secciones_1918,secciones,1918,Sección 2017,,false,false,,
secciones_1919,secciones,1919,Sección 2018,,false,false,,
secciones_1920,secciones,1920,Sección 2019,,false,false,,
secciones_1942,secciones,1942,Sección 2041,,false,false,,
secciones_1943,secciones,1943,Sección 2042,,false,false,,
secciones_1944,secciones,1944,Sección 2043,,false,false,,
secciones_1965,secciones,1965,Sección 2064,,false,false,,
secciones_1921,secciones,1921,Sección 2020,,false,false,,
secciones_1922,secciones,1922,Sección 2021,,false,false,,
secciones_1923,secciones,1923,Sección 2022,,false,false,,
secciones_1939,secciones,1939,Sección 2038,,false,false,,
secciones_1940,secciones,1940,Sección 2039,,false,false,,
secciones_1941,secciones,1941,Sección 2040,,false,false,,
secciones_1967,secciones,1967,Sección 2066,,false,false,,
secciones_1968,secciones,1968,Sección 2067,,false,false,,
secciones_1455,secciones,1455,Sección 1547,,false,false,,
secciones_1608,secciones,1608,Sección 1701,,false,false,,
secciones_1609,secciones,1609,Sección 1702,,false,false,,
secciones_1627,secciones,1627,Sección 1720,,false,false,,
secciones_1639,secciones,1639,Sección 1732,,false,false,,
secciones_1474,secciones,1474,Sección 1566,,false,false,,
secciones_1475,secciones,1475,Sección 1567,,false,false,,
secciones_1477,secciones,1477,Sección 1569,,false,false,,
secciones_1353,secciones,1353,Sección 1445,,false,false,,
secciones_1354,secciones,1354,Sección 1446,,false,false,,
secciones_1355,secciones,1355,Sección 1447,,false,false,,
secciones_1356,secciones,1356,Sección 1448,,false,false,,
secciones_1357,secciones,1357,Sección 1449,,false,false,,
secciones_1358,secciones,1358,Sección 1450,,false,false,,
secciones_1491,secciones,1491,Sección 1583,,false,false,,
secciones_1492,secciones,1492,Sección 1584,,false,false,,
secciones_1493,secciones,1493,Sección 1585,,false,false,,
secciones_1494,secciones,1494,Sección 1586,,false,false,,
secciones_1495,secciones,1495,Sección 1587,,false,false,,
secciones_1496,secciones,1496,Sección 1588,,false,false,,
secciones_1497,secciones,1497,Sección 1589,,false,false,,
secciones_1478,secciones,1478,Sección 1570,,false,false,,
secciones_1479,secciones,1479,Sección 1571,,false,false,,
secciones_1488,secciones,1488,Sección 1580,,false,false,,
secciones_1489,secciones,1489,Sección 1581,,false,false,,
secciones_1490,secciones,1490,Sección 1582,,false,false,,
secciones_1498,secciones,1498,Sección 1590,,false,false,,
secciones_1486,secciones,1486,Sección 1578,,false,false,,
secciones_1504,secciones,1504,Sección 1596,,false,false,,
secciones_1505,secciones,1505,Sección 1597,,false,false,,
secciones_1510,secciones,1510,Sección 1602,,false,false,,
secciones_1511,secciones,1511,Sección 1603,,false,false,,
secciones_1849,secciones,1849,Sección 1948,,false,false,,
secciones_1628,secciones,1628,Sección 1721,,false,false,,
secciones_1629,secciones,1629,Sección 1722,,false,false,,
secciones_1630,secciones,1630,Sección 1723,,false,false,,
secciones_1637,secciones,1637,Sección 1730,,false,false,,
secciones_1638,secciones,1638,Sección 1731,,false,false,,
secciones_1646,secciones,1646,Sección 1739,,false,false,,
secciones_1593,secciones,1593,Sección 1686,,false,false,,
secciones_1594,secciones,1594,Sección 1687,,false,false,,
secciones_1598,secciones,1598,Sección 1691,,false,false,,
secciones_1603,secciones,1603,Sección 1696,,false,false,,
secciones_1480,secciones,1480,Sección 1572,,false,false,,
secciones_1481,secciones,1481,Sección 1573,,false,false,,
secciones_1851,secciones,1851,Sección 1950,,false,false,,
secciones_1359,secciones,1359,Sección 1451,,false,false,,
secciones_1402,secciones,1402,Sección 1494,,false,false,,
secciones_1403,secciones,1403,Sección 1495,,false,false,,
secciones_1404,secciones,1404,Sección 1496,,false,false,,
secciones_1519,secciones,1519,Sección 1611,,false,false,,
secciones_1520,secciones,1520,Sección 1612,,false,false,,
secciones_1521,secciones,1521,Sección 1613,,false,false,,
secciones_1499,secciones,1499,Sección 1591,,false,false,,
secciones_1500,secciones,1500,Sección 1592,,false,false,,
secciones_1517,secciones,1517,Sección 1609,,false,false,,
secciones_1518,secciones,1518,Sección 1610,,false,false,,
secciones_1522,secciones,1522,Sección 1614,,false,false,,
secciones_1523,secciones,1523,Sección 1615,,false,false,,
secciones_1487,secciones,1487,Sección 1579,,false,false,,
secciones_1501,secciones,1501,Sección 1593,,false,false,,
secciones_1516,secciones,1516,Sección 1608,,false,false,,
secciones_1524,secciones,1524,Sección 1616,,false,false,,
secciones_1525,secciones,1525,Sección 1617,,false,false,,
secciones_1534,secciones,1534,Sección 1626,,false,false,,
secciones_1982,secciones,1982,Sección 2081,,false,false,,
secciones_1983,secciones,1983,Sección 2082,,false,false,,
secciones_1984,secciones,1984,Sección 2083,,false,false,,
secciones_1985,secciones,1985,Sección 2084,,false,false,,
secciones_2002,secciones,2002,Sección 2101,,false,false,,
secciones_2003,secciones,2003,Sección 2102,,false,false,,
secciones_2004,secciones,2004,Sección 2103,,false,false,,
secciones_2005,secciones,2005,Sección 2104,,false,false,,
secciones_1978,secciones,1978,Sección 2077,,false,false,,
secciones_1979,secciones,1979,Sección 2078,,false,false,,
secciones_1980,secciones,1980,Sección 2079,,false,false,,
secciones_1981,secciones,1981,Sección 2080,,false,false,,
secciones_1929,secciones,1929,Sección 2028,,false,false,,
secciones_1930,secciones,1930,Sección 2029,,false,false,,
secciones_1931,secciones,1931,Sección 2030,,false,false,,
secciones_1932,secciones,1932,Sección 2031,,false,false,,
secciones_1976,secciones,1976,Sección 2075,,false,false,,
secciones_1974,secciones,1974,Sección 2073,,false,false,,
secciones_1975,secciones,1975,Sección 2074,,false,false,,
secciones_1977,secciones,1977,Sección 2076,,false,false,,
secciones_1986,secciones,1986,Sección 2085,,false,false,,
secciones_1987,secciones,1987,Sección 2086,,false,false,,
secciones_1996,secciones,1996,Sección 2095,,false,false,,
secciones_1969,secciones,1969,Sección 2068,,false,false,,
secciones_1970,secciones,1970,Sección 2069,,false,false,,
secciones_1971,secciones,1971,Sección 2070,,false,false,,
secciones_1988,secciones,1988,Sección 2087,,false,false,,
secciones_1989,secciones,1989,Sección 2088,,false,false,,
secciones_1927,secciones,1927,Sección 2026,,false,false,,
secciones_1928,secciones,1928,Sección 2027,,false,false,,
secciones_1933,secciones,1933,Sección 2032,,false,false,,
secciones_1934,secciones,1934,Sección 2033,,false,false,,
secciones_1935,secciones,1935,Sección 2034,,false,false,,
secciones_1972,secciones,1972,Sección 2071,,false,false,,
secciones_1973,secciones,1973,Sección 2072,,false,false,,
secciones_1892,secciones,1892,Sección 1991,,false,false,,
secciones_1893,secciones,1893,Sección 1992,,false,false,,
secciones_1925,secciones,1925,Sección 2024,,false,false,,
secciones_1926,secciones,1926,Sección 2025,,false,false,,
secciones_1936,secciones,1936,Sección 2035,,false,false,,
secciones_1937,secciones,1937,Sección 2036,,false,false,,
secciones_1436,secciones,1436,Sección 1528,,false,false,,
secciones_1866,secciones,1866,Sección 1965,,false,false,,
secciones_1868,secciones,1868,Sección 1967,,false,false,,
secciones_1889,secciones,1889,Sección 1988,,false,false,,
secciones_1890,secciones,1890,Sección 1989,,false,false,,
secciones_1891,secciones,1891,Sección 1990,,false,false,,
secciones_1405,secciones,1405,Sección 1497,,false,false,,
secciones_1435,secciones,1435,Sección 1527,,false,false,,
secciones_1537,secciones,1537,Sección 1629,,false,false,,
secciones_1538,secciones,1538,Sección 1630,,false,false,,
secciones_1561,secciones,1561,Sección 1653,,false,false,,
secciones_1867,secciones,1867,Sección 1966,,false,false,,
secciones_1582,secciones,1582,Sección 1674,,false,false,,
secciones_1595,secciones,1595,Sección 1688,,false,false,,
secciones_1596,secciones,1596,Sección 1689,,false,false,,
secciones_1597,secciones,1597,Sección 1690,,false,false,,
secciones_1604,secciones,1604,Sección 1697,,false,false,,
secciones_1536,secciones,1536,Sección 1628,,false,false,,
secciones_1539,secciones,1539,Sección 1631,,false,false,,
secciones_1540,secciones,1540,Sección 1632,,false,false,,
secciones_1541,secciones,1541,Sección 1633,,false,false,,
secciones_1562,secciones,1562,Sección 1654,,false,false,,
secciones_1563,secciones,1563,Sección 1655,,false,false,,
secciones_1535,secciones,1535,Sección 1627,,false,false,,
secciones_1542,secciones,1542,Sección 1634,,false,false,,
secciones_1559,secciones,1559,Sección 1651,,false,false,,
secciones_1560,secciones,1560,Sección 1652,,false,false,,
secciones_1564,secciones,1564,Sección 1656,,false,false,,
secciones_1565,secciones,1565,Sección 1657,,false,false,,
secciones_1566,secciones,1566,Sección 1658,,false,false,,
secciones_1583,secciones,1583,Sección 1675,,false,false,,
secciones_1584,secciones,1584,Sección 1676,,false,false,,
secciones_1543,secciones,1543,Sección 1635,,false,false,,
secciones_1557,secciones,1557,Sección 1649,,false,false,,
secciones_1558,secciones,1558,Sección 1650,,false,false,,
secciones_1567,secciones,1567,Sección 1659,,false,false,,
secciones_1568,secciones,1568,Sección 1660,,false,false,,
secciones_1569,secciones,1569,Sección 1661,,false,false,,
secciones_1484,secciones,1484,Sección 1576,,false,false,,
secciones_1485,secciones,1485,Sección 1577,,false,false,,
secciones_1506,secciones,1506,Sección 1598,,false,false,,
secciones_1509,secciones,1509,Sección 1601,,false,false,,
secciones_1482,secciones,1482,Sección 1574,,false,false,,
secciones_1483,secciones,1483,Sección 1575,,false,false,,
secciones_1503,secciones,1503,Sección 1595,,false,false,,
secciones_1847,secciones,1847,Sección 1946,,false,false,,
secciones_1848,secciones,1848,Sección 1947,,false,false,,
secciones_1531,secciones,1531,Sección 1623,,false,false,,
secciones_1546,secciones,1546,Sección 1638,,false,false,,
secciones_1547,secciones,1547,Sección 1639,,false,false,,
secciones_1574,secciones,1574,Sección 1666,,false,false,,
secciones_1575,secciones,1575,Sección 1667,,false,false,,
secciones_1576,secciones,1576,Sección 1668,,false,false,,
secciones_1476,secciones,1476,Sección 1568,,false,false,,
secciones_1502,secciones,1502,Sección 1594,,false,false,,
secciones_1512,secciones,1512,Sección 1604,,false,false,,
secciones_1513,secciones,1513,Sección 1605,,false,false,,
secciones_1514,secciones,1514,Sección 1606,,false,false,,
secciones_1515,secciones,1515,Sección 1607,,false,false,,
secciones_1528,secciones,1528,Sección 1620,,false,false,,
secciones_1526,secciones,1526,Sección 1618,,false,false,,
secciones_1527,secciones,1527,Sección 1619,,false,false,,
secciones_1532,secciones,1532,Sección 1624,,false,false,,
secciones_1533,secciones,1533,Sección 1625,,false,false,,
secciones_1544,secciones,1544,Sección 1636,,false,false,,
secciones_1545,secciones,1545,Sección 1637,,false,false,,
secciones_1551,secciones,1551,Sección 1643,,false,false,,
secciones_1552,secciones,1552,Sección 1644,,false,false,,
secciones_1553,secciones,1553,Sección 1645,,false,false,,
secciones_1554,secciones,1554,Sección 1646,,false,false,,
secciones_1555,secciones,1555,Sección 1647,,false,false,,
secciones_1556,secciones,1556,Sección 1648,,false,false,,
secciones_1570,secciones,1570,Sección 1662,,false,false,,
secciones_1571,secciones,1571,Sección 1663,,false,false,,
secciones_1572,secciones,1572,Sección 1664,,false,false,,
secciones_1573,secciones,1573,Sección 1665,,false,false,,
secciones_1578,secciones,1578,Sección 1670,,false,false,,
secciones_1579,secciones,1579,Sección 1671,,false,false,,
secciones_1580,secciones,1580,Sección 1672,,false,false,,
secciones_1581,secciones,1581,Sección 1673,,false,false,,
secciones_1585,secciones,1585,Sección 1677,,false,false,,
secciones_1592,secciones,1592,Sección 1685,,false,false,,
secciones_1586,secciones,1586,Sección 1678,,false,false,,
secciones_1587,secciones,1587,Sección 1679,,false,false,,
secciones_1591,secciones,1591,Sección 1684,,false,false,,
secciones_1588,secciones,1588,Sección 1680,,false,false,,
secciones_1589,secciones,1589,Sección 1681,,false,false,,
secciones_1599,secciones,1599,Sección 1692,,false,false,,
secciones_1619,secciones,1619,Sección 1712,,false,false,,
secciones_1620,secciones,1620,Sección 1713,,false,false,,
secciones_1621,secciones,1621,Sección 1714,,false,false,,
secciones_1632,secciones,1632,Sección 1725,,false,false,,
secciones_1633,secciones,1633,Sección 1726,,false,false,,
secciones_1655,secciones,1655,Sección 1748,,false,false,,
secciones_1602,secciones,1602,Sección 1695,,false,false,,
secciones_1605,secciones,1605,Sección 1698,,false,false,,
secciones_1606,secciones,1606,Sección 1699,,false,false,,
secciones_1607,secciones,1607,Sección 1700,,false,false,,
secciones_1615,secciones,1615,Sección 1708,,false,false,,
secciones_1616,secciones,1616,Sección 1709,,false,false,,
secciones_1617,secciones,1617,Sección 1710,,false,false,,
secciones_1625,secciones,1625,Sección 1718,,false,false,,
secciones_1618,secciones,1618,Sección 1711,,false,false,,
secciones_1622,secciones,1622,Sección 1715,,false,false,,
secciones_1623,secciones,1623,Sección 1716,,false,false,,
secciones_1624,secciones,1624,Sección 1717,,false,false,,
secciones_1631,secciones,1631,Sección 1724,,false,false,,
secciones_1634,secciones,1634,Sección 1727,,false,false,,
secciones_1635,secciones,1635,Sección 1728,,false,false,,
secciones_1636,secciones,1636,Sección 1729,,false,false,,
secciones_1645,secciones,1645,Sección 1738,,false,false,,
secciones_1647,secciones,1647,Sección 1740,,false,false,,
secciones_1654,secciones,1654,Sección 1747,,false,false,,
secciones_1690,secciones,1690,Sección 1785,,false,false,,
secciones_1691,secciones,1691,Sección 1786,,false,false,,
secciones_1709,secciones,1709,Sección 1804,,false,false,,
secciones_1710,secciones,1710,Sección 1805,,false,false,,
secciones_1692,secciones,1692,Sección 1787,,false,false,,
secciones_1693,secciones,1693,Sección 1788,,false,false,,
secciones_1705,secciones,1705,Sección 1800,,false,false,,
secciones_1706,secciones,1706,Sección 1801,,false,false,,
secciones_1694,secciones,1694,Sección 1789,,false,false,,
secciones_1695,secciones,1695,Sección 1790,,false,false,,
secciones_1703,secciones,1703,Sección 1798,,false,false,,
secciones_1704,secciones,1704,Sección 1799,,false,false,,
secciones_1660,secciones,1660,Sección 1754,,false,false,,
secciones_1702,secciones,1702,Sección 1797,,false,false,,
secciones_1659,secciones,1659,Sección 1753,,false,false,,
secciones_1696,secciones,1696,Sección 1791,,false,false,,
secciones_1697,secciones,1697,Sección 1792,,false,false,,
secciones_1701,secciones,1701,Sección 1796,,false,false,,
secciones_1698,secciones,1698,Sección 1793,,false,false,,
secciones_1699,secciones,1699,Sección 1794,,false,false,,
secciones_1700,secciones,1700,Sección 1795,,false,false,,
secciones_1716,secciones,1716,Sección 1811,,false,false,,
secciones_1672,secciones,1672,Sección 1766,,false,false,,
secciones_1674,secciones,1674,Sección 1768,,false,false,,
secciones_1675,secciones,1675,Sección 1769,,false,false,,
secciones_1682,secciones,1682,Sección 1777,,false,false,,
secciones_1664,secciones,1664,Sección 1758,,false,false,,
secciones_1676,secciones,1676,Sección 1770,,false,false,,
secciones_1681,secciones,1681,Sección 1776,,false,false,,
secciones_1653,secciones,1653,Sección 1746,,false,false,,
secciones_1665,secciones,1665,Sección 1759,,false,false,,
secciones_1666,secciones,1666,Sección 1760,,false,false,,
secciones_1671,secciones,1671,Sección 1765,,false,false,,
secciones_1661,secciones,1661,Sección 1755,,false,false,,
secciones_1677,secciones,1677,Sección 1771,,false,false,,
secciones_1678,secciones,1678,Sección 1773,,false,false,,
secciones_1679,secciones,1679,Sección 1774,,false,false,,
secciones_1680,secciones,1680,Sección 1775,,false,false,,
secciones_1662,secciones,1662,Sección 1756,,false,false,,
secciones_1663,secciones,1663,Sección 1757,,false,false,,
secciones_1610,secciones,1610,Sección 1703,,false,false,,
secciones_1611,secciones,1611,Sección 1704,,false,false,,
secciones_1612,secciones,1612,Sección 1705,,false,false,,
secciones_1626,secciones,1626,Sección 1719,,false,false,,
secciones_1640,secciones,1640,Sección 1733,,false,false,,
secciones_1601,secciones,1601,Sección 1694,,false,false,,
secciones_1641,secciones,1641,Sección 1734,,false,false,,
secciones_1657,secciones,1657,Sección 1750,,false,false,,
secciones_1577,secciones,1577,Sección 1669,,false,false,,
secciones_1590,secciones,1590,Sección 1682,,false,false,,
secciones_1600,secciones,1600,Sección 1693,,false,false,,
secciones_1530,secciones,1530,Sección 1622,,false,false,,
secciones_1548,secciones,1548,Sección 1640,,false,false,,
secciones_1549,secciones,1549,Sección 1641,,false,false,,
secciones_1507,secciones,1507,Sección 1599,,false,false,,
secciones_1508,secciones,1508,Sección 1600,,false,false,,
secciones_1529,secciones,1529,Sección 1621,,false,false,,
secciones_1850,secciones,1850,Sección 1949,,false,false,,
secciones_1550,secciones,1550,Sección 1642,,false,false,,
secciones_3162,secciones,3162,Sección 3311,,false,false,,
secciones_3161,secciones,3161,Sección 3310,,false,false,,
secciones_3160,secciones,3160,Sección 3309,,false,false,,
secciones_1613,secciones,1613,Sección 1706,,false,false,,
secciones_1644,secciones,1644,Sección 1737,,false,false,,
secciones_1734,secciones,1734,Sección 1829,,false,false,,
secciones_1735,secciones,1735,Sección 1830,,false,false,,
secciones_3186,secciones,3186,Sección 3335,,false,false,,
secciones_1733,secciones,1733,Sección 1828,,false,false,,
secciones_3187,secciones,3187,Sección 3336,,false,false,,
secciones_3183,secciones,3183,Sección 3332,,false,false,,
secciones_3184,secciones,3184,Sección 3333,,false,false,,
secciones_3185,secciones,3185,Sección 3334,,false,false,,
secciones_2882,secciones,2882,Sección 3031,,false,false,,
secciones_2883,secciones,2883,Sección 3032,,false,false,,
secciones_2886,secciones,2886,Sección 3035,,false,false,,
secciones_2887,secciones,2887,Sección 3036,,false,false,,
secciones_2888,secciones,2888,Sección 3037,,false,false,,
secciones_2880,secciones,2880,Sección 3029,,false,false,,
secciones_2884,secciones,2884,Sección 3033,,false,false,,
secciones_2879,secciones,2879,Sección 3028,,false,false,,
secciones_1614,secciones,1614,Sección 1707,,false,false,,
secciones_1652,secciones,1652,Sección 1745,,false,false,,
secciones_1648,secciones,1648,Sección 1741,,false,false,,
secciones_1649,secciones,1649,Sección 1742,,false,false,,
secciones_1651,secciones,1651,Sección 1744,,false,false,,
secciones_1658,secciones,1658,Sección 1751,,false,false,,
secciones_1650,secciones,1650,Sección 1743,,false,false,,
secciones_1642,secciones,1642,Sección 1735,,false,false,,
secciones_1643,secciones,1643,Sección 1736,,false,false,,
secciones_3163,secciones,3163,Sección 3312,,false,false,,
secciones_3164,secciones,3164,Sección 3313,,false,false,,
secciones_3165,secciones,3165,Sección 3314,,false,false,,
secciones_2014,secciones,2014,Sección 2113,,false,false,,
secciones_2015,secciones,2015,Sección 2114,,false,false,,
secciones_2016,secciones,2016,Sección 2115,,false,false,,
secciones_2017,secciones,2017,Sección 2116,,false,false,,
secciones_2018,secciones,2018,Sección 2117,,false,false,,
secciones_2019,secciones,2019,Sección 2118,,false,false,,
secciones_2020,secciones,2020,Sección 2119,,false,false,,
secciones_1997,secciones,1997,Sección 2096,,false,false,,
secciones_1998,secciones,1998,Sección 2097,,false,false,,
secciones_1999,secciones,1999,Sección 2098,,false,false,,
secciones_2000,secciones,2000,Sección 2099,,false,false,,
secciones_2001,secciones,2001,Sección 2100,,false,false,,
secciones_2010,secciones,2010,Sección 2109,,false,false,,
secciones_2012,secciones,2012,Sección 2111,,false,false,,
secciones_2013,secciones,2013,Sección 2112,,false,false,,
secciones_2023,secciones,2023,Sección 2123,,false,false,,
secciones_2024,secciones,2024,Sección 2124,,false,false,,
secciones_2025,secciones,2025,Sección 2125,,false,false,,
secciones_2021,secciones,2021,Sección 2121,,false,false,,
secciones_2022,secciones,2022,Sección 2122,,false,false,,
secciones_2036,secciones,2036,Sección 2136,,false,false,,
secciones_3157,secciones,3157,Sección 3306,,false,false,,
secciones_3158,secciones,3158,Sección 3307,,false,false,,
secciones_3159,secciones,3159,Sección 3308,,false,false,,
secciones_2037,secciones,2037,Sección 2137,,false,false,,
secciones_2038,secciones,2038,Sección 2138,,false,false,,
secciones_2039,secciones,2039,Sección 2139,,false,false,,
secciones_2040,secciones,2040,Sección 2140,,false,false,,
secciones_2041,secciones,2041,Sección 2141,,false,false,,
secciones_2055,secciones,2055,Sección 2155,,false,false,,
secciones_2006,secciones,2006,Sección 2105,,false,false,,
secciones_2007,secciones,2007,Sección 2106,,false,false,,
secciones_2008,secciones,2008,Sección 2107,,false,false,,
secciones_2009,secciones,2009,Sección 2108,,false,false,,
secciones_2011,secciones,2011,Sección 2110,,false,false,,
secciones_2026,secciones,2026,Sección 2126,,false,false,,
secciones_2027,secciones,2027,Sección 2127,,false,false,,
secciones_2028,secciones,2028,Sección 2128,,false,false,,
secciones_2029,secciones,2029,Sección 2129,,false,false,,
secciones_2030,secciones,2030,Sección 2130,,false,false,,
secciones_2031,secciones,2031,Sección 2131,,false,false,,
secciones_2032,secciones,2032,Sección 2132,,false,false,,
secciones_2033,secciones,2033,Sección 2133,,false,false,,
secciones_2034,secciones,2034,Sección 2134,,false,false,,
secciones_2035,secciones,2035,Sección 2135,,false,false,,
secciones_1656,secciones,1656,Sección 1749,,false,false,,
secciones_1667,secciones,1667,Sección 1761,,false,false,,
secciones_1668,secciones,1668,Sección 1762,,false,false,,
secciones_1669,secciones,1669,Sección 1763,,false,false,,
secciones_1670,secciones,1670,Sección 1764,,false,false,,
secciones_1673,secciones,1673,Sección 1767,,false,false,,
secciones_1683,secciones,1683,Sección 1778,,false,false,,
secciones_2042,secciones,2042,Sección 2142,,false,false,,
secciones_2043,secciones,2043,Sección 2143,,false,false,,
secciones_2044,secciones,2044,Sección 2144,,false,false,,
secciones_2045,secciones,2045,Sección 2145,,false,false,,
secciones_2052,secciones,2052,Sección 2152,,false,false,,
secciones_2053,secciones,2053,Sección 2153,,false,false,,
secciones_2054,secciones,2054,Sección 2154,,false,false,,
secciones_2056,secciones,2056,Sección 2156,,false,false,,
secciones_2057,secciones,2057,Sección 2157,,false,false,,
secciones_2058,secciones,2058,Sección 2158,,false,false,,
secciones_2067,secciones,2067,Sección 2167,,false,false,,
secciones_2046,secciones,2046,Sección 2146,,false,false,,
secciones_2047,secciones,2047,Sección 2147,,false,false,,
secciones_2048,secciones,2048,Sección 2148,,false,false,,
secciones_2049,secciones,2049,Sección 2149,,false,false,,
secciones_2050,secciones,2050,Sección 2150,,false,false,,
secciones_2051,secciones,2051,Sección 2151,,false,false,,
secciones_2059,secciones,2059,Sección 2159,,false,false,,
secciones_2060,secciones,2060,Sección 2160,,false,false,,
secciones_2061,secciones,2061,Sección 2161,,false,false,,
secciones_2062,secciones,2062,Sección 2162,,false,false,,
secciones_2063,secciones,2063,Sección 2163,,false,false,,
secciones_2064,secciones,2064,Sección 2164,,false,false,,
secciones_2065,secciones,2065,Sección 2165,,false,false,,
secciones_2066,secciones,2066,Sección 2166,,false,false,,
secciones_2070,secciones,2070,Sección 2170,,false,false,,
secciones_2071,secciones,2071,Sección 2171,,false,false,,
secciones_2072,secciones,2072,Sección 2172,,false,false,,
secciones_2073,secciones,2073,Sección 2173,,false,false,,
secciones_2089,secciones,2089,Sección 2189,,false,false,,
secciones_2069,secciones,2069,Sección 2169,,false,false,,
secciones_2074,secciones,2074,Sección 2174,,false,false,,
secciones_2088,secciones,2088,Sección 2188,,false,false,,
secciones_2068,secciones,2068,Sección 2168,,false,false,,
secciones_2075,secciones,2075,Sección 2175,,false,false,,
secciones_2076,secciones,2076,Sección 2176,,false,false,,
secciones_2087,secciones,2087,Sección 2187,,false,false,,
secciones_2952,secciones,2952,Sección 3101,,false,false,,
secciones_2953,secciones,2953,Sección 3102,,false,false,,
secciones_2956,secciones,2956,Sección 3105,,false,false,,
secciones_2957,secciones,2957,Sección 3106,,false,false,,
secciones_2093,secciones,2093,Sección 2193,,false,false,,
secciones_2094,secciones,2094,Sección 2194,,false,false,,
secciones_2961,secciones,2961,Sección 3110,,false,false,,
secciones_2966,secciones,2966,Sección 3115,,false,false,,
secciones_2077,secciones,2077,Sección 2177,,false,false,,
secciones_2078,secciones,2078,Sección 2178,,false,false,,
secciones_2079,secciones,2079,Sección 2179,,false,false,,
secciones_2080,secciones,2080,Sección 2180,,false,false,,
secciones_2085,secciones,2085,Sección 2185,,false,false,,
secciones_2086,secciones,2086,Sección 2186,,false,false,,
secciones_2081,secciones,2081,Sección 2181,,false,false,,
secciones_2083,secciones,2083,Sección 2183,,false,false,,
secciones_2084,secciones,2084,Sección 2184,,false,false,,
secciones_2954,secciones,2954,Sección 3103,,false,false,,
secciones_2955,secciones,2955,Sección 3104,,false,false,,
secciones_2958,secciones,2958,Sección 3107,,false,false,,
secciones_2959,secciones,2959,Sección 3108,,false,false,,
secciones_2960,secciones,2960,Sección 3109,,false,false,,
secciones_2963,secciones,2963,Sección 3112,,false,false,,
secciones_2082,secciones,2082,Sección 2182,,false,false,,
secciones_2962,secciones,2962,Sección 3111,,false,false,,
secciones_2964,secciones,2964,Sección 3113,,false,false,,
secciones_2965,secciones,2965,Sección 3114,,false,false,,
secciones_2967,secciones,2967,Sección 3116,,false,false,,
secciones_2968,secciones,2968,Sección 3117,,false,false,,
secciones_2970,secciones,2970,Sección 3119,,false,false,,
secciones_1684,secciones,1684,Sección 1779,,false,false,,
secciones_1685,secciones,1685,Sección 1780,,false,false,,
secciones_1725,secciones,1725,Sección 1820,,false,false,,
secciones_1743,secciones,1743,Sección 1838,,false,false,,
secciones_1756,secciones,1756,Sección 1851,,false,false,,
secciones_1799,secciones,1799,Sección 1895,,false,false,,
secciones_1800,secciones,1800,Sección 1896,,false,false,,
secciones_1801,secciones,1801,Sección 1897,,false,false,,
secciones_1740,secciones,1740,Sección 1835,,false,false,,
secciones_1741,secciones,1741,Sección 1836,,false,false,,
secciones_1742,secciones,1742,Sección 1837,,false,false,,
secciones_1744,secciones,1744,Sección 1839,,false,false,,
secciones_1745,secciones,1745,Sección 1840,,false,false,,
secciones_1755,secciones,1755,Sección 1850,,false,false,,
secciones_1722,secciones,1722,Sección 1817,,false,false,,
secciones_1723,secciones,1723,Sección 1818,,false,false,,
secciones_1724,secciones,1724,Sección 1819,,false,false,,
secciones_1726,secciones,1726,Sección 1821,,false,false,,
secciones_1686,secciones,1686,Sección 1781,,false,false,,
secciones_1687,secciones,1687,Sección 1782,,false,false,,
secciones_1688,secciones,1688,Sección 1783,,false,false,,
secciones_1689,secciones,1689,Sección 1784,,false,false,,
secciones_1707,secciones,1707,Sección 1802,,false,false,,
secciones_1708,secciones,1708,Sección 1803,,false,false,,
secciones_1711,secciones,1711,Sección 1806,,false,false,,
secciones_1720,secciones,1720,Sección 1815,,false,false,,
secciones_1721,secciones,1721,Sección 1816,,false,false,,
secciones_1727,secciones,1727,Sección 1822,,false,false,,
secciones_1738,secciones,1738,Sección 1833,,false,false,,
secciones_1739,secciones,1739,Sección 1834,,false,false,,
secciones_1746,secciones,1746,Sección 1841,,false,false,,
secciones_1747,secciones,1747,Sección 1842,,false,false,,
secciones_1748,secciones,1748,Sección 1843,,false,false,,
secciones_1749,secciones,1749,Sección 1844,,false,false,,
secciones_1752,secciones,1752,Sección 1847,,false,false,,
secciones_1753,secciones,1753,Sección 1848,,false,false,,
secciones_1754,secciones,1754,Sección 1849,,false,false,,
secciones_1757,secciones,1757,Sección 1852,,false,false,,
secciones_1758,secciones,1758,Sección 1853,,false,false,,
secciones_1771,secciones,1771,Sección 1866,,false,false,,
secciones_1772,secciones,1772,Sección 1867,,false,false,,
secciones_1773,secciones,1773,Sección 1868,,false,false,,
secciones_1774,secciones,1774,Sección 1869,,false,false,,
secciones_1785,secciones,1785,Sección 1880,,false,false,,
secciones_1786,secciones,1786,Sección 1881,,false,false,,
secciones_1787,secciones,1787,Sección 1882,,false,false,,
secciones_1797,secciones,1797,Sección 1893,,false,false,,
secciones_1798,secciones,1798,Sección 1894,,false,false,,
secciones_1802,secciones,1802,Sección 1898,,false,false,,
secciones_1803,secciones,1803,Sección 1899,,false,false,,
secciones_1804,secciones,1804,Sección 1900,,false,false,,
secciones_1813,secciones,1813,Sección 1909,,false,false,,
secciones_1814,secciones,1814,Sección 1910,,false,false,,
secciones_1712,secciones,1712,Sección 1807,,false,false,,
secciones_1713,secciones,1713,Sección 1808,,false,false,,
secciones_1714,secciones,1714,Sección 1809,,false,false,,
secciones_1715,secciones,1715,Sección 1810,,false,false,,
secciones_1717,secciones,1717,Sección 1812,,false,false,,
secciones_1718,secciones,1718,Sección 1813,,false,false,,
secciones_1719,secciones,1719,Sección 1814,,false,false,,
secciones_1728,secciones,1728,Sección 1823,,false,false,,
secciones_1729,secciones,1729,Sección 1824,,false,false,,
secciones_1730,secciones,1730,Sección 1825,,false,false,,
secciones_1736,secciones,1736,Sección 1831,,false,false,,
secciones_1737,secciones,1737,Sección 1832,,false,false,,
secciones_1750,secciones,1750,Sección 1845,,false,false,,
secciones_1751,secciones,1751,Sección 1846,,false,false,,
secciones_1759,secciones,1759,Sección 1854,,false,false,,
secciones_1760,secciones,1760,Sección 1855,,false,false,,
secciones_1761,secciones,1761,Sección 1856,,false,false,,
secciones_1824,secciones,1824,Sección 1922,,false,false,,
secciones_1825,secciones,1825,Sección 1923,,false,false,,
secciones_1826,secciones,1826,Sección 1924,,false,false,,
secciones_1827,secciones,1827,Sección 1925,,false,false,,
secciones_1828,secciones,1828,Sección 1926,,false,false,,
secciones_1829,secciones,1829,Sección 1927,,false,false,,
secciones_1830,secciones,1830,Sección 1928,,false,false,,
secciones_1819,secciones,1819,Sección 1917,,false,false,,
secciones_1820,secciones,1820,Sección 1918,,false,false,,
secciones_1821,secciones,1821,Sección 1919,,false,false,,
secciones_1822,secciones,1822,Sección 1920,,false,false,,
secciones_1823,secciones,1823,Sección 1921,,false,false,,
secciones_1782,secciones,1782,Sección 1877,,false,false,,
secciones_1783,secciones,1783,Sección 1878,,false,false,,
secciones_1731,secciones,1731,Sección 1826,,false,false,,
secciones_1775,secciones,1775,Sección 1870,,false,false,,
secciones_1796,secciones,1796,Sección 1892,,false,false,,
secciones_1811,secciones,1811,Sección 1907,,false,false,,
secciones_1812,secciones,1812,Sección 1908,,false,false,,
secciones_1784,secciones,1784,Sección 1879,,false,false,,
secciones_1788,secciones,1788,Sección 1883,,false,false,,
secciones_1805,secciones,1805,Sección 1901,,false,false,,
secciones_1808,secciones,1808,Sección 1904,,false,false,,
secciones_1809,secciones,1809,Sección 1905,,false,false,,
secciones_1810,secciones,1810,Sección 1906,,false,false,,
secciones_1795,secciones,1795,Sección 1891,,false,false,,
secciones_1806,secciones,1806,Sección 1902,,false,false,,
secciones_1807,secciones,1807,Sección 1903,,false,false,,
secciones_1816,secciones,1816,Sección 1912,,false,false,,
secciones_2564,secciones,2564,Sección 2711,,false,false,,
secciones_2689,secciones,2689,Sección 2838,,false,false,,
secciones_2690,secciones,2690,Sección 2839,,false,false,,
secciones_2691,secciones,2691,Sección 2840,,false,false,,
secciones_2692,secciones,2692,Sección 2841,,false,false,,
secciones_2693,secciones,2693,Sección 2842,,false,false,,
secciones_2565,secciones,2565,Sección 2712,,false,false,,
secciones_2566,secciones,2566,Sección 2713,,false,false,,
secciones_2567,secciones,2567,Sección 2714,,false,false,,
secciones_2605,secciones,2605,Sección 2752,,false,false,,
secciones_2606,secciones,2606,Sección 2753,,false,false,,
secciones_2607,secciones,2607,Sección 2754,,false,false,,
secciones_2612,secciones,2612,Sección 2759,,false,false,,
secciones_2613,secciones,2613,Sección 2760,,false,false,,
secciones_2614,secciones,2614,Sección 2761,,false,false,,
secciones_2608,secciones,2608,Sección 2755,,false,false,,
secciones_2609,secciones,2609,Sección 2756,,false,false,,
secciones_2610,secciones,2610,Sección 2757,,false,false,,
secciones_2611,secciones,2611,Sección 2758,,false,false,,
secciones_2615,secciones,2615,Sección 2762,,false,false,,
secciones_2616,secciones,2616,Sección 2763,,false,false,,
secciones_2617,secciones,2617,Sección 2764,,false,false,,
secciones_2662,secciones,2662,Sección 2809,,false,false,,
secciones_2663,secciones,2663,Sección 2810,,false,false,,
secciones_2665,secciones,2665,Sección 2812,,false,false,,
secciones_2666,secciones,2666,Sección 2813,,false,false,,
secciones_2667,secciones,2667,Sección 2814,,false,false,,
secciones_2664,secciones,2664,Sección 2811,,false,false,,
secciones_2618,secciones,2618,Sección 2765,,false,false,,
secciones_2619,secciones,2619,Sección 2766,,false,false,,
secciones_2622,secciones,2622,Sección 2769,,false,false,,
secciones_2626,secciones,2626,Sección 2773,,false,false,,
secciones_2620,secciones,2620,Sección 2767,,false,false,,
secciones_2621,secciones,2621,Sección 2768,,false,false,,
secciones_2623,secciones,2623,Sección 2770,,false,false,,
secciones_2624,secciones,2624,Sección 2771,,false,false,,
secciones_2625,secciones,2625,Sección 2772,,false,false,,
secciones_2655,secciones,2655,Sección 2802,,false,false,,
secciones_2656,secciones,2656,Sección 2803,,false,false,,
secciones_2657,secciones,2657,Sección 2804,,false,false,,
secciones_2658,secciones,2658,Sección 2805,,false,false,,
secciones_2659,secciones,2659,Sección 2806,,false,false,,
secciones_2660,secciones,2660,Sección 2807,,false,false,,
secciones_2661,secciones,2661,Sección 2808,,false,false,,
secciones_2881,secciones,2881,Sección 3030,,false,false,,
secciones_2885,secciones,2885,Sección 3034,,false,false,,
secciones_2890,secciones,2890,Sección 3039,,false,false,,
secciones_2891,secciones,2891,Sección 3040,,false,false,,
secciones_2889,secciones,2889,Sección 3038,,false,false,,
secciones_2892,secciones,2892,Sección 3041,,false,false,,
secciones_1732,secciones,1732,Sección 1827,,false,false,,
secciones_1768,secciones,1768,Sección 1863,,false,false,,
secciones_1778,secciones,1778,Sección 1873,,false,false,,
secciones_1779,secciones,1779,Sección 1874,,false,false,,
secciones_1780,secciones,1780,Sección 1875,,false,false,,
secciones_1781,secciones,1781,Sección 1876,,false,false,,
secciones_1791,secciones,1791,Sección 1886,,false,false,,
secciones_1792,secciones,1792,Sección 1888,,false,false,,
secciones_1793,secciones,1793,Sección 1889,,false,false,,
secciones_2756,secciones,2756,Sección 2905,,false,false,,
secciones_2757,secciones,2757,Sección 2906,,false,false,,
secciones_2758,secciones,2758,Sección 2907,,false,false,,
secciones_2770,secciones,2770,Sección 2919,,false,false,,
secciones_3177,secciones,3177,Sección 3326,,false,false,,
secciones_2755,secciones,2755,Sección 2904,,false,false,,
secciones_2759,secciones,2759,Sección 2908,,false,false,,
secciones_2760,secciones,2760,Sección 2909,,false,false,,
secciones_2761,secciones,2761,Sección 2910,,false,false,,
secciones_2769,secciones,2769,Sección 2918,,false,false,,
secciones_2771,secciones,2771,Sección 2920,,false,false,,
secciones_2772,secciones,2772,Sección 2921,,false,false,,
secciones_2773,secciones,2773,Sección 2922,,false,false,,
secciones_2584,secciones,2584,Sección 2731,,false,false,,
secciones_2754,secciones,2754,Sección 2903,,false,false,,
secciones_2762,secciones,2762,Sección 2911,,false,false,,
secciones_2763,secciones,2763,Sección 2912,,false,false,,
secciones_2764,secciones,2764,Sección 2913,,false,false,,
secciones_2765,secciones,2765,Sección 2914,,false,false,,
secciones_2766,secciones,2766,Sección 2915,,false,false,,
secciones_2767,secciones,2767,Sección 2916,,false,false,,
secciones_2768,secciones,2768,Sección 2917,,false,false,,
secciones_2587,secciones,2587,Sección 2734,,false,false,,
secciones_2588,secciones,2588,Sección 2735,,false,false,,
secciones_2589,secciones,2589,Sección 2736,,false,false,,
secciones_2633,secciones,2633,Sección 2780,,false,false,,
secciones_2795,secciones,2795,Sección 2944,,false,false,,
secciones_2798,secciones,2798,Sección 2947,,false,false,,
secciones_2817,secciones,2817,Sección 2966,,false,false,,
secciones_2821,secciones,2821,Sección 2970,,false,false,,
secciones_2823,secciones,2823,Sección 2972,,false,false,,
secciones_2799,secciones,2799,Sección 2948,,false,false,,
secciones_2804,secciones,2804,Sección 2953,,false,false,,
secciones_2807,secciones,2807,Sección 2956,,false,false,,
secciones_2809,secciones,2809,Sección 2958,,false,false,,
secciones_2816,secciones,2816,Sección 2965,,false,false,,
secciones_2820,secciones,2820,Sección 2969,,false,false,,
secciones_2824,secciones,2824,Sección 2973,,false,false,,
secciones_2826,secciones,2826,Sección 2975,,false,false,,
secciones_2775,secciones,2775,Sección 2924,,false,false,,
secciones_2789,secciones,2789,Sección 2938,,false,false,,
secciones_2790,secciones,2790,Sección 2939,,false,false,,
secciones_2791,secciones,2791,Sección 2940,,false,false,,
secciones_2792,secciones,2792,Sección 2941,,false,false,,
secciones_2793,secciones,2793,Sección 2942,,false,false,,
secciones_2794,secciones,2794,Sección 2943,,false,false,,
secciones_2796,secciones,2796,Sección 2945,,false,false,,
secciones_2800,secciones,2800,Sección 2949,,false,false,,
secciones_2797,secciones,2797,Sección 2946,,false,false,,
secciones_2801,secciones,2801,Sección 2950,,false,false,,
secciones_2802,secciones,2802,Sección 2951,,false,false,,
secciones_2803,secciones,2803,Sección 2952,,false,false,,
secciones_2805,secciones,2805,Sección 2954,,false,false,,
secciones_2806,secciones,2806,Sección 2955,,false,false,,
secciones_2808,secciones,2808,Sección 2957,,false,false,,
secciones_2810,secciones,2810,Sección 2959,,false,false,,
secciones_2811,secciones,2811,Sección 2960,,false,false,,
secciones_2812,secciones,2812,Sección 2961,,false,false,,
secciones_2813,secciones,2813,Sección 2962,,false,false,,
secciones_2814,secciones,2814,Sección 2963,,false,false,,
secciones_2815,secciones,2815,Sección 2964,,false,false,,
secciones_2818,secciones,2818,Sección 2967,,false,false,,
secciones_2819,secciones,2819,Sección 2968,,false,false,,
secciones_2822,secciones,2822,Sección 2971,,false,false,,
secciones_2781,secciones,2781,Sección 2930,,false,false,,
secciones_2787,secciones,2787,Sección 2936,,false,false,,
secciones_3180,secciones,3180,Sección 3329,,false,false,,
secciones_3182,secciones,3182,Sección 3331,,false,false,,
secciones_2774,secciones,2774,Sección 2923,,false,false,,
secciones_2776,secciones,2776,Sección 2925,,false,false,,
secciones_2777,secciones,2777,Sección 2926,,false,false,,
secciones_2778,secciones,2778,Sección 2927,,false,false,,
secciones_2779,secciones,2779,Sección 2928,,false,false,,
secciones_2780,secciones,2780,Sección 2929,,false,false,,
secciones_2782,secciones,2782,Sección 2931,,false,false,,
secciones_2783,secciones,2783,Sección 2932,,false,false,,
secciones_2784,secciones,2784,Sección 2933,,false,false,,
secciones_2785,secciones,2785,Sección 2934,,false,false,,
secciones_2786,secciones,2786,Sección 2935,,false,false,,
secciones_3178,secciones,3178,Sección 3327,,false,false,,
secciones_3179,secciones,3179,Sección 3328,,false,false,,
secciones_3181,secciones,3181,Sección 3330,,false,false,,
secciones_2893,secciones,2893,Sección 3042,,false,false,,
secciones_2897,secciones,2897,Sección 3046,,false,false,,
secciones_2900,secciones,2900,Sección 3049,,false,false,,
secciones_2902,secciones,2902,Sección 3051,,false,false,,
secciones_2904,secciones,2904,Sección 3053,,false,false,,
secciones_2909,secciones,2909,Sección 3058,,false,false,,
secciones_2912,secciones,2912,Sección 3061,,false,false,,
secciones_2915,secciones,2915,Sección 3064,,false,false,,
secciones_2917,secciones,2917,Sección 3066,,false,false,,
secciones_2921,secciones,2921,Sección 3070,,false,false,,
secciones_2922,secciones,2922,Sección 3071,,false,false,,
secciones_2924,secciones,2924,Sección 3073,,false,false,,
secciones_2926,secciones,2926,Sección 3075,,false,false,,
secciones_2928,secciones,2928,Sección 3077,,false,false,,
secciones_2930,secciones,2930,Sección 3079,,false,false,,
secciones_2931,secciones,2931,Sección 3080,,false,false,,
secciones_2932,secciones,2932,Sección 3081,,false,false,,
secciones_2934,secciones,2934,Sección 3083,,false,false,,
secciones_2894,secciones,2894,Sección 3043,,false,false,,
secciones_2895,secciones,2895,Sección 3044,,false,false,,
secciones_2896,secciones,2896,Sección 3045,,false,false,,
secciones_2898,secciones,2898,Sección 3047,,false,false,,
secciones_2899,secciones,2899,Sección 3048,,false,false,,
secciones_2901,secciones,2901,Sección 3050,,false,false,,
secciones_2903,secciones,2903,Sección 3052,,false,false,,
secciones_2905,secciones,2905,Sección 3054,,false,false,,
secciones_2906,secciones,2906,Sección 3055,,false,false,,
secciones_2907,secciones,2907,Sección 3056,,false,false,,
secciones_2908,secciones,2908,Sección 3057,,false,false,,
secciones_2910,secciones,2910,Sección 3059,,false,false,,
secciones_2911,secciones,2911,Sección 3060,,false,false,,
secciones_2913,secciones,2913,Sección 3062,,false,false,,
secciones_2914,secciones,2914,Sección 3063,,false,false,,
secciones_2916,secciones,2916,Sección 3065,,false,false,,
secciones_2918,secciones,2918,Sección 3067,,false,false,,
secciones_2919,secciones,2919,Sección 3068,,false,false,,
secciones_2923,secciones,2923,Sección 3072,,false,false,,
secciones_2925,secciones,2925,Sección 3074,,false,false,,
secciones_2927,secciones,2927,Sección 3076,,false,false,,
secciones_2935,secciones,2935,Sección 3084,,false,false,,
secciones_2940,secciones,2940,Sección 3089,,false,false,,
secciones_2942,secciones,2942,Sección 3091,,false,false,,
secciones_2947,secciones,2947,Sección 3096,,false,false,,
secciones_2949,secciones,2949,Sección 3098,,false,false,,
secciones_2950,secciones,2950,Sección 3099,,false,false,,
secciones_2951,secciones,2951,Sección 3100,,false,false,,
secciones_2973,secciones,2973,Sección 3122,,false,false,,
secciones_2974,secciones,2974,Sección 3123,,false,false,,
secciones_2975,secciones,2975,Sección 3124,,false,false,,
secciones_2976,secciones,2976,Sección 3125,,false,false,,
secciones_2920,secciones,2920,Sección 3069,,false,false,,
secciones_2929,secciones,2929,Sección 3078,,false,false,,
secciones_2933,secciones,2933,Sección 3082,,false,false,,
secciones_2936,secciones,2936,Sección 3085,,false,false,,
secciones_2937,secciones,2937,Sección 3086,,false,false,,
secciones_2938,secciones,2938,Sección 3087,,false,false,,
secciones_2939,secciones,2939,Sección 3088,,false,false,,
secciones_2941,secciones,2941,Sección 3090,,false,false,,
secciones_2943,secciones,2943,Sección 3092,,false,false,,
secciones_2944,secciones,2944,Sección 3093,,false,false,,
secciones_2945,secciones,2945,Sección 3094,,false,false,,
secciones_2946,secciones,2946,Sección 3095,,false,false,,
secciones_2948,secciones,2948,Sección 3097,,false,false,,
secciones_1763,secciones,1763,Sección 1858,,false,false,,
secciones_1764,secciones,1764,Sección 1859,,false,false,,
secciones_1765,secciones,1765,Sección 1860,,false,false,,
secciones_1766,secciones,1766,Sección 1861,,false,false,,
secciones_1767,secciones,1767,Sección 1862,,false,false,,
secciones_1769,secciones,1769,Sección 1864,,false,false,,
secciones_1770,secciones,1770,Sección 1865,,false,false,,
secciones_1762,secciones,1762,Sección 1857,,false,false,,
secciones_1831,secciones,1831,Sección 1929,,false,false,,
secciones_1832,secciones,1832,Sección 1930,,false,false,,
secciones_1833,secciones,1833,Sección 1931,,false,false,,
secciones_1834,secciones,1834,Sección 1932,,false,false,,
secciones_1835,secciones,1835,Sección 1933,,false,false,,
secciones_1836,secciones,1836,Sección 1934,,false,false,,
secciones_1837,secciones,1837,Sección 1935,,false,false,,
secciones_1838,secciones,1838,Sección 1936,,false,false,,
secciones_1842,secciones,1842,Sección 1940,,false,false,,
secciones_1776,secciones,1776,Sección 1871,,false,false,,
secciones_1777,secciones,1777,Sección 1872,,false,false,,
secciones_1790,secciones,1790,Sección 1885,,false,false,,
secciones_1839,secciones,1839,Sección 1937,,false,false,,
secciones_1840,secciones,1840,Sección 1938,,false,false,,
secciones_1841,secciones,1841,Sección 1939,,false,false,,
secciones_2578,secciones,2578,Sección 2725,,false,false,,
secciones_2568,secciones,2568,Sección 2715,,false,false,,
secciones_2569,secciones,2569,Sección 2716,,false,false,,
secciones_2694,secciones,2694,Sección 2843,,false,false,,
secciones_2570,secciones,2570,Sección 2717,,false,false,,
secciones_2571,secciones,2571,Sección 2718,,false,false,,
secciones_2572,secciones,2572,Sección 2719,,false,false,,
secciones_2573,secciones,2573,Sección 2720,,false,false,,
secciones_2574,secciones,2574,Sección 2721,,false,false,,
secciones_2575,secciones,2575,Sección 2722,,false,false,,
secciones_2576,secciones,2576,Sección 2723,,false,false,,
secciones_2577,secciones,2577,Sección 2724,,false,false,,
secciones_2579,secciones,2579,Sección 2726,,false,false,,
secciones_2594,secciones,2594,Sección 2741,,false,false,,
secciones_2595,secciones,2595,Sección 2742,,false,false,,
secciones_2596,secciones,2596,Sección 2743,,false,false,,
secciones_2580,secciones,2580,Sección 2727,,false,false,,
secciones_2581,secciones,2581,Sección 2728,,false,false,,
secciones_2582,secciones,2582,Sección 2729,,false,false,,
secciones_2583,secciones,2583,Sección 2730,,false,false,,
secciones_2592,secciones,2592,Sección 2739,,false,false,,
secciones_2593,secciones,2593,Sección 2740,,false,false,,
secciones_2600,secciones,2600,Sección 2747,,false,false,,
secciones_2601,secciones,2601,Sección 2748,,false,false,,
secciones_2602,secciones,2602,Sección 2749,,false,false,,
secciones_2603,secciones,2603,Sección 2750,,false,false,,
secciones_2604,secciones,2604,Sección 2751,,false,false,,
secciones_2598,secciones,2598,Sección 2745,,false,false,,
secciones_2599,secciones,2599,Sección 2746,,false,false,,
secciones_2629,secciones,2629,Sección 2776,,false,false,,
secciones_2597,secciones,2597,Sección 2744,,false,false,,
secciones_2630,secciones,2630,Sección 2777,,false,false,,
secciones_2631,secciones,2631,Sección 2778,,false,false,,
secciones_2627,secciones,2627,Sección 2774,,false,false,,
secciones_2628,secciones,2628,Sección 2775,,false,false,,
secciones_2651,secciones,2651,Sección 2798,,false,false,,
secciones_2652,secciones,2652,Sección 2799,,false,false,,
secciones_2653,secciones,2653,Sección 2800,,false,false,,
secciones_2654,secciones,2654,Sección 2801,,false,false,,
secciones_2648,secciones,2648,Sección 2795,,false,false,,
secciones_2649,secciones,2649,Sección 2796,,false,false,,
secciones_2650,secciones,2650,Sección 2797,,false,false,,
secciones_2643,secciones,2643,Sección 2790,,false,false,,
secciones_2644,secciones,2644,Sección 2791,,false,false,,
secciones_2645,secciones,2645,Sección 2792,,false,false,,
secciones_2646,secciones,2646,Sección 2793,,false,false,,
secciones_2647,secciones,2647,Sección 2794,,false,false,,
secciones_2675,secciones,2675,Sección 2823,,false,false,,
secciones_2671,secciones,2671,Sección 2818,,false,false,,
secciones_2672,secciones,2672,Sección 2819,,false,false,,
secciones_2673,secciones,2673,Sección 2820,,false,false,,
secciones_2674,secciones,2674,Sección 2822,,false,false,,
secciones_3171,secciones,3171,Sección 3320,,false,false,,
secciones_3172,secciones,3172,Sección 3321,,false,false,,
secciones_3173,secciones,3173,Sección 3322,,false,false,,
secciones_2641,secciones,2641,Sección 2788,,false,false,,
secciones_2642,secciones,2642,Sección 2789,,false,false,,
secciones_3174,secciones,3174,Sección 3323,,false,false,,
secciones_3175,secciones,3175,Sección 3324,,false,false,,
secciones_3176,secciones,3176,Sección 3325,,false,false,,
secciones_2638,secciones,2638,Sección 2785,,false,false,,
secciones_2639,secciones,2639,Sección 2786,,false,false,,
secciones_2640,secciones,2640,Sección 2787,,false,false,,
secciones_2590,secciones,2590,Sección 2737,,false,false,,
secciones_2591,secciones,2591,Sección 2738,,false,false,,
secciones_2632,secciones,2632,Sección 2779,,false,false,,
secciones_2585,secciones,2585,Sección 2732,,false,false,,
secciones_2586,secciones,2586,Sección 2733,,false,false,,
secciones_1846,secciones,1846,Sección 1945,,false,false,,
secciones_2872,secciones,2872,Sección 3021,,false,false,,
secciones_2871,secciones,2871,Sección 3020,,false,false,,
secciones_2873,secciones,2873,Sección 3022,,false,false,,
secciones_2874,secciones,2874,Sección 3023,,false,false,,
secciones_2875,secciones,2875,Sección 3024,,false,false,,
secciones_2876,secciones,2876,Sección 3025,,false,false,,
secciones_2877,secciones,2877,Sección 3026,,false,false,,
secciones_2878,secciones,2878,Sección 3027,,false,false,,
secciones_2855,secciones,2855,Sección 3004,,false,false,,
secciones_2829,secciones,2829,Sección 2978,,false,false,,
secciones_2853,secciones,2853,Sección 3002,,false,false,,
secciones_2862,secciones,2862,Sección 3011,,false,false,,
secciones_2866,secciones,2866,Sección 3015,,false,false,,
secciones_2867,secciones,2867,Sección 3016,,false,false,,
secciones_2869,secciones,2869,Sección 3018,,false,false,,
secciones_2635,secciones,2635,Sección 2782,,false,false,,
secciones_2834,secciones,2834,Sección 2983,,false,false,,
secciones_2634,secciones,2634,Sección 2781,,false,false,,
secciones_2636,secciones,2636,Sección 2783,,false,false,,
secciones_2637,secciones,2637,Sección 2784,,false,false,,
secciones_2828,secciones,2828,Sección 2977,,false,false,,
secciones_2830,secciones,2830,Sección 2979,,false,false,,
secciones_2831,secciones,2831,Sección 2980,,false,false,,
secciones_2835,secciones,2835,Sección 2984,,false,false,,
secciones_2837,secciones,2837,Sección 2986,,false,false,,
secciones_2841,secciones,2841,Sección 2990,,false,false,,
secciones_2842,secciones,2842,Sección 2991,,false,false,,
secciones_2827,secciones,2827,Sección 2976,,false,false,,
secciones_2843,secciones,2843,Sección 2992,,false,false,,
secciones_2847,secciones,2847,Sección 2996,,false,false,,
secciones_2848,secciones,2848,Sección 2997,,false,false,,
secciones_2849,secciones,2849,Sección 2998,,false,false,,
secciones_2997,secciones,2997,Sección 3146,,false,false,,
secciones_2998,secciones,2998,Sección 3147,,false,false,,
secciones_2999,secciones,2999,Sección 3148,,false,false,,
secciones_3001,secciones,3001,Sección 3150,,false,false,,
secciones_3002,secciones,3002,Sección 3151,,false,false,,
secciones_3005,secciones,3005,Sección 3154,,false,false,,
secciones_3006,secciones,3006,Sección 3155,,false,false,,
secciones_3008,secciones,3008,Sección 3157,,false,false,,
secciones_3009,secciones,3009,Sección 3158,,false,false,,
secciones_3010,secciones,3010,Sección 3159,,false,false,,
secciones_3011,secciones,3011,Sección 3160,,false,false,,
secciones_3021,secciones,3021,Sección 3170,,false,false,,
secciones_3022,secciones,3022,Sección 3171,,false,false,,
secciones_3023,secciones,3023,Sección 3172,,false,false,,
secciones_3025,secciones,3025,Sección 3174,,false,false,,
secciones_3026,secciones,3026,Sección 3175,,false,false,,
secciones_3027,secciones,3027,Sección 3176,,false,false,,
secciones_3004,secciones,3004,Sección 3153,,false,false,,
secciones_3012,secciones,3012,Sección 3161,,false,false,,
secciones_3013,secciones,3013,Sección 3162,,false,false,,
secciones_3014,secciones,3014,Sección 3163,,false,false,,
secciones_3015,secciones,3015,Sección 3164,,false,false,,
secciones_3016,secciones,3016,Sección 3165,,false,false,,
secciones_3017,secciones,3017,Sección 3166,,false,false,,
secciones_3018,secciones,3018,Sección 3167,,false,false,,
secciones_3019,secciones,3019,Sección 3168,,false,false,,
secciones_3020,secciones,3020,Sección 3169,,false,false,,
secciones_3024,secciones,3024,Sección 3173,,false,false,,
secciones_2995,secciones,2995,Sección 3144,,false,false,,
secciones_3000,secciones,3000,Sección 3149,,false,false,,
secciones_3003,secciones,3003,Sección 3152,,false,false,,
secciones_3007,secciones,3007,Sección 3156,,false,false,,
secciones_2981,secciones,2981,Sección 3130,,false,false,,
secciones_2982,secciones,2982,Sección 3131,,false,false,,
secciones_2983,secciones,2983,Sección 3132,,false,false,,
secciones_2984,secciones,2984,Sección 3133,,false,false,,
secciones_2986,secciones,2986,Sección 3135,,false,false,,
secciones_2987,secciones,2987,Sección 3136,,false,false,,
secciones_2988,secciones,2988,Sección 3137,,false,false,,
secciones_2989,secciones,2989,Sección 3138,,false,false,,
secciones_2990,secciones,2990,Sección 3139,,false,false,,
secciones_2991,secciones,2991,Sección 3140,,false,false,,
secciones_2971,secciones,2971,Sección 3120,,false,false,,
secciones_2972,secciones,2972,Sección 3121,,false,false,,
secciones_2977,secciones,2977,Sección 3126,,false,false,,
secciones_2978,secciones,2978,Sección 3127,,false,false,,
secciones_2979,secciones,2979,Sección 3128,,false,false,,
secciones_2980,secciones,2980,Sección 3129,,false,false,,
secciones_2985,secciones,2985,Sección 3134,,false,false,,
secciones_2992,secciones,2992,Sección 3141,,false,false,,
secciones_2993,secciones,2993,Sección 3142,,false,false,,
secciones_2994,secciones,2994,Sección 3143,,false,false,,
secciones_2996,secciones,2996,Sección 3145,,false,false,,
secciones_1843,secciones,1843,Sección 1942,,false,false,,
secciones_1844,secciones,1844,Sección 1943,,false,false,,
secciones_1845,secciones,1845,Sección 1944,,false,false,,
secciones_2100,secciones,2100,Sección 2201,,false,false,,
secciones_2102,secciones,2102,Sección 2204,,false,false,,
secciones_2098,secciones,2098,Sección 2199,,false,false,,
secciones_2099,secciones,2099,Sección 2200,,false,false,,
secciones_2101,secciones,2101,Sección 2203,,false,false,,
secciones_2103,secciones,2103,Sección 2205,,false,false,,
secciones_2104,secciones,2104,Sección 2206,,false,false,,
secciones_2105,secciones,2105,Sección 2207,,false,false,,
secciones_2107,secciones,2107,Sección 2209,,false,false,,
secciones_2109,secciones,2109,Sección 2212,,false,false,,
secciones_2106,secciones,2106,Sección 2208,,false,false,,
secciones_2108,secciones,2108,Sección 2211,,false,false,,
secciones_2133,secciones,2133,Sección 2237,,false,false,,
secciones_2134,secciones,2134,Sección 2238,,false,false,,
secciones_2135,secciones,2135,Sección 2239,,false,false,,
secciones_2136,secciones,2136,Sección 2240,,false,false,,
secciones_2137,secciones,2137,Sección 2241,,false,false,,
secciones_2145,secciones,2145,Sección 2250,,false,false,,
secciones_2146,secciones,2146,Sección 2251,,false,false,,
secciones_2147,secciones,2147,Sección 2252,,false,false,,
secciones_2140,secciones,2140,Sección 2244,,false,false,,
secciones_2142,secciones,2142,Sección 2246,,false,false,,
secciones_2143,secciones,2143,Sección 2247,,false,false,,
secciones_2144,secciones,2144,Sección 2249,,false,false,,
secciones_2138,secciones,2138,Sección 2242,,false,false,,
secciones_2139,secciones,2139,Sección 2243,,false,false,,
secciones_2141,secciones,2141,Sección 2245,,false,false,,
secciones_2148,secciones,2148,Sección 2254,,false,false,,
secciones_2127,secciones,2127,Sección 2231,,false,false,,
secciones_2128,secciones,2128,Sección 2232,,false,false,,
secciones_2129,secciones,2129,Sección 2233,,false,false,,
secciones_2130,secciones,2130,Sección 2234,,false,false,,
secciones_2131,secciones,2131,Sección 2235,,false,false,,
secciones_2132,secciones,2132,Sección 2236,,false,false,,
secciones_2123,secciones,2123,Sección 2227,,false,false,,
secciones_2125,secciones,2125,Sección 2229,,false,false,,
secciones_2126,secciones,2126,Sección 2230,,false,false,,
secciones_2152,secciones,2152,Sección 2258,,false,false,,
secciones_2153,secciones,2153,Sección 2259,,false,false,,
secciones_2154,secciones,2154,Sección 2260,,false,false,,
secciones_2110,secciones,2110,Sección 2214,,false,false,,
secciones_2122,secciones,2122,Sección 2226,,false,false,,
secciones_2149,secciones,2149,Sección 2255,,false,false,,
secciones_2150,secciones,2150,Sección 2256,,false,false,,
secciones_2151,secciones,2151,Sección 2257,,false,false,,
secciones_2112,secciones,2112,Sección 2216,,false,false,,
secciones_2114,secciones,2114,Sección 2218,,false,false,,
secciones_2115,secciones,2115,Sección 2219,,false,false,,
secciones_2117,secciones,2117,Sección 2221,,false,false,,
secciones_2118,secciones,2118,Sección 2222,,false,false,,
secciones_2111,secciones,2111,Sección 2215,,false,false,,
secciones_2113,secciones,2113,Sección 2217,,false,false,,
secciones_2116,secciones,2116,Sección 2220,,false,false,,
secciones_2119,secciones,2119,Sección 2223,,false,false,,
secciones_2120,secciones,2120,Sección 2224,,false,false,,
secciones_2121,secciones,2121,Sección 2225,,false,false,,
secciones_2124,secciones,2124,Sección 2228,,false,false,,
secciones_2155,secciones,2155,Sección 2261,,false,false,,
secciones_2156,secciones,2156,Sección 2262,,false,false,,
secciones_2157,secciones,2157,Sección 2263,,false,false,,
secciones_2158,secciones,2158,Sección 2265,,false,false,,
secciones_2159,secciones,2159,Sección 2266,,false,false,,
secciones_2160,secciones,2160,Sección 2267,,false,false,,
secciones_2161,secciones,2161,Sección 2268,,false,false,,
secciones_2162,secciones,2162,Sección 2269,,false,false,,
secciones_2163,secciones,2163,Sección 2270,,false,false,,
secciones_2169,secciones,2169,Sección 2276,,false,false,,
secciones_2170,secciones,2170,Sección 2277,,false,false,,
secciones_2167,secciones,2167,Sección 2274,,false,false,,
secciones_2168,secciones,2168,Sección 2275,,false,false,,
secciones_2164,secciones,2164,Sección 2271,,false,false,,
secciones_2165,secciones,2165,Sección 2272,,false,false,,
secciones_2166,secciones,2166,Sección 2273,,false,false,,
secciones_2174,secciones,2174,Sección 2281,,false,false,,
secciones_2175,secciones,2175,Sección 2282,,false,false,,
secciones_2177,secciones,2177,Sección 2286,,false,false,,
secciones_2178,secciones,2178,Sección 2287,,false,false,,
secciones_2171,secciones,2171,Sección 2278,,false,false,,
secciones_2172,secciones,2172,Sección 2279,,false,false,,
secciones_2173,secciones,2173,Sección 2280,,false,false,,
secciones_2176,secciones,2176,Sección 2283,,false,false,,
secciones_2201,secciones,2201,Sección 2310,,false,false,,
secciones_2202,secciones,2202,Sección 2311,,false,false,,
secciones_2203,secciones,2203,Sección 2312,,false,false,,
secciones_2205,secciones,2205,Sección 2314,,false,false,,
secciones_2209,secciones,2209,Sección 2318,,false,false,,
secciones_2210,secciones,2210,Sección 2319,,false,false,,
secciones_2194,secciones,2194,Sección 2303,,false,false,,
secciones_2195,secciones,2195,Sección 2304,,false,false,,
secciones_2196,secciones,2196,Sección 2305,,false,false,,
secciones_2197,secciones,2197,Sección 2306,,false,false,,
secciones_2198,secciones,2198,Sección 2307,,false,false,,
secciones_2199,secciones,2199,Sección 2308,,false,false,,
secciones_2200,secciones,2200,Sección 2309,,false,false,,
secciones_2204,secciones,2204,Sección 2313,,false,false,,
secciones_2206,secciones,2206,Sección 2315,,false,false,,
secciones_2207,secciones,2207,Sección 2316,,false,false,,
secciones_2208,secciones,2208,Sección 2317,,false,false,,
secciones_2211,secciones,2211,Sección 2320,,false,false,,
secciones_2212,secciones,2212,Sección 2321,,false,false,,
secciones_2213,secciones,2213,Sección 2322,,false,false,,
secciones_2179,secciones,2179,Sección 2288,,false,false,,
secciones_2189,secciones,2189,Sección 2298,,false,false,,
secciones_2190,secciones,2190,Sección 2299,,false,false,,
secciones_2191,secciones,2191,Sección 2300,,false,false,,
secciones_2192,secciones,2192,Sección 2301,,false,false,,
secciones_2183,secciones,2183,Sección 2292,,false,false,,
secciones_2184,secciones,2184,Sección 2293,,false,false,,
secciones_2185,secciones,2185,Sección 2294,,false,false,,
secciones_2193,secciones,2193,Sección 2302,,false,false,,
secciones_2181,secciones,2181,Sección 2290,,false,false,,
secciones_2182,secciones,2182,Sección 2291,,false,false,,
secciones_2186,secciones,2186,Sección 2295,,false,false,,
secciones_2180,secciones,2180,Sección 2289,,false,false,,
secciones_2187,secciones,2187,Sección 2296,,false,false,,
secciones_2188,secciones,2188,Sección 2297,,false,false,,
secciones_2215,secciones,2215,Sección 2324,,false,false,,
secciones_2219,secciones,2219,Sección 2328,,false,false,,
secciones_2220,secciones,2220,Sección 2329,,false,false,,
secciones_2221,secciones,2221,Sección 2330,,false,false,,
secciones_2217,secciones,2217,Sección 2326,,false,false,,
secciones_2218,secciones,2218,Sección 2327,,false,false,,
secciones_2214,secciones,2214,Sección 2323,,false,false,,
secciones_2216,secciones,2216,Sección 2325,,false,false,,
secciones_2227,secciones,2227,Sección 2336,,false,false,,
secciones_2228,secciones,2228,Sección 2337,,false,false,,
secciones_2229,secciones,2229,Sección 2338,,false,false,,
secciones_2223,secciones,2223,Sección 2332,,false,false,,
secciones_2224,secciones,2224,Sección 2333,,false,false,,
secciones_2226,secciones,2226,Sección 2335,,false,false,,
secciones_2222,secciones,2222,Sección 2331,,false,false,,
secciones_2225,secciones,2225,Sección 2334,,false,false,,
secciones_2233,secciones,2233,Sección 2342,,false,false,,
secciones_2252,secciones,2252,Sección 2362,,false,false,,
secciones_2253,secciones,2253,Sección 2363,,false,false,,
secciones_2255,secciones,2255,Sección 2365,,false,false,,
secciones_2234,secciones,2234,Sección 2343,,false,false,,
secciones_2248,secciones,2248,Sección 2358,,false,false,,
secciones_2254,secciones,2254,Sección 2364,,false,false,,
secciones_2235,secciones,2235,Sección 2344,,false,false,,
secciones_2236,secciones,2236,Sección 2345,,false,false,,
secciones_2246,secciones,2246,Sección 2356,,false,false,,
secciones_2247,secciones,2247,Sección 2357,,false,false,,
secciones_2270,secciones,2270,Sección 2389,,false,false,,
secciones_2230,secciones,2230,Sección 2339,,false,false,,
secciones_2231,secciones,2231,Sección 2340,,false,false,,
secciones_2232,secciones,2232,Sección 2341,,false,false,,
secciones_2249,secciones,2249,Sección 2359,,false,false,,
secciones_2250,secciones,2250,Sección 2360,,false,false,,
secciones_2251,secciones,2251,Sección 2361,,false,false,,
secciones_2256,secciones,2256,Sección 2367,,false,false,,
secciones_2237,secciones,2237,Sección 2346,,false,false,,
secciones_2238,secciones,2238,Sección 2347,,false,false,,
secciones_2239,secciones,2239,Sección 2348,,false,false,,
secciones_2269,secciones,2269,Sección 2388,,false,false,,
secciones_2243,secciones,2243,Sección 2352,,false,false,,
secciones_2244,secciones,2244,Sección 2353,,false,false,,
secciones_2257,secciones,2257,Sección 2368,,false,false,,
secciones_2258,secciones,2258,Sección 2371,,false,false,,
secciones_2245,secciones,2245,Sección 2354,,false,false,,
secciones_2259,secciones,2259,Sección 2374,,false,false,,
secciones_2260,secciones,2260,Sección 2375,,false,false,,
secciones_2261,secciones,2261,Sección 2378,,false,false,,
secciones_2262,secciones,2262,Sección 2379,,false,false,,
secciones_2242,secciones,2242,Sección 2351,,false,false,,
secciones_2263,secciones,2263,Sección 2380,,false,false,,
secciones_2264,secciones,2264,Sección 2381,,false,false,,
secciones_2266,secciones,2266,Sección 2384,,false,false,,
secciones_2240,secciones,2240,Sección 2349,,false,false,,
secciones_2241,secciones,2241,Sección 2350,,false,false,,
secciones_2265,secciones,2265,Sección 2382,,false,false,,
secciones_2267,secciones,2267,Sección 2385,,false,false,,
secciones_2268,secciones,2268,Sección 2387,,false,false,,
secciones_2271,secciones,2271,Sección 2390,,false,false,,
secciones_2274,secciones,2274,Sección 2395,,false,false,,
secciones_2272,secciones,2272,Sección 2392,,false,false,,
secciones_2273,secciones,2273,Sección 2393,,false,false,,
secciones_2334,secciones,2334,Sección 2455,,false,false,,
secciones_2335,secciones,2335,Sección 2456,,false,false,,
secciones_2336,secciones,2336,Sección 2457,,false,false,,
secciones_2325,secciones,2325,Sección 2446,,false,false,,
secciones_2326,secciones,2326,Sección 2447,,false,false,,
secciones_2327,secciones,2327,Sección 2448,,false,false,,
secciones_2337,secciones,2337,Sección 2458,,false,false,,
secciones_2338,secciones,2338,Sección 2459,,false,false,,
secciones_2328,secciones,2328,Sección 2449,,false,false,,
secciones_2332,secciones,2332,Sección 2453,,false,false,,
secciones_2329,secciones,2329,Sección 2450,,false,false,,
secciones_2330,secciones,2330,Sección 2451,,false,false,,
secciones_2331,secciones,2331,Sección 2452,,false,false,,
secciones_2275,secciones,2275,Sección 2396,,false,false,,
secciones_2276,secciones,2276,Sección 2397,,false,false,,
secciones_2287,secciones,2287,Sección 2408,,false,false,,
secciones_2288,secciones,2288,Sección 2409,,false,false,,
secciones_2300,secciones,2300,Sección 2421,,false,false,,
secciones_2302,secciones,2302,Sección 2423,,false,false,,
secciones_2278,secciones,2278,Sección 2399,,false,false,,
secciones_2279,secciones,2279,Sección 2400,,false,false,,
secciones_2282,secciones,2282,Sección 2403,,false,false,,
secciones_2283,secciones,2283,Sección 2404,,false,false,,
secciones_2284,secciones,2284,Sección 2405,,false,false,,
secciones_2280,secciones,2280,Sección 2401,,false,false,,
secciones_2281,secciones,2281,Sección 2402,,false,false,,
secciones_2292,secciones,2292,Sección 2413,,false,false,,
secciones_2293,secciones,2293,Sección 2414,,false,false,,
secciones_2294,secciones,2294,Sección 2415,,false,false,,
secciones_2289,secciones,2289,Sección 2410,,false,false,,
secciones_2290,secciones,2290,Sección 2411,,false,false,,
secciones_2291,secciones,2291,Sección 2412,,false,false,,
secciones_2295,secciones,2295,Sección 2416,,false,false,,
secciones_2296,secciones,2296,Sección 2417,,false,false,,
secciones_2297,secciones,2297,Sección 2418,,false,false,,
secciones_2315,secciones,2315,Sección 2436,,false,false,,
secciones_2316,secciones,2316,Sección 2437,,false,false,,
secciones_2298,secciones,2298,Sección 2419,,false,false,,
secciones_2299,secciones,2299,Sección 2420,,false,false,,
secciones_2313,secciones,2313,Sección 2434,,false,false,,
secciones_2314,secciones,2314,Sección 2435,,false,false,,
secciones_2317,secciones,2317,Sección 2438,,false,false,,
secciones_2318,secciones,2318,Sección 2439,,false,false,,
secciones_2301,secciones,2301,Sección 2422,,false,false,,
secciones_2303,secciones,2303,Sección 2424,,false,false,,
secciones_2304,secciones,2304,Sección 2425,,false,false,,
secciones_2310,secciones,2310,Sección 2431,,false,false,,
secciones_2311,secciones,2311,Sección 2432,,false,false,,
secciones_2312,secciones,2312,Sección 2433,,false,false,,
secciones_2285,secciones,2285,Sección 2406,,false,false,,
secciones_2286,secciones,2286,Sección 2407,,false,false,,
secciones_2305,secciones,2305,Sección 2426,,false,false,,
secciones_2306,secciones,2306,Sección 2427,,false,false,,
secciones_2307,secciones,2307,Sección 2428,,false,false,,
secciones_2308,secciones,2308,Sección 2429,,false,false,,
secciones_2309,secciones,2309,Sección 2430,,false,false,,
secciones_2277,secciones,2277,Sección 2398,,false,false,,
secciones_2333,secciones,2333,Sección 2454,,false,false,,
secciones_2319,secciones,2319,Sección 2440,,false,false,,
secciones_2320,secciones,2320,Sección 2441,,false,false,,
secciones_2321,secciones,2321,Sección 2442,,false,false,,
secciones_2322,secciones,2322,Sección 2443,,false,false,,
secciones_2323,secciones,2323,Sección 2444,,false,false,,
secciones_2324,secciones,2324,Sección 2445,,false,false,,
secciones_2347,secciones,2347,Sección 2470,,false,false,,
secciones_2348,secciones,2348,Sección 2471,,false,false,,
secciones_2349,secciones,2349,Sección 2472,,false,false,,
secciones_2351,secciones,2351,Sección 2475,,false,false,,
secciones_2339,secciones,2339,Sección 2460,,false,false,,
secciones_2350,secciones,2350,Sección 2473,,false,false,,
secciones_2345,secciones,2345,Sección 2467,,false,false,,
secciones_2340,secciones,2340,Sección 2461,,false,false,,
secciones_2341,secciones,2341,Sección 2462,,false,false,,
secciones_2344,secciones,2344,Sección 2466,,false,false,,
secciones_2346,secciones,2346,Sección 2469,,false,false,,
secciones_2342,secciones,2342,Sección 2463,,false,false,,
secciones_2343,secciones,2343,Sección 2464,,false,false,,
secciones_2377,secciones,2377,Sección 2505,,false,false,,
secciones_2378,secciones,2378,Sección 2507,,false,false,,
secciones_2379,secciones,2379,Sección 2508,,false,false,,
secciones_2360,secciones,2360,Sección 2485,,false,false,,
secciones_2361,secciones,2361,Sección 2486,,false,false,,
secciones_2366,secciones,2366,Sección 2491,,false,false,,
secciones_2374,secciones,2374,Sección 2502,,false,false,,
secciones_2375,secciones,2375,Sección 2503,,false,false,,
secciones_2376,secciones,2376,Sección 2504,,false,false,,
secciones_2358,secciones,2358,Sección 2483,,false,false,,
secciones_2369,secciones,2369,Sección 2495,,false,false,,
secciones_2370,secciones,2370,Sección 2498,,false,false,,
secciones_2371,secciones,2371,Sección 2499,,false,false,,
secciones_2372,secciones,2372,Sección 2500,,false,false,,
secciones_2373,secciones,2373,Sección 2501,,false,false,,
secciones_2363,secciones,2363,Sección 2488,,false,false,,
secciones_2364,secciones,2364,Sección 2489,,false,false,,
secciones_2367,secciones,2367,Sección 2492,,false,false,,
secciones_2368,secciones,2368,Sección 2493,,false,false,,
secciones_2352,secciones,2352,Sección 2477,,false,false,,
secciones_2353,secciones,2353,Sección 2478,,false,false,,
secciones_2354,secciones,2354,Sección 2479,,false,false,,
secciones_2355,secciones,2355,Sección 2480,,false,false,,
secciones_2356,secciones,2356,Sección 2481,,false,false,,
secciones_2357,secciones,2357,Sección 2482,,false,false,,
secciones_2359,secciones,2359,Sección 2484,,false,false,,
secciones_2362,secciones,2362,Sección 2487,,false,false,,
secciones_2365,secciones,2365,Sección 2490,,false,false,,
secciones_2380,secciones,2380,Sección 2509,,false,false,,
secciones_2381,secciones,2381,Sección 2510,,false,false,,
secciones_2382,secciones,2382,Sección 2511,,false,false,,
secciones_2387,secciones,2387,Sección 2516,,false,false,,
secciones_2388,secciones,2388,Sección 2517,,false,false,,
secciones_2383,secciones,2383,Sección 2512,,false,false,,
secciones_2384,secciones,2384,Sección 2513,,false,false,,
secciones_2385,secciones,2385,Sección 2514,,false,false,,
secciones_2386,secciones,2386,Sección 2515,,false,false,,
secciones_2389,secciones,2389,Sección 2518,,false,false,,
secciones_2392,secciones,2392,Sección 2521,,false,false,,
secciones_2393,secciones,2393,Sección 2522,,false,false,,
secciones_2394,secciones,2394,Sección 2523,,false,false,,
secciones_2395,secciones,2395,Sección 2524,,false,false,,
secciones_2396,secciones,2396,Sección 2525,,false,false,,
secciones_2397,secciones,2397,Sección 2527,,false,false,,
secciones_2390,secciones,2390,Sección 2519,,false,false,,
secciones_2391,secciones,2391,Sección 2520,,false,false,,
secciones_2412,secciones,2412,Sección 2543,,false,false,,
secciones_2413,secciones,2413,Sección 2544,,false,false,,
secciones_2411,secciones,2411,Sección 2542,,false,false,,
secciones_2409,secciones,2409,Sección 2540,,false,false,,
secciones_2410,secciones,2410,Sección 2541,,false,false,,
secciones_2405,secciones,2405,Sección 2535,,false,false,,
secciones_2406,secciones,2406,Sección 2537,,false,false,,
secciones_2407,secciones,2407,Sección 2538,,false,false,,
secciones_2408,secciones,2408,Sección 2539,,false,false,,
secciones_2400,secciones,2400,Sección 2530,,false,false,,
secciones_2398,secciones,2398,Sección 2528,,false,false,,
secciones_2399,secciones,2399,Sección 2529,,false,false,,
secciones_2404,secciones,2404,Sección 2534,,false,false,,
secciones_2402,secciones,2402,Sección 2532,,false,false,,
secciones_2403,secciones,2403,Sección 2533,,false,false,,
secciones_2401,secciones,2401,Sección 2531,,false,false,,
secciones_2414,secciones,2414,Sección 2545,,false,false,,
secciones_2417,secciones,2417,Sección 2548,,false,false,,
secciones_2415,secciones,2415,Sección 2546,,false,false,,
secciones_2416,secciones,2416,Sección 2547,,false,false,,
secciones_2420,secciones,2420,Sección 2554,,false,false,,
secciones_2421,secciones,2421,Sección 2555,,false,false,,
secciones_2422,secciones,2422,Sección 2557,,false,false,,
secciones_2423,secciones,2423,Sección 2558,,false,false,,
secciones_2418,secciones,2418,Sección 2549,,false,false,,
secciones_2419,secciones,2419,Sección 2550,,false,false,,
secciones_2424,secciones,2424,Sección 2559,,false,false,,
secciones_2427,secciones,2427,Sección 2562,,false,false,,
secciones_2428,secciones,2428,Sección 2563,,false,false,,
secciones_2429,secciones,2429,Sección 2564,,false,false,,
secciones_2425,secciones,2425,Sección 2560,,false,false,,
secciones_2426,secciones,2426,Sección 2561,,false,false,,
secciones_2439,secciones,2439,Sección 2575,,false,false,,
secciones_2440,secciones,2440,Sección 2576,,false,false,,
secciones_2432,secciones,2432,Sección 2568,,false,false,,
secciones_2433,secciones,2433,Sección 2569,,false,false,,
secciones_2436,secciones,2436,Sección 2572,,false,false,,
secciones_2437,secciones,2437,Sección 2573,,false,false,,
secciones_2438,secciones,2438,Sección 2574,,false,false,,
secciones_2430,secciones,2430,Sección 2566,,false,false,,
secciones_2431,secciones,2431,Sección 2567,,false,false,,
secciones_2434,secciones,2434,Sección 2570,,false,false,,
secciones_2435,secciones,2435,Sección 2571,,false,false,,
secciones_2457,secciones,2457,Sección 2594,,false,false,,
secciones_2458,secciones,2458,Sección 2595,,false,false,,
secciones_2441,secciones,2441,Sección 2578,,false,false,,
secciones_2442,secciones,2442,Sección 2579,,false,false,,
secciones_2459,secciones,2459,Sección 2597,,false,false,,
secciones_2460,secciones,2460,Sección 2599,,false,false,,
secciones_2444,secciones,2444,Sección 2581,,false,false,,
secciones_2445,secciones,2445,Sección 2582,,false,false,,
secciones_2446,secciones,2446,Sección 2583,,false,false,,
secciones_2447,secciones,2447,Sección 2584,,false,false,,
secciones_2450,secciones,2450,Sección 2587,,false,false,,
secciones_2453,secciones,2453,Sección 2590,,false,false,,
secciones_2454,secciones,2454,Sección 2591,,false,false,,
secciones_2455,secciones,2455,Sección 2592,,false,false,,
secciones_2456,secciones,2456,Sección 2593,,false,false,,
secciones_2443,secciones,2443,Sección 2580,,false,false,,
secciones_2448,secciones,2448,Sección 2585,,false,false,,
secciones_2449,secciones,2449,Sección 2586,,false,false,,
secciones_2451,secciones,2451,Sección 2588,,false,false,,
secciones_2452,secciones,2452,Sección 2589,,false,false,,
secciones_2470,secciones,2470,Sección 2611,,false,false,,
secciones_2471,secciones,2471,Sección 2612,,false,false,,
secciones_2472,secciones,2472,Sección 2613,,false,false,,
secciones_2473,secciones,2473,Sección 2614,,false,false,,
secciones_2461,secciones,2461,Sección 2601,,false,false,,
secciones_2462,secciones,2462,Sección 2602,,false,false,,
secciones_2463,secciones,2463,Sección 2603,,false,false,,
secciones_2469,secciones,2469,Sección 2609,,false,false,,
secciones_2464,secciones,2464,Sección 2604,,false,false,,
secciones_2465,secciones,2465,Sección 2605,,false,false,,
secciones_2466,secciones,2466,Sección 2606,,false,false,,
secciones_2467,secciones,2467,Sección 2607,,false,false,,
secciones_2468,secciones,2468,Sección 2608,,false,false,,
secciones_2487,secciones,2487,Sección 2628,,false,false,,
secciones_2488,secciones,2488,Sección 2630,,false,false,,
secciones_2489,secciones,2489,Sección 2631,,false,false,,
secciones_2490,secciones,2490,Sección 2632,,false,false,,
secciones_2491,secciones,2491,Sección 2633,,false,false,,
secciones_2505,secciones,2505,Sección 2647,,false,false,,
secciones_2494,secciones,2494,Sección 2636,,false,false,,
secciones_2495,secciones,2495,Sección 2637,,false,false,,
secciones_2502,secciones,2502,Sección 2644,,false,false,,
secciones_2503,secciones,2503,Sección 2645,,false,false,,
secciones_2504,secciones,2504,Sección 2646,,false,false,,
secciones_2492,secciones,2492,Sección 2634,,false,false,,
secciones_2493,secciones,2493,Sección 2635,,false,false,,
secciones_2485,secciones,2485,Sección 2626,,false,false,,
secciones_2486,secciones,2486,Sección 2627,,false,false,,
secciones_2496,secciones,2496,Sección 2638,,false,false,,
secciones_2497,secciones,2497,Sección 2639,,false,false,,
secciones_2498,secciones,2498,Sección 2640,,false,false,,
secciones_2475,secciones,2475,Sección 2616,,false,false,,
secciones_2476,secciones,2476,Sección 2617,,false,false,,
secciones_2480,secciones,2480,Sección 2621,,false,false,,
secciones_2499,secciones,2499,Sección 2641,,false,false,,
secciones_2500,secciones,2500,Sección 2642,,false,false,,
secciones_2501,secciones,2501,Sección 2643,,false,false,,
secciones_2481,secciones,2481,Sección 2622,,false,false,,
secciones_2482,secciones,2482,Sección 2623,,false,false,,
secciones_2483,secciones,2483,Sección 2624,,false,false,,
secciones_2484,secciones,2484,Sección 2625,,false,false,,
secciones_2474,secciones,2474,Sección 2615,,false,false,,
secciones_2477,secciones,2477,Sección 2618,,false,false,,
secciones_2478,secciones,2478,Sección 2619,,false,false,,
secciones_2479,secciones,2479,Sección 2620,,false,false,,
secciones_2513,secciones,2513,Sección 2655,,false,false,,
secciones_2514,secciones,2514,Sección 2656,,false,false,,
secciones_2515,secciones,2515,Sección 2657,,false,false,,
secciones_2516,secciones,2516,Sección 2658,,false,false,,
secciones_2517,secciones,2517,Sección 2659,,false,false,,
secciones_2518,secciones,2518,Sección 2660,,false,false,,
secciones_2506,secciones,2506,Sección 2648,,false,false,,
secciones_2507,secciones,2507,Sección 2649,,false,false,,
secciones_2508,secciones,2508,Sección 2650,,false,false,,
secciones_2512,secciones,2512,Sección 2654,,false,false,,
secciones_2509,secciones,2509,Sección 2651,,false,false,,
secciones_2510,secciones,2510,Sección 2652,,false,false,,
secciones_2511,secciones,2511,Sección 2653,,false,false,,
secciones_2519,secciones,2519,Sección 2661,,false,false,,
secciones_2520,secciones,2520,Sección 2662,,false,false,,
secciones_2524,secciones,2524,Sección 2667,,false,false,,
secciones_2521,secciones,2521,Sección 2663,,false,false,,
secciones_2522,secciones,2522,Sección 2664,,false,false,,
secciones_2523,secciones,2523,Sección 2665,,false,false,,
secciones_2537,secciones,2537,Sección 2680,,false,false,,
secciones_2538,secciones,2538,Sección 2681,,false,false,,
secciones_2539,secciones,2539,Sección 2682,,false,false,,
secciones_2540,secciones,2540,Sección 2683,,false,false,,
secciones_2536,secciones,2536,Sección 2679,,false,false,,
secciones_2525,secciones,2525,Sección 2668,,false,false,,
secciones_2535,secciones,2535,Sección 2678,,false,false,,
secciones_2533,secciones,2533,Sección 2676,,false,false,,
secciones_2529,secciones,2529,Sección 2672,,false,false,,
secciones_2530,secciones,2530,Sección 2673,,false,false,,
secciones_2531,secciones,2531,Sección 2674,,false,false,,
secciones_2526,secciones,2526,Sección 2669,,false,false,,
secciones_2527,secciones,2527,Sección 2670,,false,false,,
secciones_2528,secciones,2528,Sección 2671,,false,false,,
secciones_2534,secciones,2534,Sección 2677,,false,false,,
secciones_2532,secciones,2532,Sección 2675,,false,false,,
secciones_2543,secciones,2543,Sección 2686,,false,false,,
secciones_2544,secciones,2544,Sección 2687,,false,false,,
secciones_2545,secciones,2545,Sección 2689,,false,false,,
secciones_2546,secciones,2546,Sección 2690,,false,false,,
secciones_2551,secciones,2551,Sección 2695,,false,false,,
secciones_2541,secciones,2541,Sección 2684,,false,false,,
secciones_2542,secciones,2542,Sección 2685,,false,false,,
secciones_2548,secciones,2548,Sección 2692,,false,false,,
secciones_2549,secciones,2549,Sección 2693,,false,false,,
secciones_2550,secciones,2550,Sección 2694,,false,false,,
secciones_2547,secciones,2547,Sección 2691,,false,false,,
secciones_2556,secciones,2556,Sección 2701,,false,false,,
secciones_2557,secciones,2557,Sección 2702,,false,false,,
secciones_2558,secciones,2558,Sección 2704,,false,false,,
secciones_2559,secciones,2559,Sección 2706,,false,false,,
secciones_2560,secciones,2560,Sección 2707,,false,false,,
secciones_2561,secciones,2561,Sección 2708,,false,false,,
secciones_2553,secciones,2553,Sección 2698,,false,false,,
secciones_2562,secciones,2562,Sección 2709,,false,false,,
secciones_2563,secciones,2563,Sección 2710,,false,false,,
secciones_2552,secciones,2552,Sección 2697,,false,false,,
secciones_2554,secciones,2554,Sección 2699,,false,false,,
secciones_2555,secciones,2555,Sección 2700,,false,false,,
zonas_azules_8_1,zonas_azules,8_1,"Zona 1 (Secc. 3279, 3281)",,false,false,,
zonas_azules_2_2,zonas_azules,2_2,"Zona 2 (Secc. 2844, 2847)",,false,false,,
zonas_azules_3_3,zonas_azules,3_3,"Zona 3 (Secc. 2848, 2852)",,false,false,,
zonas_azules_4_4,zonas_azules,4_4,"Zona 4 (Secc. 2845, 2846, 2850, 2851)",,false,false,,
zonas_azules_5_5,zonas_azules,5_5,"Zona 5 (Secc. 3344, 3345, 3346, 3347)",,false,false,,
zonas_azules_6_6,zonas_azules,6_6,"Zona 6 (Secc. 3177, 3178)",,false,false,,
zonas_azules_7_7,zonas_azules,7_7,"Zona 7 (Secc. 3179, 3192, 3196)",,false,false,,
zonas_azules_8_8,zonas_azules,8_8,"Zona 8 (Secc. 3180, 3181, 3182, 3183)",,false,false,,
zonas_azules_9_9,zonas_azules,9_9,"Zona 9 (Secc. 3349, 3350)",,false,false,,
zonas_azules_10_10,zonas_azules,10_10,"Zona 10 (Secc. 3285, 3348)",,false,false,,
zonas_azules_11_11,zonas_azules,11_11,"Zona 11 (Secc. 2876, 2877, 2878, 3286)",,false,false,,
zonas_azules_12_12,zonas_azules,12_12,"Zona 12 (Secc. 2853, 2854, 2863, 2864, 2865)",,false,false,,
zonas_azules_13_13,zonas_azules,13_13,"Zona 13 (Secc. 2855, 2856, 2857, 2860, 2861)",,false,false,,
zonas_azules_14_14,zonas_azules,14_14,"Zona 14 (Secc. 2849, 2858, 2859)",,false,false,,
zonas_azules_15_15,zonas_azules,15_15,"Zona 15 (Secc. 2862, 2866, 2867, 2875)",,false,false,,
zonas_azules_16_16,zonas_azules,16_16,"Zona 16 (Secc. 2868, 2873, 2874)",,false,false,,
zonas_azules_17_17,zonas_azules,17_17,"Zona 17 (Secc. 2869, 2870, 2871, 2872)",,false,false,,
zonas_azules_18_18,zonas_azules,18_18,"Zona 18 (Secc. 2881, 2882, 2883, 2884)",,false,false,,
zonas_azules_19_19,zonas_azules,19_19,"Zona 19 (Secc. 2879, 2880, 2889, 2890, 2891)",,false,false,,
zonas_azules_20_20,zonas_azules,20_20,"Zona 20 (Secc. 2885, 2886, 2887, 2888, 2896)",,false,false,,
zonas_azules_21_21,zonas_azules,21_21,"Zona 21 (Secc. 3287, 3289, 3290)",,false,false,,
zonas_azules_22_22,zonas_azules,22_22,"Zona 22 (Secc. 2895, 2897, 2898, 2899)",,false,false,,
zonas_azules_23_23,zonas_azules,23_23,"Zona 23 (Secc. 2892, 2893, 2894, 2900, 2901, 2902)",,false,false,,
zonas_azules_24_24,zonas_azules,24_24,"Zona 24 (Secc. 3189, 3193, 3195, 3197, 3199, 3201, 3202)",,false,false,,
zonas_azules_25_25,zonas_azules,25_25,"Zona 25 (Secc. 3184, 3185, 3186, 3187, 3188, 3190, 3191)",,false,false,,
zonas_azules_26_26,zonas_azules,26_26,"Zona 26 (Secc. 3194, 3198, 3200, 3205, 3207)",,false,false,,
zonas_azules_27_27,zonas_azules,27_27,"Zona 27 (Secc. 3203, 3204, 3206, 3209)",,false,false,,
zonas_azules_28_28,zonas_azules,28_28,"Zona 28 (Secc. 3208, 3210, 3211, 3212, 3213)",,false,false,,
zonas_azules_29_29,zonas_azules,29_29,Zona 29 (Secc. 621),,false,false,,
zonas_azules_30_30,zonas_azules,30_30,"Zona 30 (Secc. 618, 619, 620, 627)",,false,false,,
zonas_azules_31_31,zonas_azules,31_31,"Zona 31 (Secc. 622, 623, 624)",,false,false,,
zonas_azules_32_32,zonas_azules,32_32,"Zona 32 (Secc. 617, 628, 629)",,false,false,,
zonas_azules_33_33,zonas_azules,33_33,"Zona 33 (Secc. 615, 616, 630)",,false,false,,
zonas_azules_34_34,zonas_azules,34_34,"Zona 34 (Secc. 633, 646, 647, 668, 669)",,false,false,,
zonas_azules_35_35,zonas_azules,35_35,"Zona 35 (Secc. 631, 632, 645, 648, 649, 666, 667)",,false,false,,
zonas_azules_36_36,zonas_azules,36_36,"Zona 36 (Secc. 634, 635, 644, 650, 664, 665)",,false,false,,
zonas_azules_37_37,zonas_azules,37_37,"Zona 37 (Secc. 636, 637, 651, 652, 662, 663, 674)",,false,false,,
zonas_azules_38_38,zonas_azules,38_38,"Zona 38 (Secc. 626, 638, 639, 640, 642, 643)",,false,false,,
zonas_azules_39_39,zonas_azules,39_39,"Zona 39 (Secc. 655, 657, 658, 659, 660, 661)",,false,false,,
zonas_azules_40_40,zonas_azules,40_40,"Zona 40 (Secc. 654, 656, 675, 676, 677, 678, 679)",,false,false,,
zonas_azules_41_41,zonas_azules,41_41,"Zona 41 (Secc. 680, 681, 682, 696, 697)",,false,false,,
zonas_azules_42_42,zonas_azules,42_42,"Zona 42 (Secc. 673, 683, 684, 685, 693, 694, 695)",,false,false,,
zonas_azules_43_43,zonas_azules,43_43,"Zona 43 (Secc. 671, 672, 686, 687, 688, 690, 691, 692)",,false,false,,
zonas_azules_44_44,zonas_azules,44_44,"Zona 44 (Secc. 689, 716, 717)",,false,false,,
zonas_azules_45_45,zonas_azules,45_45,"Zona 45 (Secc. 714, 715, 718)",,false,false,,
zonas_azules_46_46,zonas_azules,46_46,"Zona 46 (Secc. 712, 713, 719, 910)",,false,false,,
zonas_azules_47_47,zonas_azules,47_47,"Zona 47 (Secc. 706, 707, 708, 709, 710, 711)",,false,false,,
zonas_azules_48_48,zonas_azules,48_48,"Zona 48 (Secc. 698, 699, 700, 701, 702)",,false,false,,
zonas_azules_49_49,zonas_azules,49_49,"Zona 49 (Secc. 703, 704, 705, 723, 724, 725)",,false,false,,
zonas_azules_50_50,zonas_azules,50_50,"Zona 50 (Secc. 726, 727, 728, 729, 730, 802)",,false,false,,
zonas_azules_51_51,zonas_azules,51_51,"Zona 51 (Secc. 731, 732, 733, 734)",,false,false,,
zonas_azules_52_52,zonas_azules,52_52,"Zona 52 (Secc. 720, 721, 722, 735, 736, 737, 738)",,false,false,,
zonas_azules_53_53,zonas_azules,53_53,"Zona 53 (Secc. 749, 750, 751, 752, 753)",,false,false,,
zonas_azules_54_54,zonas_azules,54_54,"Zona 54 (Secc. 741, 742, 743, 744, 745, 746, 747, 748)",,false,false,,
zonas_azules_55_55,zonas_azules,55_55,"Zona 55 (Secc. 762, 763, 764, 765, 766)",,false,false,,
zonas_azules_56_56,zonas_azules,56_56,"Zona 56 (Secc. 769, 770, 771, 772, 773)",,false,false,,
zonas_azules_57_57,zonas_azules,57_57,"Zona 57 (Secc. 757, 758, 759, 760, 761, 774, 775)",,false,false,,
zonas_azules_58_58,zonas_azules,58_58,"Zona 58 (Secc. 777, 778, 779, 800, 801, 804)",,false,false,,
zonas_azules_59_59,zonas_azules,59_59,"Zona 59 (Secc. 803, 806, 807, 808, 821, 822)",,false,false,,
zonas_azules_60_60,zonas_azules,60_60,"Zona 60 (Secc. 780, 781, 796, 797, 798, 799)",,false,false,,
zonas_azules_61_61,zonas_azules,61_61,"Zona 61 (Secc. 782, 783, 784, 785, 794)",,false,false,,
zonas_azules_62_62,zonas_azules,62_62,"Zona 62 (Secc. 739, 740, 767)",,false,false,,
zonas_azules_63_63,zonas_azules,63_63,"Zona 63 (Secc. 786, 793, 811, 812)",,false,false,,
zonas_azules_64_64,zonas_azules,64_64,"Zona 64 (Secc. 810, 817, 818, 831, 832, 833, 834)",,false,false,,
zonas_azules_65_65,zonas_azules,65_65,"Zona 65 (Secc. 437, 438, 439, 442, 443, 446)",,false,false,,
zonas_azules_66_66,zonas_azules,66_66,"Zona 66 (Secc. 440, 441, 444, 445, 508)",,false,false,,
zonas_azules_67_67,zonas_azules,67_67,"Zona 67 (Secc. 448, 449, 450, 505, 506, 507)",,false,false,,
zonas_azules_68_68,zonas_azules,68_68,"Zona 68 (Secc. 435, 436, 447, 451, 452, 453)",,false,false,,
zonas_azules_69_69,zonas_azules,69_69,"Zona 69 (Secc. 454, 455, 456, 457, 458, 503, 504, 517)",,false,false,,
zonas_azules_70_70,zonas_azules,70_70,"Zona 70 (Secc. 434, 459, 828, 835, 843)",,false,false,,
zonas_azules_71_71,zonas_azules,71_71,"Zona 71 (Secc. 820, 829, 830)",,false,false,,
zonas_azules_72_72,zonas_azules,72_72,"Zona 72 (Secc. 795, 809, 819)",,false,false,,
zonas_azules_73_73,zonas_azules,73_73,"Zona 73 (Secc. 787, 788, 789, 791, 792)",,false,false,,
zonas_azules_74_74,zonas_azules,74_74,"Zona 74 (Secc. 813, 814, 815, 816)",,false,false,,
zonas_azules_75_75,zonas_azules,75_75,"Zona 75 (Secc. 460, 461, 462, 465, 466)",,false,false,,
zonas_azules_76_76,zonas_azules,76_76,"Zona 76 (Secc. 464, 467, 468, 469, 500)",,false,false,,
zonas_azules_77_77,zonas_azules,77_77,"Zona 77 (Secc. 463, 501, 502, 518, 520, 521)",,false,false,,
zonas_azules_78_78,zonas_azules,78_78,"Zona 78 (Secc. 519, 522, 549, 550, 551)",,false,false,,
zonas_azules_79_79,zonas_azules,79_79,"Zona 79 (Secc. 523, 524, 525, 544, 545, 546, 547, 548)",,false,false,,
zonas_azules_80_80,zonas_azules,80_80,"Zona 80 (Secc. 526, 527, 528, 529, 530)",,false,false,,
zonas_azules_81_81,zonas_azules,81_81,"Zona 81 (Secc. 494, 495, 496, 497, 498, 499)",,false,false,,
zonas_azules_82_82,zonas_azules,82_82,"Zona 82 (Secc. 471, 472, 473, 474, 475, 476, 477, 478, 479)",,false,false,,
zonas_azules_83_83,zonas_azules,83_83,"Zona 83 (Secc. 490, 491, 492, 493, 536)",,false,false,,
zonas_azules_84_84,zonas_azules,84_84,"Zona 84 (Secc. 531, 532, 533, 534)",,false,false,,
zonas_azules_85_85,zonas_azules,85_85,"Zona 85 (Secc. 542, 543)",,false,false,,
zonas_azules_86_86,zonas_azules,86_86,"Zona 86 (Secc. 580, 581, 582, 587)",,false,false,,
zonas_azules_87_87,zonas_azules,87_87,"Zona 87 (Secc. 578, 579, 586, 588, 589)",,false,false,,
zonas_azules_88_88,zonas_azules,88_88,"Zona 88 (Secc. 602, 603, 604)",,false,false,,
zonas_azules_89_89,zonas_azules,89_89,"Zona 89 (Secc. 857, 858, 859, 860, 865)",,false,false,,
zonas_azules_90_90,zonas_azules,90_90,"Zona 90 (Secc. 861, 862, 863, 864, 868)",,false,false,,
zonas_azules_91_91,zonas_azules,91_91,Zona 91 (Secc. 877),,false,false,,
zonas_azules_92_92,zonas_azules,92_92,"Zona 92 (Secc. 869, 870, 878)",,false,false,,
zonas_azules_93_93,zonas_azules,93_93,"Zona 93 (Secc. 867, 871, 872, 876)",,false,false,,
zonas_azules_94_94,zonas_azules,94_94,"Zona 94 (Secc. 866, 873, 874, 875)",,false,false,,
zonas_azules_95_95,zonas_azules,95_95,"Zona 95 (Secc. 598, 599, 600, 601)",,false,false,,
zonas_azules_96_96,zonas_azules,96_96,"Zona 96 (Secc. 3297, 3368)",,false,false,,
zonas_azules_97_97,zonas_azules,97_97,"Zona 97 (Secc. 880, 3299, 3301, 3304)",,false,false,,
zonas_azules_98_98,zonas_azules,98_98,"Zona 98 (Secc. 593, 594, 595, 597)",,false,false,,
zonas_azules_99_99,zonas_azules,99_99,"Zona 99 (Secc. 590, 591, 592)",,false,false,,
zonas_azules_100_100,zonas_azules,100_100,"Zona 100 (Secc. 583, 584, 585)",,false,false,,
zonas_azules_101_101,zonas_azules,101_101,Zona 101 (Secc. 541),,false,false,,
zonas_azules_102_102,zonas_azules,102_102,"Zona 102 (Secc. 535, 540)",,false,false,,
zonas_azules_103_103,zonas_azules,103_103,Zona 103 (Secc. 539),,false,false,,
zonas_azules_104_104,zonas_azules,104_104,"Zona 104 (Secc. 487, 537)",,false,false,,
zonas_azules_105_105,zonas_azules,105_105,Zona 105 (Secc. 538),,false,false,,
zonas_azules_106_106,zonas_azules,106_106,Zona 106 (Secc. 596),,false,false,,
zonas_azules_107_107,zonas_azules,107_107,"Zona 107 (Secc. 3302, 3303)",,false,false,,
zonas_azules_108_108,zonas_azules,108_108,Zona 108 (Secc. 3300),,false,false,,
zonas_azules_109_109,zonas_azules,109_109,"Zona 109 (Secc. 3298, 3305)",,false,false,,
zonas_azules_110_110,zonas_azules,110_110,"Zona 110 (Secc. 3367, 3369)",,false,false,,
zonas_azules_111_111,zonas_azules,111_111,"Zona 111 (Secc. 899, 900, 901, 902, 903, 904, 905)",,false,false,,
zonas_azules_112_112,zonas_azules,112_112,"Zona 112 (Secc. 612, 614, 3288, 3291, 3292, 3293)",,false,false,,
zonas_azules_113_113,zonas_azules,113_113,"Zona 113 (Secc. 3294, 3295, 3296)",,false,false,,
zonas_azules_114_114,zonas_azules,114_114,"Zona 114 (Secc. 768, 790)",,false,false,,
zonas_azules_115_115,zonas_azules,115_115,"Zona 115 (Secc. 3216, 3217)",,false,false,,
zonas_azules_116_116,zonas_azules,116_116,"Zona 116 (Secc. 3219, 3220)",,false,false,,
zonas_azules_117_117,zonas_azules,117_117,Zona 117 (Secc. 3215),,false,false,,
zonas_azules_118_118,zonas_azules,118_118,"Zona 118 (Secc. 3254, 3257, 3258, 3259, 3260, 3261, 3262)",,false,false,,
zonas_azules_119_119,zonas_azules,119_119,"Zona 119 (Secc. 3242, 3243, 3249, 3250, 3253)",,false,false,,
zonas_azules_120_120,zonas_azules,120_120,"Zona 120 (Secc. 3239, 3245)",,false,false,,
zonas_azules_121_121,zonas_azules,121_121,"Zona 121 (Secc. 3240, 3241, 3247, 3248, 3251, 3252)",,false,false,,
zonas_azules_122_122,zonas_azules,122_122,"Zona 122 (Secc. 3228, 3234, 3235, 3236, 3237, 3238)",,false,false,,
zonas_azules_123_123,zonas_azules,123_123,"Zona 123 (Secc. 3227, 3231, 3232)",,false,false,,
zonas_azules_124_124,zonas_azules,124_124,"Zona 124 (Secc. 3221, 3223, 3225)",,false,false,,
zonas_azules_125_125,zonas_azules,125_125,"Zona 125 (Secc. 3222, 3224, 3229, 3230)",,false,false,,
zonas_azules_126_126,zonas_azules,126_126,"Zona 126 (Secc. 3317, 3318, 3319)",,false,false,,
zonas_azules_127_127,zonas_azules,127_127,Zona 127 (Secc. 852),,false,false,,
zonas_azules_128_128,zonas_azules,128_128,"Zona 128 (Secc. 3233, 3244, 3246)",,false,false,,
zonas_azules_129_129,zonas_azules,129_129,"Zona 129 (Secc. 856, 909, 3255, 3256, 3263)",,false,false,,
zonas_azules_130_130,zonas_azules,130_130,"Zona 130 (Secc. 855, 908)",,false,false,,
zonas_azules_131_131,zonas_azules,131_131,"Zona 131 (Secc. 851, 853, 854)",,false,false,,
zonas_azules_132_132,zonas_azules,132_132,"Zona 132 (Secc. 848, 850, 3226)",,false,false,,
zonas_azules_133_133,zonas_azules,133_133,"Zona 133 (Secc. 569, 570, 571, 572, 573)",,false,false,,
zonas_azules_134_134,zonas_azules,134_134,"Zona 134 (Secc. 577, 605, 606, 607)",,false,false,,
zonas_azules_135_135,zonas_azules,135_135,"Zona 135 (Secc. 574, 575, 576)",,false,false,,
zonas_azules_136_136,zonas_azules,136_136,"Zona 136 (Secc. 552, 553, 554, 555, 556)",,false,false,,
zonas_azules_137_137,zonas_azules,137_137,"Zona 137 (Secc. 512, 513, 514, 515, 516)",,false,false,,
zonas_azules_138_138,zonas_azules,138_138,"Zona 138 (Secc. 510, 511, 557, 558, 559, 560, 561)",,false,false,,
zonas_azules_139_139,zonas_azules,139_139,"Zona 139 (Secc. 509, 562, 563)",,false,false,,
zonas_azules_140_140,zonas_azules,140_140,"Zona 140 (Secc. 564, 565, 566, 567, 568)",,false,false,,
zonas_azules_141_141,zonas_azules,141_141,"Zona 141 (Secc. 886, 887, 890, 891, 892, 893, 894, 3264)",,false,false,,
zonas_azules_142_142,zonas_azules,142_142,"Zona 142 (Secc. 755, 756)",,false,false,,
zonas_azules_143_143,zonas_azules,143_143,Zona 143 (Secc. 889),,false,false,,
zonas_azules_144_144,zonas_azules,144_144,Zona 144 (Secc. 3265),,false,false,,
zonas_azules_145_145,zonas_azules,145_145,Zona 145 (Secc. 3357),,false,false,,
zonas_azules_146_146,zonas_azules,146_146,"Zona 146 (Secc. 3358, 3359)",,false,false,,
zonas_azules_147_147,zonas_azules,147_147,"Zona 147 (Secc. 3360, 3361)",,false,false,,
zonas_azules_148_148,zonas_azules,148_148,"Zona 148 (Secc. 3268, 3269, 3270)",,false,false,,
zonas_azules_149_149,zonas_azules,149_149,"Zona 149 (Secc. 3266, 3267)",,false,false,,
zonas_azules_150_150,zonas_azules,150_150,"Zona 150 (Secc. 3271, 3273, 3275)",,false,false,,
zonas_azules_151_151,zonas_azules,151_151,"Zona 151 (Secc. 3272, 3274, 3276)",,false,false,,
zonas_azules_152_152,zonas_azules,152_152,"Zona 152 (Secc. 3277, 3278, 3280)",,false,false,,
zonas_azules_153_153,zonas_azules,153_153,"Zona 153 (Secc. 898, 3214)",,false,false,,
zonas_azules_154_154,zonas_azules,154_154,"Zona 154 (Secc. 625, 641)",,false,false,,
zonas_azules_155_155,zonas_azules,155_155,Zona 155 (Secc. 653),,false,false,,
zonas_azules_156_156,zonas_azules,156_156,Zona 156 (Secc. 754),,false,false,,
zonas_azules_157_157,zonas_azules,157_157,Zona 157 (Secc. 3365),,false,false,,
zonas_azules_158_158,zonas_azules,158_158,"Zona 158 (Secc. 776, 805, 906)",,false,false,,
zonas_azules_159_159,zonas_azules,159_159,"Zona 159 (Secc. 823, 824, 825)",,false,false,,
zonas_azules_160_160,zonas_azules,160_160,"Zona 160 (Secc. 826, 827, 837)",,false,false,,
zonas_azules_161_161,zonas_azules,161_161,"Zona 161 (Secc. 836, 840, 841, 842)",,false,false,,
zonas_azules_162_162,zonas_azules,162_162,"Zona 162 (Secc. 838, 839)",,false,false,,
zonas_azules_163_163,zonas_azules,163_163,"Zona 163 (Secc. 844, 845, 846)",,false,false,,
zonas_azules_164_164,zonas_azules,164_164,"Zona 164 (Secc. 426, 428, 430, 431, 432, 433)",,false,false,,
zonas_azules_165_165,zonas_azules,165_165,"Zona 165 (Secc. 423, 424, 425, 427, 429)",,false,false,,
zonas_azules_166_166,zonas_azules,166_166,"Zona 166 (Secc. 415, 420, 421, 470)",,false,false,,
zonas_azules_167_167,zonas_azules,167_167,"Zona 167 (Secc. 416, 417, 418, 419, 422)",,false,false,,
zonas_azules_168_168,zonas_azules,168_168,Zona 168 (Secc. 847),,false,false,,
zonas_azules_169_169,zonas_azules,169_169,"Zona 169 (Secc. 410, 411, 412, 413, 414)",,false,false,,
zonas_azules_170_170,zonas_azules,170_170,"Zona 170 (Secc. 480, 481, 482, 483, 488, 489)",,false,false,,
zonas_azules_171_171,zonas_azules,171_171,"Zona 171 (Secc. 484, 485, 486)",,false,false,,
zonas_azules_172_172,zonas_azules,172_172,"Zona 172 (Secc. 404, 405, 406, 407, 408, 409)",,false,false,,
zonas_azules_173_173,zonas_azules,173_173,"Zona 173 (Secc. 402, 403, 885)",,false,false,,
zonas_azules_174_174,zonas_azules,174_174,Zona 174 (Secc. 3366),,false,false,,
zonas_azules_175_175,zonas_azules,175_175,"Zona 175 (Secc. 15, 16)",,false,false,,
zonas_azules_176_176,zonas_azules,176_176,"Zona 176 (Secc. 10, 11, 12, 13, 14)",,false,false,,
zonas_azules_177_177,zonas_azules,177_177,"Zona 177 (Secc. 1, 2)",,false,false,,
zonas_azules_178_178,zonas_azules,178_178,"Zona 178 (Secc. 3, 4)",,false,false,,
zonas_azules_179_179,zonas_azules,179_179,"Zona 179 (Secc. 5, 6)",,false,false,,
zonas_azules_180_180,zonas_azules,180_180,"Zona 180 (Secc. 7, 8)",,false,false,,
zonas_azules_181_181,zonas_azules,181_181,"Zona 181 (Secc. 30, 31, 32, 34, 35, 36, 37, 3218)",,false,false,,
zonas_azules_182_182,zonas_azules,182_182,"Zona 182 (Secc. 17, 33)",,false,false,,
zonas_azules_183_183,zonas_azules,183_183,"Zona 183 (Secc. 18, 19, 20)",,false,false,,
zonas_azules_184_184,zonas_azules,184_184,"Zona 184 (Secc. 21, 22, 23, 24, 25)",,false,false,,
zonas_azules_185_185,zonas_azules,185_185,"Zona 185 (Secc. 26, 27, 28)",,false,false,,
zonas_azules_186_186,zonas_azules,186_186,"Zona 186 (Secc. 43, 46, 47, 48, 49, 51, 52, 53, 54)",,false,false,,
zonas_azules_187_187,zonas_azules,187_187,"Zona 187 (Secc. 50, 55)",,false,false,,
zonas_azules_188_188,zonas_azules,188_188,Zona 188 (Secc. 38),,false,false,,
zonas_azules_189_189,zonas_azules,189_189,Zona 189 (Secc. 39),,false,false,,
zonas_azules_190_190,zonas_azules,190_190,"Zona 190 (Secc. 40, 41)",,false,false,,
zonas_azules_191_191,zonas_azules,191_191,Zona 191 (Secc. 57),,false,false,,
zonas_azules_192_192,zonas_azules,192_192,"Zona 192 (Secc. 56, 3340)",,false,false,,
zonas_azules_193_193,zonas_azules,193_193,"Zona 193 (Secc. 3338, 3342, 3343)",,false,false,,
zonas_azules_194_194,zonas_azules,194_194,"Zona 194 (Secc. 3337, 3339, 3341)",,false,false,,
zonas_azules_195_195,zonas_azules,195_195,"Zona 195 (Secc. 72, 73, 74, 75, 76)",,false,false,,
zonas_azules_196_196,zonas_azules,196_196,"Zona 196 (Secc. 62, 63)",,false,false,,
zonas_azules_197_197,zonas_azules,197_197,"Zona 197 (Secc. 78, 79, 80)",,false,false,,
zonas_azules_198_198,zonas_azules,198_198,"Zona 198 (Secc. 61, 81)",,false,false,,
zonas_azules_199_199,zonas_azules,199_199,"Zona 199 (Secc. 60, 64)",,false,false,,
zonas_azules_200_200,zonas_azules,200_200,"Zona 200 (Secc. 65, 68)",,false,false,,
zonas_azules_201_201,zonas_azules,201_201,"Zona 201 (Secc. 66, 67)",,false,false,,
zonas_azules_202_202,zonas_azules,202_202,"Zona 202 (Secc. 69, 70, 71)",,false,false,,
zonas_azules_203_203,zonas_azules,203_203,"Zona 203 (Secc. 83, 97, 98, 100)",,false,false,,
zonas_azules_204_204,zonas_azules,204_204,"Zona 204 (Secc. 82, 99)",,false,false,,
zonas_azules_205_205,zonas_azules,205_205,"Zona 205 (Secc. 88, 89, 91, 92, 94, 95)",,false,false,,
zonas_azules_206_206,zonas_azules,206_206,Zona 206 (Secc. 87),,false,false,,
zonas_azules_207_207,zonas_azules,207_207,"Zona 207 (Secc. 84, 85, 90, 101)",,false,false,,
zonas_azules_208_208,zonas_azules,208_208,"Zona 208 (Secc. 104, 105)",,false,false,,
zonas_azules_209_209,zonas_azules,209_209,"Zona 209 (Secc. 106, 109, 110, 111)",,false,false,,
zonas_azules_210_210,zonas_azules,210_210,"Zona 210 (Secc. 112, 113, 114, 115)",,false,false,,
zonas_azules_211_211,zonas_azules,211_211,Zona 211 (Secc. 103),,false,false,,
zonas_azules_212_212,zonas_azules,212_212,Zona 212 (Secc. 108),,false,false,,
zonas_azules_213_213,zonas_azules,213_213,Zona 213 (Secc. 102),,false,false,,
zonas_azules_214_214,zonas_azules,214_214,Zona 214 (Secc. 107),,false,false,,
zonas_azules_215_215,zonas_azules,215_215,"Zona 215 (Secc. 122, 123, 124, 125, 126)",,false,false,,
zonas_azules_216_216,zonas_azules,216_216,"Zona 216 (Secc. 116, 117, 120)",,false,false,,
zonas_azules_217_217,zonas_azules,217_217,"Zona 217 (Secc. 118, 119, 121)",,false,false,,
zonas_azules_218_218,zonas_azules,218_218,"Zona 218 (Secc. 130, 131, 139, 140)",,false,false,,
zonas_azules_219_219,zonas_azules,219_219,"Zona 219 (Secc. 129, 132, 138)",,false,false,,
zonas_azules_220_220,zonas_azules,220_220,"Zona 220 (Secc. 133, 134)",,false,false,,
zonas_azules_221_221,zonas_azules,221_221,"Zona 221 (Secc. 127, 128, 141, 142, 143)",,false,false,,
zonas_azules_222_222,zonas_azules,222_222,"Zona 222 (Secc. 144, 145, 146)",,false,false,,
zonas_azules_223_223,zonas_azules,223_223,"Zona 223 (Secc. 135, 136, 137, 147, 148)",,false,false,,
zonas_azules_224_224,zonas_azules,224_224,"Zona 224 (Secc. 160, 161, 162, 169, 170)",,false,false,,
zonas_azules_225_225,zonas_azules,225_225,"Zona 225 (Secc. 157, 158, 159)",,false,false,,
zonas_azules_226_226,zonas_azules,226_226,"Zona 226 (Secc. 167, 168, 171)",,false,false,,
zonas_azules_227_227,zonas_azules,227_227,Zona 227 (Secc. 174),,false,false,,
zonas_azules_228_228,zonas_azules,228_228,"Zona 228 (Secc. 163, 165, 166)",,false,false,,
zonas_azules_229_229,zonas_azules,229_229,"Zona 229 (Secc. 172, 173)",,false,false,,
zonas_azules_230_230,zonas_azules,230_230,Zona 230 (Secc. 164),,false,false,,
zonas_azules_231_231,zonas_azules,231_231,"Zona 231 (Secc. 149, 150)",,false,false,,
zonas_azules_232_232,zonas_azules,232_232,"Zona 232 (Secc. 151, 152)",,false,false,,
zonas_azules_233_233,zonas_azules,233_233,"Zona 233 (Secc. 153, 154, 155, 156)",,false,false,,
zonas_azules_234_234,zonas_azules,234_234,"Zona 234 (Secc. 207, 208, 209)",,false,false,,
zonas_azules_235_235,zonas_azules,235_235,"Zona 235 (Secc. 175, 176, 177, 178, 179, 180, 215)",,false,false,,
zonas_azules_236_236,zonas_azules,236_236,"Zona 236 (Secc. 184, 185, 186, 198, 199, 216, 217)",,false,false,,
zonas_azules_237_237,zonas_azules,237_237,"Zona 237 (Secc. 189, 190, 193)",,false,false,,
zonas_azules_238_238,zonas_azules,238_238,"Zona 238 (Secc. 187, 195, 196, 197)",,false,false,,
zonas_azules_239_239,zonas_azules,239_239,Zona 239 (Secc. 214),,false,false,,
zonas_azules_240_240,zonas_azules,240_240,"Zona 240 (Secc. 191, 206, 218, 219, 220)",,false,false,,
zonas_azules_241_241,zonas_azules,241_241,"Zona 241 (Secc. 192, 205)",,false,false,,
zonas_azules_242_242,zonas_azules,242_242,"Zona 242 (Secc. 188, 194)",,false,false,,
zonas_azules_243_243,zonas_azules,243_243,"Zona 243 (Secc. 200, 201, 202, 203, 204)",,false,false,,
zonas_azules_244_244,zonas_azules,244_244,"Zona 244 (Secc. 181, 182, 183)",,false,false,,
zonas_azules_245_245,zonas_azules,245_245,"Zona 245 (Secc. 222, 232, 233, 234, 235, 236, 237)",,false,false,,
zonas_azules_246_246,zonas_azules,246_246,"Zona 246 (Secc. 221, 229, 231)",,false,false,,
zonas_azules_247_247,zonas_azules,247_247,"Zona 247 (Secc. 223, 224)",,false,false,,
zonas_azules_248_248,zonas_azules,248_248,"Zona 248 (Secc. 225, 226, 227)",,false,false,,
zonas_azules_249_249,zonas_azules,249_249,"Zona 249 (Secc. 248, 249, 250, 251, 252)",,false,false,,
zonas_azules_250_250,zonas_azules,250_250,"Zona 250 (Secc. 244, 245)",,false,false,,
zonas_azules_251_251,zonas_azules,251_251,"Zona 251 (Secc. 238, 241)",,false,false,,
zonas_azules_252_252,zonas_azules,252_252,"Zona 252 (Secc. 242, 243)",,false,false,,
zonas_azules_253_253,zonas_azules,253_253,"Zona 253 (Secc. 239, 240)",,false,false,,
zonas_azules_254_254,zonas_azules,254_254,"Zona 254 (Secc. 253, 257, 258, 260)",,false,false,,
zonas_azules_255_255,zonas_azules,255_255,"Zona 255 (Secc. 254, 256)",,false,false,,
zonas_azules_256_256,zonas_azules,256_256,"Zona 256 (Secc. 261, 263, 264, 265)",,false,false,,
zonas_azules_257_257,zonas_azules,257_257,"Zona 257 (Secc. 267, 268)",,false,false,,
zonas_azules_258_258,zonas_azules,258_258,Zona 258 (Secc. 266),,false,false,,
zonas_azules_259_259,zonas_azules,259_259,Zona 259 (Secc. 269),,false,false,,
zonas_azules_260_260,zonas_azules,260_260,Zona 260 (Secc. 270),,false,false,,
zonas_azules_261_261,zonas_azules,261_261,"Zona 261 (Secc. 345, 350, 351, 353)",,false,false,,
zonas_azules_262_262,zonas_azules,262_262,"Zona 262 (Secc. 343, 344, 346, 347, 348, 349)",,false,false,,
zonas_azules_263_263,zonas_azules,263_263,"Zona 263 (Secc. 368, 374, 375, 376, 377, 378, 379, 380, 381, 382)",,false,false,,
zonas_azules_264_264,zonas_azules,264_264,"Zona 264 (Secc. 355, 356, 358)",,false,false,,
zonas_azules_265_265,zonas_azules,265_265,Zona 265 (Secc. 359),,false,false,,
zonas_azules_266_266,zonas_azules,266_266,"Zona 266 (Secc. 341, 342, 361, 362, 363, 365, 367, 369)",,false,false,,
zonas_azules_267_267,zonas_azules,267_267,"Zona 267 (Secc. 271, 272, 364, 370, 373, 384, 385, 386)",,false,false,,
zonas_azules_268_268,zonas_azules,268_268,Zona 268 (Secc. 383),,false,false,,
zonas_azules_269_269,zonas_azules,269_269,"Zona 269 (Secc. 284, 307)",,false,false,,
zonas_azules_270_270,zonas_azules,270_270,"Zona 270 (Secc. 308, 320, 321, 322, 323, 324)",,false,false,,
zonas_azules_271_271,zonas_azules,271_271,"Zona 271 (Secc. 305, 3315, 3316)",,false,false,,
zonas_azules_272_272,zonas_azules,272_272,"Zona 272 (Secc. 283, 289, 290, 291, 299, 300)",,false,false,,
zonas_azules_273_273,zonas_azules,273_273,"Zona 273 (Secc. 301, 302, 303, 304, 309, 318, 319)",,false,false,,
zonas_azules_274_274,zonas_azules,274_274,"Zona 274 (Secc. 310, 311, 325, 333)",,false,false,,
zonas_azules_275_275,zonas_azules,275_275,"Zona 275 (Secc. 273, 274, 275, 277)",,false,false,,
zonas_azules_276_276,zonas_azules,276_276,"Zona 276 (Secc. 276, 279)",,false,false,,
zonas_azules_277_277,zonas_azules,277_277,"Zona 277 (Secc. 3354, 3355)",,false,false,,
zonas_azules_278_278,zonas_azules,278_278,"Zona 278 (Secc. 285, 286, 287, 296)",,false,false,,
zonas_azules_279_279,zonas_azules,279_279,"Zona 279 (Secc. 3352, 3353)",,false,false,,
zonas_azules_280_280,zonas_azules,280_280,"Zona 280 (Secc. 280, 288, 3351)",,false,false,,
zonas_azules_281_281,zonas_azules,281_281,"Zona 281 (Secc. 316, 329, 330)",,false,false,,
zonas_azules_282_282,zonas_azules,282_282,"Zona 282 (Secc. 336, 337, 338, 339, 340)",,false,false,,
zonas_azules_283_283,zonas_azules,283_283,"Zona 283 (Secc. 312, 332)",,false,false,,
zonas_azules_284_284,zonas_azules,284_284,"Zona 284 (Secc. 331, 334, 335)",,false,false,,
zonas_azules_285_285,zonas_azules,285_285,"Zona 285 (Secc. 326, 327, 328)",,false,false,,
zonas_azules_286_286,zonas_azules,286_286,"Zona 286 (Secc. 313, 314, 315, 317)",,false,false,,
zonas_azules_287_287,zonas_azules,287_287,"Zona 287 (Secc. 292, 293, 294, 295, 298)",,false,false,,
zonas_azules_288_288,zonas_azules,288_288,"Zona 288 (Secc. 278, 281, 282)",,false,false,,
zonas_azules_289_289,zonas_azules,289_289,Zona 289 (Secc. 3356),,false,false,,
zonas_azules_290_290,zonas_azules,290_290,Zona 290 (Secc. 395),,false,false,,
zonas_azules_291_291,zonas_azules,291_291,"Zona 291 (Secc. 389, 394)",,false,false,,
zonas_azules_292_292,zonas_azules,292_292,"Zona 292 (Secc. 396, 399, 400)",,false,false,,
zonas_azules_293_293,zonas_azules,293_293,"Zona 293 (Secc. 393, 397, 401)",,false,false,,
zonas_azules_294_294,zonas_azules,294_294,"Zona 294 (Secc. 388, 398)",,false,false,,
zonas_azules_295_295,zonas_azules,295_295,"Zona 295 (Secc. 390, 391)",,false,false,,
zonas_azules_296_296,zonas_azules,296_296,"Zona 296 (Secc. 918, 919)",,false,false,,
zonas_azules_297_297,zonas_azules,297_297,"Zona 297 (Secc. 912, 915, 917)",,false,false,,
zonas_azules_298_298,zonas_azules,298_298,"Zona 298 (Secc. 913, 916)",,false,false,,
zonas_azules_299_299,zonas_azules,299_299,Zona 299 (Secc. 914),,false,false,,
zonas_azules_300_300,zonas_azules,300_300,"Zona 300 (Secc. 959, 960, 961)",,false,false,,
zonas_azules_301_301,zonas_azules,301_301,"Zona 301 (Secc. 949, 950, 954, 955)",,false,false,,
zonas_azules_302_302,zonas_azules,302_302,"Zona 302 (Secc. 962, 964, 965)",,false,false,,
zonas_azules_303_303,zonas_azules,303_303,"Zona 303 (Secc. 948, 958, 969)",,false,false,,
zonas_azules_304_304,zonas_azules,304_304,"Zona 304 (Secc. 941, 942, 943)",,false,false,,
zonas_azules_305_305,zonas_azules,305_305,"Zona 305 (Secc. 937, 938, 939, 940)",,false,false,,
zonas_azules_306_306,zonas_azules,306_306,"Zona 306 (Secc. 927, 928, 929, 930)",,false,false,,
zonas_azules_307_307,zonas_azules,307_307,"Zona 307 (Secc. 921, 922, 923)",,false,false,,
zonas_azules_308_308,zonas_azules,308_308,"Zona 308 (Secc. 924, 925, 926)",,false,false,,
zonas_azules_309_309,zonas_azules,309_309,"Zona 309 (Secc. 932, 933, 934, 935)",,false,false,,
zonas_azules_310_310,zonas_azules,310_310,"Zona 310 (Secc. 944, 946, 947, 957)",,false,false,,
zonas_azules_311_311,zonas_azules,311_311,"Zona 311 (Secc. 945, 1009, 1010, 1011, 1012, 1013, 1014, 1015, 1016, 1017, 1018)",,false,false,,
zonas_azules_312_312,zonas_azules,312_312,"Zona 312 (Secc. 1019, 1020, 1021, 1022)",,false,false,,
zonas_azules_313_313,zonas_azules,313_313,"Zona 313 (Secc. 1026, 1029, 1030)",,false,false,,
zonas_azules_314_314,zonas_azules,314_314,"Zona 314 (Secc. 931, 936, 951, 952, 953)",,false,false,,
zonas_azules_315_315,zonas_azules,315_315,"Zona 315 (Secc. 963, 970, 971, 973)",,false,false,,
zonas_azules_316_316,zonas_azules,316_316,"Zona 316 (Secc. 974, 975, 976, 978, 981, 982)",,false,false,,
zonas_azules_317_317,zonas_azules,317_317,"Zona 317 (Secc. 1024, 1027, 1028)",,false,false,,
zonas_azules_318_318,zonas_azules,318_318,"Zona 318 (Secc. 1006, 3284)",,false,false,,
zonas_azules_319_319,zonas_azules,319_319,"Zona 319 (Secc. 989, 995, 996, 1002)",,false,false,,
zonas_azules_320_320,zonas_azules,320_320,"Zona 320 (Secc. 979, 980, 988, 990, 994, 997)",,false,false,,
zonas_azules_321_321,zonas_azules,321_321,"Zona 321 (Secc. 986, 987, 992, 993, 1000)",,false,false,,
zonas_azules_322_322,zonas_azules,322_322,"Zona 322 (Secc. 999, 1003, 1004, 1005)",,false,false,,
zonas_azules_323_323,zonas_azules,323_323,"Zona 323 (Secc. 1001, 1007, 1008)",,false,false,,
zonas_azules_324_324,zonas_azules,324_324,"Zona 324 (Secc. 984, 985, 991, 998)",,false,false,,
zonas_azules_325_325,zonas_azules,325_325,"Zona 325 (Secc. 968, 977, 983, 1023)",,false,false,,
zonas_azules_326_326,zonas_azules,326_326,"Zona 326 (Secc. 956, 966, 967)",,false,false,,
zonas_azules_327_327,zonas_azules,327_327,"Zona 327 (Secc. 3282, 3283)",,false,false,,
zonas_azules_328_328,zonas_azules,328_328,"Zona 328 (Secc. 1039, 1041)",,false,false,,
zonas_azules_329_329,zonas_azules,329_329,"Zona 329 (Secc. 1032, 1033)",,false,false,,
zonas_azules_330_330,zonas_azules,330_330,Zona 330 (Secc. 1036),,false,false,,
zonas_azules_331_331,zonas_azules,331_331,"Zona 331 (Secc. 1031, 1034, 1035)",,false,false,,
zonas_azules_332_332,zonas_azules,332_332,Zona 332 (Secc. 1042),,false,false,,
zonas_azules_333_333,zonas_azules,333_333,Zona 333 (Secc. 1044),,false,false,,
zonas_azules_334_334,zonas_azules,334_334,Zona 334 (Secc. 1045),,false,false,,
zonas_azules_335_335,zonas_azules,335_335,Zona 335 (Secc. 1049),,false,false,,
zonas_azules_336_336,zonas_azules,336_336,Zona 336 (Secc. 1050),,false,false,,
zonas_azules_337_337,zonas_azules,337_337,"Zona 337 (Secc. 1046, 1047)",,false,false,,
zonas_azules_338_338,zonas_azules,338_338,"Zona 338 (Secc. 1048, 1051, 1052)",,false,false,,
zonas_azules_339_339,zonas_azules,339_339,Zona 339 (Secc. 1067),,false,false,,
zonas_azules_340_340,zonas_azules,340_340,"Zona 340 (Secc. 1065, 1066)",,false,false,,
zonas_azules_341_341,zonas_azules,341_341,"Zona 341 (Secc. 1060, 1061)",,false,false,,
zonas_azules_342_342,zonas_azules,342_342,"Zona 342 (Secc. 1056, 1057, 1058, 1059)",,false,false,,
zonas_azules_343_343,zonas_azules,343_343,"Zona 343 (Secc. 1053, 1054, 1055, 1062, 1063, 1064)",,false,false,,
zonas_azules_344_344,zonas_azules,344_344,"Zona 344 (Secc. 1078, 1079)",,false,false,,
zonas_azules_345_345,zonas_azules,345_345,"Zona 345 (Secc. 1069, 1070, 1080, 1081)",,false,false,,
zonas_azules_346_346,zonas_azules,346_346,"Zona 346 (Secc. 1071, 1072, 1073, 1074, 1075, 1076, 1077)",,false,false,,
zonas_azules_347_347,zonas_azules,347_347,"Zona 347 (Secc. 1092, 1095)",,false,false,,
zonas_azules_348_348,zonas_azules,348_348,"Zona 348 (Secc. 1093, 1094, 1097, 1099, 1100, 1102, 1104, 1105, 1106)",,false,false,,
zonas_azules_349_349,zonas_azules,349_349,"Zona 349 (Secc. 1096, 1098, 1101, 1103, 1107, 1108, 1110)",,false,false,,
zonas_azules_350_350,zonas_azules,350_350,"Zona 350 (Secc. 1113, 1116, 1117, 1118, 1123)",,false,false,,
zonas_azules_351_351,zonas_azules,351_351,Zona 351 (Secc. 1091),,false,false,,
zonas_azules_352_352,zonas_azules,352_352,"Zona 352 (Secc. 1082, 1083)",,false,false,,
zonas_azules_353_353,zonas_azules,353_353,"Zona 353 (Secc. 1086, 1090)",,false,false,,
zonas_azules_354_354,zonas_azules,354_354,Zona 354 (Secc. 1087),,false,false,,
zonas_azules_355_355,zonas_azules,355_355,"Zona 355 (Secc. 1085, 1088)",,false,false,,
zonas_azules_356_356,zonas_azules,356_356,"Zona 356 (Secc. 1084, 1089)",,false,false,,
zonas_azules_357_357,zonas_azules,357_357,"Zona 357 (Secc. 1109, 1111, 1112, 1114, 1115, 1119, 1120, 1122, 1124, 1125)",,false,false,,
zonas_azules_358_358,zonas_azules,358_358,Zona 358 (Secc. 1130),,false,false,,
zonas_azules_359_359,zonas_azules,359_359,Zona 359 (Secc. 1134),,false,false,,
zonas_azules_360_360,zonas_azules,360_360,"Zona 360 (Secc. 1126, 1127)",,false,false,,
zonas_azules_361_361,zonas_azules,361_361,Zona 361 (Secc. 1129),,false,false,,
zonas_azules_362_362,zonas_azules,362_362,"Zona 362 (Secc. 1128, 1131, 1132)",,false,false,,
zonas_azules_363_363,zonas_azules,363_363,"Zona 363 (Secc. 1161, 1162, 1163, 1164, 1165)",,false,false,,
zonas_azules_364_364,zonas_azules,364_364,"Zona 364 (Secc. 1154, 1155, 1156, 1157, 1158, 1160)",,false,false,,
zonas_azules_365_365,zonas_azules,365_365,"Zona 365 (Secc. 1140, 1145, 1146)",,false,false,,
zonas_azules_366_366,zonas_azules,366_366,"Zona 366 (Secc. 1137, 1138, 1139, 1142, 1143, 1144, 1150, 1151)",,false,false,,
zonas_azules_367_367,zonas_azules,367_367,"Zona 367 (Secc. 1152, 1153, 1159)",,false,false,,
zonas_azules_368_368,zonas_azules,368_368,"Zona 368 (Secc. 1148, 1149)",,false,false,,
zonas_azules_369_369,zonas_azules,369_369,"Zona 369 (Secc. 1136, 1147)",,false,false,,
zonas_azules_370_370,zonas_azules,370_370,Zona 370 (Secc. 1135),,false,false,,
zonas_azules_371_371,zonas_azules,371_371,"Zona 371 (Secc. 1172, 1173, 1174, 1175)",,false,false,,
zonas_azules_372_372,zonas_azules,372_372,"Zona 372 (Secc. 1169, 1170, 1171)",,false,false,,
zonas_azules_373_373,zonas_azules,373_373,"Zona 373 (Secc. 1167, 1177, 1178)",,false,false,,
zonas_azules_374_374,zonas_azules,374_374,"Zona 374 (Secc. 1168, 1179, 1180, 1181)",,false,false,,
zonas_azules_375_375,zonas_azules,375_375,"Zona 375 (Secc. 1231, 1232, 1244, 1245, 1248, 1249, 1250, 1255, 1258, 1260, 1264, 1265)",,false,false,,
zonas_azules_376_376,zonas_azules,376_376,"Zona 376 (Secc. 1224, 1225, 1235, 1237, 1238, 1239, 1246, 1247, 1257)",,false,false,,
zonas_azules_377_377,zonas_azules,377_377,"Zona 377 (Secc. 1228, 1229, 1230, 1242, 1243)",,false,false,,
zonas_azules_378_378,zonas_azules,378_378,"Zona 378 (Secc. 1196, 1197, 1198, 1199, 1213, 1219, 1227)",,false,false,,
zonas_azules_379_379,zonas_azules,379_379,"Zona 379 (Secc. 1191, 1192, 1193, 1194, 1195)",,false,false,,
zonas_azules_380_380,zonas_azules,380_380,"Zona 380 (Secc. 1188, 1189, 1190)",,false,false,,
zonas_azules_381_381,zonas_azules,381_381,"Zona 381 (Secc. 1212, 1214, 1218, 1222)",,false,false,,
zonas_azules_382_382,zonas_azules,382_382,"Zona 382 (Secc. 1201, 1202, 1203, 1210, 1211, 1215)",,false,false,,
zonas_azules_383_383,zonas_azules,383_383,"Zona 383 (Secc. 1186, 1187, 1217, 1223)",,false,false,,
zonas_azules_384_384,zonas_azules,384_384,"Zona 384 (Secc. 1182, 1183, 1184, 1185, 1200, 1204, 1205, 1209, 1216)",,false,false,,
zonas_azules_385_385,zonas_azules,385_385,"Zona 385 (Secc. 1221, 1226)",,false,false,,
zonas_azules_386_386,zonas_azules,386_386,"Zona 386 (Secc. 1350, 1351, 1353, 1354)",,false,false,,
zonas_azules_387_387,zonas_azules,387_387,"Zona 387 (Secc. 1306, 1340, 1348)",,false,false,,
zonas_azules_388_388,zonas_azules,388_388,"Zona 388 (Secc. 1281, 3364)",,false,false,,
zonas_azules_389_389,zonas_azules,389_389,"Zona 389 (Secc. 3362, 3363)",,false,false,,
zonas_azules_390_390,zonas_azules,390_390,"Zona 390 (Secc. 1280, 1282, 1283, 1297)",,false,false,,
zonas_azules_391_391,zonas_azules,391_391,"Zona 391 (Secc. 1290, 1291)",,false,false,,
zonas_azules_392_392,zonas_azules,392_392,"Zona 392 (Secc. 1298, 1299, 1317, 1318)",,false,false,,
zonas_azules_393_393,zonas_azules,393_393,"Zona 393 (Secc. 1312, 1313, 1323, 1324)",,false,false,,
zonas_azules_394_394,zonas_azules,394_394,"Zona 394 (Secc. 1270, 1271, 1272, 1274, 1279, 1295)",,false,false,,
zonas_azules_395_395,zonas_azules,395_395,"Zona 395 (Secc. 1307, 1339)",,false,false,,
zonas_azules_396_396,zonas_azules,396_396,"Zona 396 (Secc. 1266, 1267, 1268, 1269, 1273, 1275, 1276)",,false,false,,
zonas_azules_397_397,zonas_azules,397_397,"Zona 397 (Secc. 1278, 1284, 1285, 1293, 1294, 1301)",,false,false,,
zonas_azules_398_398,zonas_azules,398_398,"Zona 398 (Secc. 1300, 1302, 1315, 1316, 1319)",,false,false,,
zonas_azules_399_399,zonas_azules,399_399,"Zona 399 (Secc. 1277, 1286, 1292, 1303)",,false,false,,
zonas_azules_400_400,zonas_azules,400_400,"Zona 400 (Secc. 1331, 1343, 1344, 1346, 1347)",,false,false,,
zonas_azules_401_401,zonas_azules,401_401,"Zona 401 (Secc. 1341, 1342, 1345)",,false,false,,
zonas_azules_402_402,zonas_azules,402_402,"Zona 402 (Secc. 1320, 1330, 1332, 1333)",,false,false,,
zonas_azules_403_403,zonas_azules,403_403,"Zona 403 (Secc. 1314, 1321, 1322, 1334, 1335)",,false,false,,
zonas_azules_404_404,zonas_azules,404_404,"Zona 404 (Secc. 1325, 1328, 1329, 1336, 1337)",,false,false,,
zonas_azules_405_405,zonas_azules,405_405,"Zona 405 (Secc. 1326, 1327, 1338)",,false,false,,
zonas_azules_406_406,zonas_azules,406_406,"Zona 406 (Secc. 1288, 1289, 1305)",,false,false,,
zonas_azules_407_407,zonas_azules,407_407,"Zona 407 (Secc. 1287, 1304, 1308, 1309, 1310, 1311)",,false,false,,
zonas_azules_408_408,zonas_azules,408_408,"Zona 408 (Secc. 1355, 1356)",,false,false,,
zonas_azules_409_409,zonas_azules,409_409,"Zona 409 (Secc. 1360, 1361, 1362, 1363, 1371, 1374)",,false,false,,
zonas_azules_410_410,zonas_azules,410_410,"Zona 410 (Secc. 1357, 1358, 1359)",,false,false,,
zonas_azules_411_411,zonas_azules,411_411,"Zona 411 (Secc. 1367, 1368, 1369)",,false,false,,
zonas_azules_412_412,zonas_azules,412_412,"Zona 412 (Secc. 1382, 1384, 1385, 1386)",,false,false,,
zonas_azules_413_413,zonas_azules,413_413,Zona 413 (Secc. 1383),,false,false,,
zonas_azules_414_414,zonas_azules,414_414,Zona 414 (Secc. 1379),,false,false,,
zonas_azules_415_415,zonas_azules,415_415,Zona 415 (Secc. 1381),,false,false,,
zonas_azules_416_416,zonas_azules,416_416,Zona 416 (Secc. 1380),,false,false,,
zonas_azules_417_417,zonas_azules,417_417,Zona 417 (Secc. 1378),,false,false,,
zonas_azules_418_418,zonas_azules,418_418,Zona 418 (Secc. 1375),,false,false,,
zonas_azules_419_419,zonas_azules,419_419,"Zona 419 (Secc. 1376, 1377)",,false,false,,
zonas_azules_420_420,zonas_azules,420_420,"Zona 420 (Secc. 1421, 1422, 1423)",,false,false,,
zonas_azules_421_421,zonas_azules,421_421,"Zona 421 (Secc. 1418, 1419)",,false,false,,
zonas_azules_422_422,zonas_azules,422_422,"Zona 422 (Secc. 1413, 1414, 1415)",,false,false,,
zonas_azules_423_423,zonas_azules,423_423,"Zona 423 (Secc. 1416, 1417)",,false,false,,
zonas_azules_424_424,zonas_azules,424_424,"Zona 424 (Secc. 1387, 1388)",,false,false,,
zonas_azules_425_425,zonas_azules,425_425,"Zona 425 (Secc. 1389, 1392, 1393, 1394, 1402, 1410)",,false,false,,
zonas_azules_426_426,zonas_azules,426_426,"Zona 426 (Secc. 1401, 1403, 1404, 1408, 1409, 1411)",,false,false,,
zonas_azules_427_427,zonas_azules,427_427,"Zona 427 (Secc. 1390, 1391, 1395, 1396, 1397, 1399, 1400)",,false,false,,
zonas_azules_428_428,zonas_azules,428_428,"Zona 428 (Secc. 1398, 1405, 1406, 1407, 1412)",,false,false,,
zonas_azules_429_429,zonas_azules,429_429,Zona 429 (Secc. 1424),,false,false,,
zonas_azules_430_430,zonas_azules,430_430,Zona 430 (Secc. 1425),,false,false,,
zonas_azules_431_431,zonas_azules,431_431,"Zona 431 (Secc. 1563, 1564)",,false,false,,
zonas_azules_432_432,zonas_azules,432_432,"Zona 432 (Secc. 1426, 1427, 1429)",,false,false,,
zonas_azules_433_433,zonas_azules,433_433,"Zona 433 (Secc. 1428, 1431, 1433, 1470)",,false,false,,
zonas_azules_434_434,zonas_azules,434_434,Zona 434 (Secc. 1430),,false,false,,
zonas_azules_435_435,zonas_azules,435_435,"Zona 435 (Secc. 1432, 1434, 1469, 1471, 1472)",,false,false,,
zonas_azules_436_436,zonas_azules,436_436,Zona 436 (Secc. 1562),,false,false,,
zonas_azules_437_437,zonas_azules,437_437,Zona 437 (Secc. 2197),,false,false,,
zonas_azules_438_438,zonas_azules,438_438,Zona 438 (Secc. 2196),,false,false,,
zonas_azules_439_439,zonas_azules,439_439,"Zona 439 (Secc. 1884, 1890)",,false,false,,
zonas_azules_440_440,zonas_azules,440_440,"Zona 440 (Secc. 1914, 1915)",,false,false,,
zonas_azules_441_441,zonas_azules,441_441,Zona 441 (Secc. 2192),,false,false,,
zonas_azules_442_442,zonas_azules,442_442,"Zona 442 (Secc. 2190, 2191)",,false,false,,
zonas_azules_443_443,zonas_azules,443_443,"Zona 443 (Secc. 2195, 3118)",,false,false,,
zonas_azules_444_444,zonas_azules,444_444,"Zona 444 (Secc. 2831, 2832, 2833, 2834, 2835)",,false,false,,
zonas_azules_445_445,zonas_azules,445_445,"Zona 445 (Secc. 2836, 2837)",,false,false,,
zonas_azules_446_446,zonas_azules,446_446,Zona 446 (Secc. 2829),,false,false,,
zonas_azules_447_447,zonas_azules,447_447,Zona 447 (Secc. 1911),,false,false,,
zonas_azules_448_448,zonas_azules,448_448,Zona 448 (Secc. 2830),,false,false,,
zonas_azules_449_449,zonas_azules,449_449,"Zona 449 (Secc. 2815, 2816, 2817)",,false,false,,
zonas_azules_450_450,zonas_azules,450_450,"Zona 450 (Secc. 2937, 2974)",,false,false,,
zonas_azules_451_451,zonas_azules,451_451,"Zona 451 (Secc. 2824, 2825, 2826, 2827, 2981, 2982, 2985, 2987, 2988, 2989, 2993, 2994, 2995)",,false,false,,
zonas_azules_452_452,zonas_azules,452_452,"Zona 452 (Secc. 2999, 3000, 3001, 3003, 3005, 3006, 3007, 3008, 3009, 3010, 3012, 3013, 3014, 3017, 3019)",,false,false,,
zonas_azules_453_453,zonas_azules,453_453,"Zona 453 (Secc. 1436, 1437, 1438, 1462, 1463, 1464, 1565)",,false,false,,
zonas_azules_454_454,zonas_azules,454_454,"Zona 454 (Secc. 1435, 1465, 1466, 1467, 1468, 1473, 1474, 1475, 1479, 1480, 1481)",,false,false,,
zonas_azules_455_455,zonas_azules,455_455,"Zona 455 (Secc. 1461, 1476, 1477, 1478, 1482, 1483, 1484, 1485)",,false,false,,
zonas_azules_456_456,zonas_azules,456_456,"Zona 456 (Secc. 1439, 1457, 1458, 1459, 1460, 1486, 1487, 1488, 1489)",,false,false,,
zonas_azules_457_457,zonas_azules,457_457,"Zona 457 (Secc. 1440, 1441, 1442, 1443, 1444, 1452, 1453, 1454, 1455, 1456, 1490, 1491, 1492, 1493)",,false,false,,
zonas_azules_458_458,zonas_azules,458_458,"Zona 458 (Secc. 1506, 1507, 1508, 1509, 1512, 1513)",,false,false,,
zonas_azules_459_459,zonas_azules,459_459,"Zona 459 (Secc. 1505, 1515, 1516, 1517, 1518, 1538, 1539, 1540)",,false,false,,
zonas_azules_460_460,zonas_azules,460_460,"Zona 460 (Secc. 1514, 1541, 1542, 1543, 1544, 1549, 1550, 1556, 1557)",,false,false,,
zonas_azules_461_461,zonas_azules,461_461,"Zona 461 (Secc. 1545, 1548, 1558, 1561)",,false,false,,
zonas_azules_462_462,zonas_azules,462_462,"Zona 462 (Secc. 1510, 1511, 1546)",,false,false,,
zonas_azules_463_463,zonas_azules,463_463,Zona 463 (Secc. 1559),,false,false,,
zonas_azules_464_464,zonas_azules,464_464,Zona 464 (Secc. 1560),,false,false,,
zonas_azules_465_465,zonas_azules,465_465,"Zona 465 (Secc. 2005, 2006, 2007, 2008, 2009, 2010, 2011)",,false,false,,
zonas_azules_466_466,zonas_azules,466_466,"Zona 466 (Secc. 2054, 2055)",,false,false,,
zonas_azules_467_467,zonas_azules,467_467,"Zona 467 (Secc. 2012, 2052, 2053, 2056, 2057)",,false,false,,
zonas_azules_468_468,zonas_azules,468_468,"Zona 468 (Secc. 1951, 1952, 1953, 1973, 1974, 1975, 1976, 1977, 2002, 2003, 2004)",,false,false,,
zonas_azules_469_469,zonas_azules,469_469,"Zona 469 (Secc. 1501, 1502, 1503, 1504, 1519, 1520, 1521, 1522, 1536, 1537, 1551)",,false,false,,
zonas_azules_470_470,zonas_azules,470_470,"Zona 470 (Secc. 1498, 1499, 1500, 1523, 1524, 1525, 1526, 1531, 1532, 1533, 1534, 1535, 1552, 1553, 1554, 1555)",,false,false,,
zonas_azules_471_471,zonas_azules,471_471,"Zona 471 (Secc. 1954, 1955, 1956, 1957, 1958, 1959, 1978, 1979, 1980, 1981, 1982, 1997, 1998, 1999)",,false,false,,
zonas_azules_472_472,zonas_azules,472_472,"Zona 472 (Secc. 1960, 1961, 1962, 1963, 1969, 1970, 1971, 1972, 1983, 1984, 1985, 1986, 1995, 1996)",,false,false,,
zonas_azules_473_473,zonas_azules,473_473,"Zona 473 (Secc. 1529, 1530, 1964, 1968, 1987)",,false,false,,
zonas_azules_474_474,zonas_azules,474_474,"Zona 474 (Secc. 2000, 2001, 2013, 2014, 2046, 2047, 2048, 2050, 2051)",,false,false,,
zonas_azules_475_475,zonas_azules,475_475,"Zona 475 (Secc. 2049, 2058, 2059, 2060, 2061, 2091, 2092)",,false,false,,
zonas_azules_476_476,zonas_azules,476_476,"Zona 476 (Secc. 1993, 1994, 2023, 2037)",,false,false,,
zonas_azules_477_477,zonas_azules,477_477,"Zona 477 (Secc. 2065, 2089, 2090, 2093, 2094)",,false,false,,
zonas_azules_478_478,zonas_azules,478_478,"Zona 478 (Secc. 2015, 2016, 2044, 2045, 2062, 2063)",,false,false,,
zonas_azules_479_479,zonas_azules,479_479,"Zona 479 (Secc. 2017, 2018, 2019, 2041, 2042, 2043, 2064)",,false,false,,
zonas_azules_480_480,zonas_azules,480_480,"Zona 480 (Secc. 2020, 2021, 2022, 2038, 2039, 2040, 2066, 2067)",,false,false,,
zonas_azules_481_481,zonas_azules,481_481,Zona 481 (Secc. 1547),,false,false,,
zonas_azules_482_482,zonas_azules,482_482,"Zona 482 (Secc. 1701, 1702, 1720, 1732)",,false,false,,
zonas_azules_483_483,zonas_azules,483_483,"Zona 483 (Secc. 1566, 1567, 1569)",,false,false,,
zonas_azules_484_484,zonas_azules,484_484,"Zona 484 (Secc. 1445, 1446, 1447, 1448, 1449, 1450)",,false,false,,
zonas_azules_485_485,zonas_azules,485_485,"Zona 485 (Secc. 1583, 1584, 1585, 1586, 1587, 1588, 1589)",,false,false,,
zonas_azules_486_486,zonas_azules,486_486,"Zona 486 (Secc. 1570, 1571, 1580, 1581, 1582, 1590)",,false,false,,
zonas_azules_487_487,zonas_azules,487_487,"Zona 487 (Secc. 1578, 1596, 1597, 1602, 1603, 1948)",,false,false,,
zonas_azules_488_488,zonas_azules,488_488,"Zona 488 (Secc. 1721, 1722, 1723, 1730, 1731, 1739)",,false,false,,
zonas_azules_489_489,zonas_azules,489_489,"Zona 489 (Secc. 1686, 1687, 1691, 1696)",,false,false,,
zonas_azules_490_490,zonas_azules,490_490,"Zona 490 (Secc. 1572, 1573, 1950)",,false,false,,
zonas_azules_491_491,zonas_azules,491_491,"Zona 491 (Secc. 1451, 1494, 1495, 1496)",,false,false,,
zonas_azules_492_492,zonas_azules,492_492,"Zona 492 (Secc. 1611, 1612, 1613)",,false,false,,
zonas_azules_493_493,zonas_azules,493_493,"Zona 493 (Secc. 1591, 1592, 1609, 1610, 1614, 1615)",,false,false,,
zonas_azules_494_494,zonas_azules,494_494,"Zona 494 (Secc. 1579, 1593, 1608, 1616, 1617, 1626)",,false,false,,
zonas_azules_495_495,zonas_azules,495_495,"Zona 495 (Secc. 2081, 2082, 2083, 2084, 2101)",,false,false,,
zonas_azules_496_496,zonas_azules,496_496,"Zona 496 (Secc. 2102, 2103, 2104)",,false,false,,
zonas_azules_497_497,zonas_azules,497_497,"Zona 497 (Secc. 2077, 2078, 2079, 2080)",,false,false,,
zonas_azules_498_498,zonas_azules,498_498,"Zona 498 (Secc. 2028, 2029, 2030, 2031, 2075)",,false,false,,
zonas_azules_499_499,zonas_azules,499_499,"Zona 499 (Secc. 2073, 2074, 2076, 2085, 2086, 2095)",,false,false,,
zonas_azules_500_500,zonas_azules,500_500,"Zona 500 (Secc. 2068, 2069, 2070, 2087, 2088)",,false,false,,
zonas_azules_501_501,zonas_azules,501_501,"Zona 501 (Secc. 2026, 2027, 2032, 2033, 2034, 2071, 2072)",,false,false,,
zonas_azules_502_502,zonas_azules,502_502,"Zona 502 (Secc. 1991, 1992, 2024, 2025, 2035, 2036)",,false,false,,
zonas_azules_503_503,zonas_azules,503_503,"Zona 503 (Secc. 1528, 1965, 1967, 1988, 1989, 1990)",,false,false,,
zonas_azules_504_504,zonas_azules,504_504,"Zona 504 (Secc. 1497, 1527, 1629, 1630, 1653, 1966)",,false,false,,
zonas_azules_505_505,zonas_azules,505_505,"Zona 505 (Secc. 1674, 1688, 1689, 1690, 1697)",,false,false,,
zonas_azules_506_506,zonas_azules,506_506,"Zona 506 (Secc. 1628, 1631, 1632, 1633, 1654, 1655)",,false,false,,
zonas_azules_507_507,zonas_azules,507_507,"Zona 507 (Secc. 1627, 1634, 1651, 1652, 1656, 1657, 1658, 1675, 1676)",,false,false,,
zonas_azules_508_508,zonas_azules,508_508,"Zona 508 (Secc. 1635, 1649, 1650, 1659, 1660, 1661)",,false,false,,
zonas_azules_509_509,zonas_azules,509_509,"Zona 509 (Secc. 1576, 1577, 1598, 1601)",,false,false,,
zonas_azules_510_510,zonas_azules,510_510,"Zona 510 (Secc. 1574, 1575, 1595, 1946, 1947)",,false,false,,
zonas_azules_511_511,zonas_azules,511_511,"Zona 511 (Secc. 1623, 1638, 1639, 1666, 1667, 1668)",,false,false,,
zonas_azules_512_512,zonas_azules,512_512,"Zona 512 (Secc. 1568, 1594, 1604, 1605, 1606, 1607, 1620)",,false,false,,
zonas_azules_513_513,zonas_azules,513_513,"Zona 513 (Secc. 1618, 1619, 1624, 1625, 1636, 1637, 1643)",,false,false,,
zonas_azules_514_514,zonas_azules,514_514,"Zona 514 (Secc. 1644, 1645, 1646, 1647, 1648, 1662, 1663, 1664, 1665)",,false,false,,
zonas_azules_515_515,zonas_azules,515_515,"Zona 515 (Secc. 1670, 1671, 1672, 1673, 1677, 1685)",,false,false,,
zonas_azules_516_516,zonas_azules,516_516,"Zona 516 (Secc. 1678, 1679, 1684)",,false,false,,
zonas_azules_517_517,zonas_azules,517_517,"Zona 517 (Secc. 1680, 1681, 1692)",,false,false,,
zonas_azules_518_518,zonas_azules,518_518,"Zona 518 (Secc. 1712, 1713, 1714, 1725, 1726, 1748)",,false,false,,
zonas_azules_519_519,zonas_azules,519_519,"Zona 519 (Secc. 1695, 1698, 1699, 1700, 1708, 1709, 1710, 1718)",,false,false,,
zonas_azules_520_520,zonas_azules,520_520,"Zona 520 (Secc. 1711, 1715, 1716, 1717, 1724, 1727, 1728)",,false,false,,
zonas_azules_521_521,zonas_azules,521_521,"Zona 521 (Secc. 1729, 1738, 1740, 1747)",,false,false,,
zonas_azules_522_522,zonas_azules,522_522,"Zona 522 (Secc. 1785, 1786, 1804, 1805)",,false,false,,
zonas_azules_523_523,zonas_azules,523_523,"Zona 523 (Secc. 1787, 1788, 1800, 1801)",,false,false,,
zonas_azules_524_524,zonas_azules,524_524,"Zona 524 (Secc. 1789, 1790, 1798, 1799)",,false,false,,
zonas_azules_525_525,zonas_azules,525_525,"Zona 525 (Secc. 1754, 1797)",,false,false,,
zonas_azules_526_526,zonas_azules,526_526,"Zona 526 (Secc. 1753, 1791, 1792, 1796)",,false,false,,
zonas_azules_527_527,zonas_azules,527_527,"Zona 527 (Secc. 1793, 1794, 1795, 1811)",,false,false,,
zonas_azules_528_528,zonas_azules,528_528,"Zona 528 (Secc. 1766, 1768, 1769, 1777)",,false,false,,
zonas_azules_529_529,zonas_azules,529_529,"Zona 529 (Secc. 1758, 1770, 1776)",,false,false,,
zonas_azules_530_530,zonas_azules,530_530,"Zona 530 (Secc. 1746, 1759, 1760, 1765)",,false,false,,
zonas_azules_531_531,zonas_azules,531_531,"Zona 531 (Secc. 1755, 1771, 1773, 1774, 1775)",,false,false,,
zonas_azules_532_532,zonas_azules,532_532,"Zona 532 (Secc. 1756, 1757)",,false,false,,
zonas_azules_533_533,zonas_azules,533_533,"Zona 533 (Secc. 1703, 1704, 1705, 1719, 1733)",,false,false,,
zonas_azules_534_534,zonas_azules,534_534,Zona 534 (Secc. 1694),,false,false,,
zonas_azules_535_535,zonas_azules,535_535,"Zona 535 (Secc. 1734, 1750)",,false,false,,
zonas_azules_536_536,zonas_azules,536_536,"Zona 536 (Secc. 1669, 1682, 1693)",,false,false,,
zonas_azules_537_537,zonas_azules,537_537,"Zona 537 (Secc. 1622, 1640, 1641)",,false,false,,
zonas_azules_538_538,zonas_azules,538_538,"Zona 538 (Secc. 1599, 1600, 1621, 1949)",,false,false,,
zonas_azules_539_539,zonas_azules,539_539,Zona 539 (Secc. 1642),,false,false,,
zonas_azules_540_540,zonas_azules,540_540,Zona 540 (Secc. 3311),,false,false,,
zonas_azules_541_541,zonas_azules,541_541,Zona 541 (Secc. 3310),,false,false,,
zonas_azules_542_542,zonas_azules,542_542,Zona 542 (Secc. 3309),,false,false,,
zonas_azules_543_543,zonas_azules,543_543,Zona 543 (Secc. 1706),,false,false,,
zonas_azules_544_544,zonas_azules,544_544,Zona 544 (Secc. 1737),,false,false,,
zonas_azules_545_545,zonas_azules,545_545,"Zona 545 (Secc. 1829, 1830, 3335)",,false,false,,
zonas_azules_546_546,zonas_azules,546_546,"Zona 546 (Secc. 1828, 3336)",,false,false,,
zonas_azules_547_547,zonas_azules,547_547,Zona 547 (Secc. 3332),,false,false,,
zonas_azules_548_548,zonas_azules,548_548,Zona 548 (Secc. 3333),,false,false,,
zonas_azules_549_549,zonas_azules,549_549,Zona 549 (Secc. 3334),,false,false,,
zonas_azules_550_550,zonas_azules,550_550,"Zona 550 (Secc. 3031, 3032)",,false,false,,
zonas_azules_551_551,zonas_azules,551_551,"Zona 551 (Secc. 3035, 3036, 3037)",,false,false,,
zonas_azules_552_552,zonas_azules,552_552,"Zona 552 (Secc. 3029, 3033)",,false,false,,
zonas_azules_553_553,zonas_azules,553_553,Zona 553 (Secc. 3028),,false,false,,
zonas_azules_554_554,zonas_azules,554_554,Zona 554 (Secc. 1707),,false,false,,
zonas_azules_555_555,zonas_azules,555_555,Zona 555 (Secc. 1745),,false,false,,
zonas_azules_556_556,zonas_azules,556_556,"Zona 556 (Secc. 1741, 1742, 1744, 1751)",,false,false,,
zonas_azules_557_557,zonas_azules,557_557,Zona 557 (Secc. 1743),,false,false,,
zonas_azules_558_558,zonas_azules,558_558,"Zona 558 (Secc. 1735, 1736)",,false,false,,
zonas_azules_559_559,zonas_azules,559_559,Zona 559 (Secc. 3312),,false,false,,
zonas_azules_560_560,zonas_azules,560_560,Zona 560 (Secc. 3313),,false,false,,
zonas_azules_561_561,zonas_azules,561_561,Zona 561 (Secc. 3314),,false,false,,
zonas_azules_562_562,zonas_azules,562_562,"Zona 562 (Secc. 2113, 2114, 2115, 2116, 2117, 2118, 2119)",,false,false,,
zonas_azules_563_563,zonas_azules,563_563,"Zona 563 (Secc. 2096, 2097, 2098, 2099)",,false,false,,
zonas_azules_564_564,zonas_azules,564_564,"Zona 564 (Secc. 2100, 2109, 2111, 2112, 2123, 2124, 2125)",,false,false,,
zonas_azules_565_565,zonas_azules,565_565,"Zona 565 (Secc. 2121, 2122, 2136, 3306, 3307, 3308)",,false,false,,
zonas_azules_566_566,zonas_azules,566_566,"Zona 566 (Secc. 2137, 2138, 2139, 2140, 2141, 2155)",,false,false,,
zonas_azules_567_567,zonas_azules,567_567,"Zona 567 (Secc. 2105, 2106, 2107, 2108, 2110, 2126, 2127)",,false,false,,
zonas_azules_568_568,zonas_azules,568_568,"Zona 568 (Secc. 2128, 2129, 2130, 2131, 2132)",,false,false,,
zonas_azules_569_569,zonas_azules,569_569,"Zona 569 (Secc. 2133, 2134, 2135)",,false,false,,
zonas_azules_570_570,zonas_azules,570_570,"Zona 570 (Secc. 1749, 1761, 1762, 1763, 1764, 1767, 1778)",,false,false,,
zonas_azules_571_571,zonas_azules,571_571,"Zona 571 (Secc. 2142, 2143, 2144, 2145, 2152, 2153, 2154, 2156, 2157, 2158, 2167)",,false,false,,
zonas_azules_572_572,zonas_azules,572_572,"Zona 572 (Secc. 2146, 2147, 2148, 2149, 2150, 2151)",,false,false,,
zonas_azules_573_573,zonas_azules,573_573,"Zona 573 (Secc. 2159, 2160, 2161, 2162, 2163, 2164, 2165, 2166)",,false,false,,
zonas_azules_574_574,zonas_azules,574_574,"Zona 574 (Secc. 2170, 2171, 2172, 2173, 2189)",,false,false,,
zonas_azules_575_575,zonas_azules,575_575,"Zona 575 (Secc. 2169, 2174, 2188)",,false,false,,
zonas_azules_576_576,zonas_azules,576_576,"Zona 576 (Secc. 2168, 2175, 2176, 2187, 3101, 3102, 3105, 3106)",,false,false,,
zonas_azules_577_577,zonas_azules,577_577,"Zona 577 (Secc. 2193, 2194, 3110, 3115)",,false,false,,
zonas_azules_578_578,zonas_azules,578_578,"Zona 578 (Secc. 2177, 2178, 2179, 2180, 2185, 2186)",,false,false,,
zonas_azules_579_579,zonas_azules,579_579,"Zona 579 (Secc. 2181, 2183, 2184, 3103, 3104, 3107, 3108, 3109, 3112)",,false,false,,
zonas_azules_580_580,zonas_azules,580_580,"Zona 580 (Secc. 2182, 3111, 3113, 3114, 3116, 3117, 3119)",,false,false,,
zonas_azules_581_581,zonas_azules,581_581,"Zona 581 (Secc. 1779, 1780, 1820, 1838)",,false,false,,
zonas_azules_582_582,zonas_azules,582_582,"Zona 582 (Secc. 1851, 1895, 1896, 1897)",,false,false,,
zonas_azules_583_583,zonas_azules,583_583,"Zona 583 (Secc. 1835, 1836, 1837, 1839, 1840, 1850)",,false,false,,
zonas_azules_584_584,zonas_azules,584_584,"Zona 584 (Secc. 1817, 1818, 1819, 1821)",,false,false,,
zonas_azules_585_585,zonas_azules,585_585,"Zona 585 (Secc. 1781, 1782, 1783, 1784, 1802, 1803)",,false,false,,
zonas_azules_586_586,zonas_azules,586_586,"Zona 586 (Secc. 1806, 1815, 1816, 1822, 1833)",,false,false,,
zonas_azules_587_587,zonas_azules,587_587,"Zona 587 (Secc. 1834, 1841, 1842, 1843, 1844, 1847, 1848, 1849, 1852, 1853)",,false,false,,
zonas_azules_588_588,zonas_azules,588_588,"Zona 588 (Secc. 1866, 1867, 1868, 1869, 1880, 1881, 1882)",,false,false,,
zonas_azules_589_589,zonas_azules,589_589,"Zona 589 (Secc. 1893, 1894, 1898, 1899, 1900, 1909, 1910)",,false,false,,
zonas_azules_590_590,zonas_azules,590_590,"Zona 590 (Secc. 1807, 1808, 1809, 1810, 1812, 1813, 1814, 1823, 1824, 1825)",,false,false,,
zonas_azules_591_591,zonas_azules,591_591,"Zona 591 (Secc. 1831, 1832, 1845, 1846, 1854, 1855, 1856)",,false,false,,
zonas_azules_592_592,zonas_azules,592_592,"Zona 592 (Secc. 1922, 1923, 1924, 1925, 1926, 1927, 1928)",,false,false,,
zonas_azules_593_593,zonas_azules,593_593,"Zona 593 (Secc. 1917, 1918, 1919, 1920, 1921)",,false,false,,
zonas_azules_594_594,zonas_azules,594_594,"Zona 594 (Secc. 1877, 1878)",,false,false,,
zonas_azules_595_595,zonas_azules,595_595,"Zona 595 (Secc. 1826, 1870)",,false,false,,
zonas_azules_596_596,zonas_azules,596_596,"Zona 596 (Secc. 1892, 1907, 1908)",,false,false,,
zonas_azules_597_597,zonas_azules,597_597,"Zona 597 (Secc. 1879, 1883, 1901, 1904, 1905, 1906)",,false,false,,
zonas_azules_598_598,zonas_azules,598_598,"Zona 598 (Secc. 1891, 1902, 1903, 1912)",,false,false,,
zonas_azules_599_599,zonas_azules,599_599,Zona 599 (Secc. 2711),,false,false,,
zonas_azules_600_600,zonas_azules,600_600,"Zona 600 (Secc. 2838, 2839, 2840, 2841, 2842)",,false,false,,
zonas_azules_601_601,zonas_azules,601_601,"Zona 601 (Secc. 2712, 2713, 2714)",,false,false,,
zonas_azules_602_602,zonas_azules,602_602,"Zona 602 (Secc. 2752, 2753, 2754)",,false,false,,
zonas_azules_603_603,zonas_azules,603_603,"Zona 603 (Secc. 2759, 2760, 2761)",,false,false,,
zonas_azules_604_604,zonas_azules,604_604,"Zona 604 (Secc. 2755, 2756, 2757, 2758)",,false,false,,
zonas_azules_605_605,zonas_azules,605_605,"Zona 605 (Secc. 2762, 2763, 2764, 2809, 2810)",,false,false,,
zonas_azules_606_606,zonas_azules,606_606,"Zona 606 (Secc. 2812, 2813, 2814)",,false,false,,
zonas_azules_607_607,zonas_azules,607_607,Zona 607 (Secc. 2811),,false,false,,
zonas_azules_608_608,zonas_azules,608_608,"Zona 608 (Secc. 2765, 2766, 2769, 2773)",,false,false,,
zonas_azules_609_609,zonas_azules,609_609,"Zona 609 (Secc. 2767, 2768, 2770, 2771, 2772)",,false,false,,
zonas_azules_610_610,zonas_azules,610_610,"Zona 610 (Secc. 2802, 2803, 2804, 2805, 2806, 2807, 2808)",,false,false,,
zonas_azules_611_611,zonas_azules,611_611,"Zona 611 (Secc. 3030, 3034, 3039, 3040)",,false,false,,
zonas_azules_612_612,zonas_azules,612_612,"Zona 612 (Secc. 3038, 3041)",,false,false,,
zonas_azules_613_613,zonas_azules,613_613,"Zona 613 (Secc. 1827, 1863)",,false,false,,
zonas_azules_614_614,zonas_azules,614_614,"Zona 614 (Secc. 1873, 1874, 1875, 1876, 1886)",,false,false,,
zonas_azules_615_615,zonas_azules,615_615,"Zona 615 (Secc. 1888, 1889, 2905)",,false,false,,
zonas_azules_616_616,zonas_azules,616_616,"Zona 616 (Secc. 2906, 2907, 2919, 3326)",,false,false,,
zonas_azules_617_617,zonas_azules,617_617,"Zona 617 (Secc. 2904, 2908, 2909, 2910, 2918, 2920, 2921, 2922)",,false,false,,
zonas_azules_618_618,zonas_azules,618_618,"Zona 618 (Secc. 2731, 2903, 2911, 2912, 2913, 2914)",,false,false,,
zonas_azules_619_619,zonas_azules,619_619,"Zona 619 (Secc. 2915, 2916, 2917)",,false,false,,
zonas_azules_620_620,zonas_azules,620_620,"Zona 620 (Secc. 2734, 2735, 2736, 2780)",,false,false,,
zonas_azules_621_621,zonas_azules,621_621,"Zona 621 (Secc. 2944, 2947, 2966, 2970, 2972)",,false,false,,
zonas_azules_622_622,zonas_azules,622_622,"Zona 622 (Secc. 2948, 2953, 2956, 2958, 2965, 2969)",,false,false,,
zonas_azules_623_623,zonas_azules,623_623,"Zona 623 (Secc. 2973, 2975)",,false,false,,
zonas_azules_624_624,zonas_azules,624_624,"Zona 624 (Secc. 2924, 2938, 2939, 2940, 2941, 2942, 2943, 2945, 2949)",,false,false,,
zonas_azules_625_625,zonas_azules,625_625,"Zona 625 (Secc. 2946, 2950, 2951, 2952, 2954, 2955, 2957, 2959, 2960, 2961, 2962, 2963, 2964, 2967, 2968)",,false,false,,
zonas_azules_626_626,zonas_azules,626_626,Zona 626 (Secc. 2971),,false,false,,
zonas_azules_627_627,zonas_azules,627_627,Zona 627 (Secc. 2930),,false,false,,
zonas_azules_628_628,zonas_azules,628_628,"Zona 628 (Secc. 2936, 3329, 3331)",,false,false,,
zonas_azules_629_629,zonas_azules,629_629,"Zona 629 (Secc. 2923, 2925, 2926, 2927, 2928, 2929, 2931, 2932, 2933, 2934, 2935)",,false,false,,
zonas_azules_630_630,zonas_azules,630_630,"Zona 630 (Secc. 3327, 3328, 3330)",,false,false,,
zonas_azules_631_631,zonas_azules,631_631,"Zona 631 (Secc. 3042, 3046, 3049, 3051, 3053, 3058, 3061, 3064, 3066, 3070, 3071, 3073, 3075, 3077, 3079, 3080, 3081, 3083)",,false,false,,
zonas_azules_632_632,zonas_azules,632_632,"Zona 632 (Secc. 3043, 3044, 3045, 3047, 3048, 3050, 3052, 3054, 3055, 3056, 3057, 3059, 3060, 3062, 3063, 3065, 3067, 3068, 3072, 3074, 3076, 3084, 3089, 3091, 3096, 3098, 3099, 3100, 3122, 3123, 3124, 3125)",,false,false,,
zonas_azules_633_633,zonas_azules,633_633,"Zona 633 (Secc. 3069, 3078, 3082, 3085, 3086, 3087, 3088, 3090, 3092, 3093, 3094, 3095, 3097)",,false,false,,
zonas_azules_634_634,zonas_azules,634_634,"Zona 634 (Secc. 1858, 1859, 1860, 1861, 1862, 1864, 1865)",,false,false,,
zonas_azules_635_635,zonas_azules,635_635,"Zona 635 (Secc. 1857, 1929)",,false,false,,
zonas_azules_636_636,zonas_azules,636_636,"Zona 636 (Secc. 1930, 1931, 1932, 1933, 1934, 1935, 1936, 1940)",,false,false,,
zonas_azules_637_637,zonas_azules,637_637,"Zona 637 (Secc. 1871, 1872, 1885)",,false,false,,
zonas_azules_638_638,zonas_azules,638_638,"Zona 638 (Secc. 1937, 1938, 1939, 2725)",,false,false,,
zonas_azules_639_639,zonas_azules,639_639,"Zona 639 (Secc. 2715, 2716, 2843)",,false,false,,
zonas_azules_640_640,zonas_azules,640_640,"Zona 640 (Secc. 2717, 2718, 2719, 2720, 2721, 2722)",,false,false,,
zonas_azules_641_641,zonas_azules,641_641,"Zona 641 (Secc. 2723, 2724, 2726, 2741, 2742, 2743)",,false,false,,
zonas_azules_642_642,zonas_azules,642_642,"Zona 642 (Secc. 2727, 2728, 2729, 2730, 2739, 2740)",,false,false,,
zonas_azules_643_643,zonas_azules,643_643,"Zona 643 (Secc. 2747, 2748, 2749, 2750, 2751)",,false,false,,
zonas_azules_644_644,zonas_azules,644_644,"Zona 644 (Secc. 2745, 2746, 2776)",,false,false,,
zonas_azules_645_645,zonas_azules,645_645,"Zona 645 (Secc. 2744, 2777, 2778)",,false,false,,
zonas_azules_646_646,zonas_azules,646_646,"Zona 646 (Secc. 2774, 2775)",,false,false,,
zonas_azules_647_647,zonas_azules,647_647,"Zona 647 (Secc. 2798, 2799, 2800, 2801)",,false,false,,
zonas_azules_648_648,zonas_azules,648_648,"Zona 648 (Secc. 2795, 2796, 2797)",,false,false,,
zonas_azules_649_649,zonas_azules,649_649,"Zona 649 (Secc. 2790, 2791, 2792, 2793, 2794)",,false,false,,
zonas_azules_650_650,zonas_azules,650_650,Zona 650 (Secc. 2823),,false,false,,
zonas_azules_651_651,zonas_azules,651_651,"Zona 651 (Secc. 2818, 2819, 2820)",,false,false,,
zonas_azules_652_652,zonas_azules,652_652,"Zona 652 (Secc. 2822, 3320)",,false,false,,
zonas_azules_653_653,zonas_azules,653_653,"Zona 653 (Secc. 3321, 3322)",,false,false,,
zonas_azules_654_654,zonas_azules,654_654,"Zona 654 (Secc. 2788, 2789, 3323, 3324, 3325)",,false,false,,
zonas_azules_655_655,zonas_azules,655_655,"Zona 655 (Secc. 2785, 2786, 2787)",,false,false,,
zonas_azules_656_656,zonas_azules,656_656,"Zona 656 (Secc. 2737, 2738, 2779)",,false,false,,
zonas_azules_657_657,zonas_azules,657_657,"Zona 657 (Secc. 2732, 2733)",,false,false,,
zonas_azules_658_658,zonas_azules,658_658,Zona 658 (Secc. 1945),,false,false,,
zonas_azules_659_659,zonas_azules,659_659,Zona 659 (Secc. 3021),,false,false,,
zonas_azules_660_660,zonas_azules,660_660,"Zona 660 (Secc. 3020, 3022, 3023, 3024, 3025, 3026, 3027)",,false,false,,
zonas_azules_661_661,zonas_azules,661_661,Zona 661 (Secc. 3004),,false,false,,
zonas_azules_662_662,zonas_azules,662_662,"Zona 662 (Secc. 2978, 3002, 3011, 3015, 3016, 3018)",,false,false,,
zonas_azules_663_663,zonas_azules,663_663,Zona 663 (Secc. 2782),,false,false,,
zonas_azules_664_664,zonas_azules,664_664,Zona 664 (Secc. 2983),,false,false,,
zonas_azules_665_665,zonas_azules,665_665,"Zona 665 (Secc. 2781, 2783, 2784)",,false,false,,
zonas_azules_666_666,zonas_azules,666_666,"Zona 666 (Secc. 2977, 2979, 2980, 2984, 2986, 2990, 2991)",,false,false,,
zonas_azules_667_667,zonas_azules,667_667,Zona 667 (Secc. 2976),,false,false,,
zonas_azules_668_668,zonas_azules,668_668,"Zona 668 (Secc. 2992, 2996, 2997, 2998)",,false,false,,
zonas_azules_669_669,zonas_azules,669_669,"Zona 669 (Secc. 3146, 3147, 3148, 3150, 3151, 3154, 3155, 3157, 3158, 3159, 3160)",,false,false,,
zonas_azules_670_670,zonas_azules,670_670,"Zona 670 (Secc. 3170, 3171, 3172, 3174, 3175, 3176)",,false,false,,
zonas_azules_671_671,zonas_azules,671_671,"Zona 671 (Secc. 3153, 3161, 3162, 3163, 3164, 3165, 3166, 3167, 3168, 3169, 3173)",,false,false,,
zonas_azules_672_672,zonas_azules,672_672,"Zona 672 (Secc. 3144, 3149, 3152, 3156)",,false,false,,
zonas_azules_673_673,zonas_azules,673_673,"Zona 673 (Secc. 3130, 3131, 3132, 3133, 3135, 3136, 3137, 3138, 3139, 3140)",,false,false,,
zonas_azules_674_674,zonas_azules,674_674,"Zona 674 (Secc. 3120, 3121, 3126, 3127, 3128, 3129)",,false,false,,
zonas_azules_675_675,zonas_azules,675_675,"Zona 675 (Secc. 3134, 3141, 3142, 3143, 3145)",,false,false,,
zonas_azules_676_676,zonas_azules,676_676,Zona 676 (Secc. 1942),,false,false,,
zonas_azules_677_677,zonas_azules,677_677,Zona 677 (Secc. 1943),,false,false,,
zonas_azules_678_678,zonas_azules,678_678,Zona 678 (Secc. 1944),,false,false,,
zonas_azules_679_679,zonas_azules,679_679,"Zona 679 (Secc. 2201, 2204)",,false,false,,
zonas_azules_680_680,zonas_azules,680_680,Zona 680 (Secc. 2199),,false,false,,
zonas_azules_681_681,zonas_azules,681_681,Zona 681 (Secc. 2200),,false,false,,
zonas_azules_682_682,zonas_azules,682_682,Zona 682 (Secc. 2203),,false,false,,
zonas_azules_683_683,zonas_azules,683_683,Zona 683 (Secc. 2205),,false,false,,
zonas_azules_684_684,zonas_azules,684_684,"Zona 684 (Secc. 2206, 2207)",,false,false,,
zonas_azules_685_685,zonas_azules,685_685,"Zona 685 (Secc. 2209, 2212)",,false,false,,
zonas_azules_686_686,zonas_azules,686_686,"Zona 686 (Secc. 2208, 2211)",,false,false,,
zonas_azules_687_687,zonas_azules,687_687,"Zona 687 (Secc. 2237, 2238, 2239, 2240, 2241)",,false,false,,
zonas_azules_688_688,zonas_azules,688_688,"Zona 688 (Secc. 2250, 2251, 2252)",,false,false,,
zonas_azules_689_689,zonas_azules,689_689,"Zona 689 (Secc. 2244, 2246, 2247, 2249)",,false,false,,
zonas_azules_690_690,zonas_azules,690_690,"Zona 690 (Secc. 2242, 2243, 2245, 2254)",,false,false,,
zonas_azules_691_691,zonas_azules,691_691,"Zona 691 (Secc. 2231, 2232, 2233, 2234, 2235, 2236)",,false,false,,
zonas_azules_692_692,zonas_azules,692_692,"Zona 692 (Secc. 2227, 2229, 2230, 2258, 2259, 2260)",,false,false,,
zonas_azules_693_693,zonas_azules,693_693,"Zona 693 (Secc. 2214, 2226, 2255, 2256, 2257)",,false,false,,
zonas_azules_694_694,zonas_azules,694_694,"Zona 694 (Secc. 2216, 2218, 2219)",,false,false,,
zonas_azules_695_695,zonas_azules,695_695,"Zona 695 (Secc. 2221, 2222)",,false,false,,
zonas_azules_696_696,zonas_azules,696_696,"Zona 696 (Secc. 2215, 2217, 2220)",,false,false,,
zonas_azules_697_697,zonas_azules,697_697,"Zona 697 (Secc. 2223, 2224, 2225, 2228)",,false,false,,
zonas_azules_698_698,zonas_azules,698_698,"Zona 698 (Secc. 2261, 2262, 2263, 2265)",,false,false,,
zonas_azules_699_699,zonas_azules,699_699,"Zona 699 (Secc. 2266, 2267, 2268, 2269, 2270)",,false,false,,
zonas_azules_700_700,zonas_azules,700_700,"Zona 700 (Secc. 2276, 2277)",,false,false,,
zonas_azules_701_701,zonas_azules,701_701,"Zona 701 (Secc. 2274, 2275)",,false,false,,
zonas_azules_702_702,zonas_azules,702_702,"Zona 702 (Secc. 2271, 2272, 2273)",,false,false,,
zonas_azules_703_703,zonas_azules,703_703,"Zona 703 (Secc. 2281, 2282, 2286, 2287)",,false,false,,
zonas_azules_704_704,zonas_azules,704_704,"Zona 704 (Secc. 2278, 2279)",,false,false,,
zonas_azules_705_705,zonas_azules,705_705,"Zona 705 (Secc. 2280, 2283)",,false,false,,
zonas_azules_706_706,zonas_azules,706_706,"Zona 706 (Secc. 2310, 2311, 2312)",,false,false,,
zonas_azules_707_707,zonas_azules,707_707,"Zona 707 (Secc. 2314, 2318, 2319)",,false,false,,
zonas_azules_708_708,zonas_azules,708_708,"Zona 708 (Secc. 2303, 2304, 2305, 2306, 2307, 2308, 2309, 2313)",,false,false,,
zonas_azules_709_709,zonas_azules,709_709,"Zona 709 (Secc. 2315, 2316, 2317)",,false,false,,
zonas_azules_710_710,zonas_azules,710_710,"Zona 710 (Secc. 2320, 2321, 2322)",,false,false,,
zonas_azules_711_711,zonas_azules,711_711,"Zona 711 (Secc. 2288, 2298, 2299, 2300, 2301)",,false,false,,
zonas_azules_712_712,zonas_azules,712_712,"Zona 712 (Secc. 2292, 2293, 2294, 2302)",,false,false,,
zonas_azules_713_713,zonas_azules,713_713,"Zona 713 (Secc. 2290, 2291, 2295)",,false,false,,
zonas_azules_714_714,zonas_azules,714_714,"Zona 714 (Secc. 2289, 2296, 2297)",,false,false,,
zonas_azules_715_715,zonas_azules,715_715,"Zona 715 (Secc. 2324, 2328, 2329, 2330)",,false,false,,
zonas_azules_716_716,zonas_azules,716_716,"Zona 716 (Secc. 2326, 2327)",,false,false,,
zonas_azules_717_717,zonas_azules,717_717,"Zona 717 (Secc. 2323, 2325)",,false,false,,
zonas_azules_718_718,zonas_azules,718_718,"Zona 718 (Secc. 2336, 2337, 2338)",,false,false,,
zonas_azules_719_719,zonas_azules,719_719,"Zona 719 (Secc. 2332, 2333, 2335)",,false,false,,
zonas_azules_720_720,zonas_azules,720_720,"Zona 720 (Secc. 2331, 2334)",,false,false,,
zonas_azules_721_721,zonas_azules,721_721,"Zona 721 (Secc. 2342, 2362, 2363, 2365)",,false,false,,
zonas_azules_722_722,zonas_azules,722_722,"Zona 722 (Secc. 2343, 2358, 2364)",,false,false,,
zonas_azules_723_723,zonas_azules,723_723,"Zona 723 (Secc. 2344, 2345, 2356, 2357, 2389)",,false,false,,
zonas_azules_724_724,zonas_azules,724_724,"Zona 724 (Secc. 2339, 2340, 2341, 2359, 2360, 2361, 2367)",,false,false,,
zonas_azules_725_725,zonas_azules,725_725,"Zona 725 (Secc. 2346, 2347)",,false,false,,
zonas_azules_726_726,zonas_azules,726_726,"Zona 726 (Secc. 2348, 2388)",,false,false,,
zonas_azules_727_727,zonas_azules,727_727,"Zona 727 (Secc. 2352, 2353, 2368, 2371)",,false,false,,
zonas_azules_728_728,zonas_azules,728_728,"Zona 728 (Secc. 2354, 2374, 2375, 2378, 2379)",,false,false,,
zonas_azules_729_729,zonas_azules,729_729,"Zona 729 (Secc. 2351, 2380, 2381, 2384)",,false,false,,
zonas_azules_730_730,zonas_azules,730_730,"Zona 730 (Secc. 2349, 2350, 2382, 2385, 2387)",,false,false,,
zonas_azules_731_731,zonas_azules,731_731,"Zona 731 (Secc. 2390, 2395)",,false,false,,
zonas_azules_732_732,zonas_azules,732_732,"Zona 732 (Secc. 2392, 2393)",,false,false,,
zonas_azules_733_733,zonas_azules,733_733,"Zona 733 (Secc. 2455, 2456)",,false,false,,
zonas_azules_734_734,zonas_azules,734_734,Zona 734 (Secc. 2457),,false,false,,
zonas_azules_735_735,zonas_azules,735_735,"Zona 735 (Secc. 2446, 2447, 2448, 2458, 2459)",,false,false,,
zonas_azules_736_736,zonas_azules,736_736,"Zona 736 (Secc. 2449, 2453)",,false,false,,
zonas_azules_737_737,zonas_azules,737_737,"Zona 737 (Secc. 2450, 2451, 2452)",,false,false,,
zonas_azules_738_738,zonas_azules,738_738,"Zona 738 (Secc. 2396, 2397)",,false,false,,
zonas_azules_739_739,zonas_azules,739_739,"Zona 739 (Secc. 2408, 2409, 2421, 2423)",,false,false,,
zonas_azules_740_740,zonas_azules,740_740,"Zona 740 (Secc. 2399, 2400, 2403, 2404, 2405)",,false,false,,
zonas_azules_741_741,zonas_azules,741_741,"Zona 741 (Secc. 2401, 2402, 2413, 2414, 2415)",,false,false,,
zonas_azules_742_742,zonas_azules,742_742,"Zona 742 (Secc. 2410, 2411, 2412)",,false,false,,
zonas_azules_743_743,zonas_azules,743_743,"Zona 743 (Secc. 2416, 2417, 2418, 2436, 2437)",,false,false,,
zonas_azules_744_744,zonas_azules,744_744,"Zona 744 (Secc. 2419, 2420, 2434, 2435, 2438, 2439)",,false,false,,
zonas_azules_745_745,zonas_azules,745_745,"Zona 745 (Secc. 2422, 2424, 2425, 2431, 2432, 2433)",,false,false,,
zonas_azules_746_746,zonas_azules,746_746,"Zona 746 (Secc. 2406, 2407, 2426, 2427, 2428, 2429, 2430)",,false,false,,
zonas_azules_747_747,zonas_azules,747_747,"Zona 747 (Secc. 2398, 2454)",,false,false,,
zonas_azules_748_748,zonas_azules,748_748,"Zona 748 (Secc. 2440, 2441, 2442, 2443, 2444, 2445)",,false,false,,
zonas_azules_749_749,zonas_azules,749_749,"Zona 749 (Secc. 2470, 2471)",,false,false,,
zonas_azules_750_750,zonas_azules,750_750,"Zona 750 (Secc. 2472, 2475)",,false,false,,
zonas_azules_751_751,zonas_azules,751_751,"Zona 751 (Secc. 2460, 2473)",,false,false,,
zonas_azules_752_752,zonas_azules,752_752,Zona 752 (Secc. 2467),,false,false,,
zonas_azules_753_753,zonas_azules,753_753,"Zona 753 (Secc. 2461, 2462)",,false,false,,
zonas_azules_754_754,zonas_azules,754_754,Zona 754 (Secc. 2466),,false,false,,
zonas_azules_755_755,zonas_azules,755_755,Zona 755 (Secc. 2469),,false,false,,
zonas_azules_756_756,zonas_azules,756_756,"Zona 756 (Secc. 2463, 2464)",,false,false,,
zonas_azules_757_757,zonas_azules,757_757,"Zona 757 (Secc. 2505, 2507, 2508)",,false,false,,
zonas_azules_758_758,zonas_azules,758_758,"Zona 758 (Secc. 2485, 2486, 2491, 2502, 2503, 2504)",,false,false,,
zonas_azules_759_759,zonas_azules,759_759,"Zona 759 (Secc. 2483, 2495, 2498, 2499, 2500, 2501)",,false,false,,
zonas_azules_760_760,zonas_azules,760_760,"Zona 760 (Secc. 2488, 2489)",,false,false,,
zonas_azules_761_761,zonas_azules,761_761,"Zona 761 (Secc. 2492, 2493)",,false,false,,
zonas_azules_762_762,zonas_azules,762_762,"Zona 762 (Secc. 2477, 2478, 2479, 2480, 2481)",,false,false,,
zonas_azules_763_763,zonas_azules,763_763,"Zona 763 (Secc. 2482, 2484, 2487, 2490)",,false,false,,
zonas_azules_764_764,zonas_azules,764_764,"Zona 764 (Secc. 2509, 2510, 2511)",,false,false,,
zonas_azules_765_765,zonas_azules,765_765,"Zona 765 (Secc. 2516, 2517)",,false,false,,
zonas_azules_766_766,zonas_azules,766_766,"Zona 766 (Secc. 2512, 2513, 2514, 2515)",,false,false,,
zonas_azules_767_767,zonas_azules,767_767,"Zona 767 (Secc. 2518, 2521, 2522, 2523, 2524, 2525, 2527)",,false,false,,
zonas_azules_768_768,zonas_azules,768_768,"Zona 768 (Secc. 2519, 2520)",,false,false,,
zonas_azules_769_769,zonas_azules,769_769,"Zona 769 (Secc. 2543, 2544)",,false,false,,
zonas_azules_770_770,zonas_azules,770_770,Zona 770 (Secc. 2542),,false,false,,
zonas_azules_771_771,zonas_azules,771_771,"Zona 771 (Secc. 2540, 2541)",,false,false,,
zonas_azules_772_772,zonas_azules,772_772,"Zona 772 (Secc. 2535, 2537, 2538, 2539)",,false,false,,
zonas_azules_773_773,zonas_azules,773_773,Zona 773 (Secc. 2530),,false,false,,
zonas_azules_774_774,zonas_azules,774_774,"Zona 774 (Secc. 2528, 2529)",,false,false,,
zonas_azules_775_775,zonas_azules,775_775,Zona 775 (Secc. 2534),,false,false,,
zonas_azules_776_776,zonas_azules,776_776,"Zona 776 (Secc. 2532, 2533)",,false,false,,
zonas_azules_777_777,zonas_azules,777_777,Zona 777 (Secc. 2531),,false,false,,
zonas_azules_778_778,zonas_azules,778_778,Zona 778 (Secc. 2545),,false,false,,
zonas_azules_779_779,zonas_azules,779_779,Zona 779 (Secc. 2548),,false,false,,
zonas_azules_780_780,zonas_azules,780_780,Zona 780 (Secc. 2546),,false,false,,
zonas_azules_781_781,zonas_azules,781_781,Zona 781 (Secc. 2547),,false,false,,
zonas_azules_782_782,zonas_azules,782_782,"Zona 782 (Secc. 2554, 2555, 2557, 2558)",,false,false,,
zonas_azules_783_783,zonas_azules,783_783,"Zona 783 (Secc. 2549, 2550)",,false,false,,
zonas_azules_784_784,zonas_azules,784_784,"Zona 784 (Secc. 2559, 2562, 2563, 2564)",,false,false,,
zonas_azules_785_785,zonas_azules,785_785,"Zona 785 (Secc. 2560, 2561)",,false,false,,
zonas_azules_786_786,zonas_azules,786_786,"Zona 786 (Secc. 2575, 2576)",,false,false,,
zonas_azules_787_787,zonas_azules,787_787,"Zona 787 (Secc. 2568, 2569, 2572, 2573, 2574)",,false,false,,
zonas_azules_788_788,zonas_azules,788_788,"Zona 788 (Secc. 2566, 2567, 2570, 2571)",,false,false,,
zonas_azules_789_789,zonas_azules,789_789,"Zona 789 (Secc. 2594, 2595)",,false,false,,
zonas_azules_790_790,zonas_azules,790_790,"Zona 790 (Secc. 2578, 2579, 2597, 2599)",,false,false,,
zonas_azules_791_791,zonas_azules,791_791,"Zona 791 (Secc. 2581, 2582, 2583, 2584, 2587)",,false,false,,
zonas_azules_792_792,zonas_azules,792_792,"Zona 792 (Secc. 2590, 2591, 2592, 2593)",,false,false,,
zonas_azules_793_793,zonas_azules,793_793,"Zona 793 (Secc. 2580, 2585, 2586, 2588, 2589)",,false,false,,
zonas_azules_794_794,zonas_azules,794_794,"Zona 794 (Secc. 2611, 2612, 2613, 2614)",,false,false,,
zonas_azules_795_795,zonas_azules,795_795,"Zona 795 (Secc. 2601, 2602, 2603, 2609)",,false,false,,
zonas_azules_796_796,zonas_azules,796_796,"Zona 796 (Secc. 2604, 2605, 2606, 2607, 2608)",,false,false,,
zonas_azules_797_797,zonas_azules,797_797,"Zona 797 (Secc. 2628, 2630, 2631, 2632, 2633, 2647)",,false,false,,
zonas_azules_798_798,zonas_azules,798_798,"Zona 798 (Secc. 2636, 2637, 2644, 2645, 2646)",,false,false,,
zonas_azules_799_799,zonas_azules,799_799,"Zona 799 (Secc. 2634, 2635)",,false,false,,
zonas_azules_800_800,zonas_azules,800_800,"Zona 800 (Secc. 2626, 2627)",,false,false,,
zonas_azules_801_801,zonas_azules,801_801,"Zona 801 (Secc. 2638, 2639, 2640)",,false,false,,
zonas_azules_802_802,zonas_azules,802_802,"Zona 802 (Secc. 2616, 2617, 2621)",,false,false,,
zonas_azules_803_803,zonas_azules,803_803,"Zona 803 (Secc. 2641, 2642)",,false,false,,
zonas_azules_804_804,zonas_azules,804_804,Zona 804 (Secc. 2643),,false,false,,
zonas_azules_805_805,zonas_azules,805_805,"Zona 805 (Secc. 2622, 2623, 2624, 2625)",,false,false,,
zonas_azules_806_806,zonas_azules,806_806,"Zona 806 (Secc. 2615, 2618, 2619, 2620)",,false,false,,
zonas_azules_807_807,zonas_azules,807_807,"Zona 807 (Secc. 2655, 2656, 2657, 2658, 2659, 2660)",,false,false,,
zonas_azules_808_808,zonas_azules,808_808,"Zona 808 (Secc. 2648, 2649, 2650, 2654)",,false,false,,
zonas_azules_809_809,zonas_azules,809_809,"Zona 809 (Secc. 2651, 2652, 2653)",,false,false,,
zonas_azules_810_810,zonas_azules,810_810,"Zona 810 (Secc. 2661, 2662, 2667)",,false,false,,
zonas_azules_811_811,zonas_azules,811_811,"Zona 811 (Secc. 2663, 2664, 2665)",,false,false,,
zonas_azules_812_812,zonas_azules,812_812,"Zona 812 (Secc. 2680, 2681, 2682, 2683)",,false,false,,
zonas_azules_813_813,zonas_azules,813_813,Zona 813 (Secc. 2679),,false,false,,
zonas_azules_814_814,zonas_azules,814_814,"Zona 814 (Secc. 2668, 2678)",,false,false,,
zonas_azules_815_815,zonas_azules,815_815,Zona 815 (Secc. 2676),,false,false,,
zonas_azules_816_816,zonas_azules,816_816,"Zona 816 (Secc. 2672, 2673, 2674)",,false,false,,
zonas_azules_817_817,zonas_azules,817_817,"Zona 817 (Secc. 2669, 2670, 2671)",,false,false,,
zonas_azules_818_818,zonas_azules,818_818,Zona 818 (Secc. 2677),,false,false,,
zonas_azules_819_819,zonas_azules,819_819,Zona 819 (Secc. 2675),,false,false,,
zonas_azules_820_820,zonas_azules,820_820,"Zona 820 (Secc. 2686, 2687, 2689, 2690, 2695)",,false,false,,
zonas_azules_821_821,zonas_azules,821_821,"Zona 821 (Secc. 2684, 2685, 2692, 2693, 2694)",,false,false,,
zonas_azules_822_822,zonas_azules,822_822,Zona 822 (Secc. 2691),,false,false,,
zonas_azules_823_823,zonas_azules,823_823,"Zona 823 (Secc. 2701, 2702, 2704, 2706, 2707, 2708)",,false,false,,
zonas_azules_824_824,zonas_azules,824_824,"Zona 824 (Secc. 2698, 2709, 2710)",,false,false,,
zonas_azules_825_825,zonas_azules,825_825,"Zona 825 (Secc. 2697, 2699, 2700)",,false,false,,
cuu_prioritario_1,cuu_prioritario,1,CUU Prioritario 0,,false,false,,
cuu_prioritario_2,cuu_prioritario,2,CUU Prioritario 1,,false,false,,
cuu_prioritario_3,cuu_prioritario,3,CUU Prioritario 2,,false,false,,
cuu_prioritario_4,cuu_prioritario,4,CUU Prioritario 3,,false,false,,
cuu_prioritario_5,cuu_prioritario,5,CUU Prioritario 4,,false,false,,
cuu_prioritario_6,cuu_prioritario,6,CUU Prioritario 5,,false,false,,
cuu_prioritario_7,cuu_prioritario,7,CUU Prioritario 6,,false,false,,
cuu_prioritario_8,cuu_prioritario,8,CUU Prioritario 7,,false,false,,
cuu_prioritario_9,cuu_prioritario,9,CUU Prioritario 8,,false,false,,
cuu_prioritario_10,cuu_prioritario,10,CUU Prioritario 9,,false,false,,
cuu_prioritario_11,cuu_prioritario,11,CUU Prioritario 10,,false,false,,
cuu_prioritario_12,cuu_prioritario,12,CUU Prioritario 11,,false,false,,
cuu_prioritario_13,cuu_prioritario,13,CUU Prioritario 12,,false,false,,
cuu_prioritario_14,cuu_prioritario,14,CUU Prioritario 13,,false,false,,
cuu_prioritario_15,cuu_prioritario,15,CUU Prioritario 14,,false,false,,
cuu_prioritario_16,cuu_prioritario,16,CUU Prioritario 15,,false,false,,
cuu_prioritario_17,cuu_prioritario,17,CUU Prioritario 16,,false,false,,
cuu_prioritario_18,cuu_prioritario,18,CUU Prioritario 17,,false,false,,
cuu_prioritario_19,cuu_prioritario,19,CUU Prioritario 18,,false,false,,
cuu_prioritario_20,cuu_prioritario,20,CUU Prioritario 19,,false,false,,
cuu_prioritario_21,cuu_prioritario,21,CUU Prioritario 20,,false,false,,
cuu_prioritario_22,cuu_prioritario,22,CUU Prioritario 21,,false,false,,
cuu_prioritario_23,cuu_prioritario,23,CUU Prioritario 22,,false,false,,
cuu_prioritario_24,cuu_prioritario,24,CUU Prioritario 23,,false,false,,
cuu_prioritario_25,cuu_prioritario,25,CUU Prioritario 24,,false,false,,
cuu_prioritario_26,cuu_prioritario,26,CUU Prioritario 25,,false,false,,
cuu_prioritario_27,cuu_prioritario,27,CUU Prioritario 26,,false,false,,
cuu_prioritario_28,cuu_prioritario,28,CUU Prioritario 27,,false,false,,
cuu_prioritario_29,cuu_prioritario,29,CUU Prioritario 28,,false,false,,
cuu_prioritario_30,cuu_prioritario,30,CUU Prioritario 29,,false,false,,
cuu_prioritario_31,cuu_prioritario,31,CUU Prioritario 30,,false,false,,
cuu_prioritario_32,cuu_prioritario,32,CUU Prioritario 31,,false,false,,
cuu_prioritario_33,cuu_prioritario,33,CUU Prioritario 32,,false,false,,
cuu_prioritario_34,cuu_prioritario,34,CUU Prioritario 33,,false,false,,
cuu_prioritario_35,cuu_prioritario,35,CUU Prioritario 34,,false,false,,
cuu_prioritario_36,cuu_prioritario,36,CUU Prioritario 35,,false,false,,
cuu_prioritario_37,cuu_prioritario,37,CUU Prioritario 36,,false,false,,
cuu_prioritario_38,cuu_prioritario,38,CUU Prioritario 37,,false,false,,
cuu_prioritario_39,cuu_prioritario,39,CUU Prioritario 38,,false,false,,
cuu_prioritario_40,cuu_prioritario,40,CUU Prioritario 39,,false,false,,
cuu_prioritario_41,cuu_prioritario,41,CUU Prioritario 40,,false,false,,
cuu_prioritario_42,cuu_prioritario,42,CUU Prioritario 41,,false,false,,
cuu_prioritario_43,cuu_prioritario,43,CUU Prioritario 42,,false,false,,
cuu_prioritario_44,cuu_prioritario,44,CUU Prioritario 43,,false,false,,
cuu_prioritario_45,cuu_prioritario,45,CUU Prioritario 44,,false,false,,
cuu_prioritario_46,cuu_prioritario,46,CUU Prioritario 45,,false,false,,
cuu_prioritario_47,cuu_prioritario,47,CUU Prioritario 46,,false,false,,
cuu_prioritario_48,cuu_prioritario,48,CUU Prioritario 47,,false,false,,
cuu_prioritario_49,cuu_prioritario,49,CUU Prioritario 48,,false,false,,
cuu_prioritario_50,cuu_prioritario,50,CUU Prioritario 49,,false,false,,
cuu_prioritario_51,cuu_prioritario,51,CUU Prioritario 50,,false,false,,
cuu_prioritario_52,cuu_prioritario,52,CUU Prioritario 51,,false,false,,
cuu_prioritario_53,cuu_prioritario,53,CUU Prioritario 52,,false,false,,
cuu_prioritario_54,cuu_prioritario,54,CUU Prioritario 53,,false,false,,
cuu_prioritario_55,cuu_prioritario,55,CUU Prioritario 54,,false,false,,
cuu_prioritario_56,cuu_prioritario,56,CUU Prioritario 55,,false,false,,
cuu_prioritario_57,cuu_prioritario,57,CUU Prioritario 56,,false,false,,
cuu_prioritario_58,cuu_prioritario,58,CUU Prioritario 57,,false,false,,
cuu_prioritario_59,cuu_prioritario,59,CUU Prioritario 58,,false,false,,
cuu_prioritario_60,cuu_prioritario,60,CUU Prioritario 59,,false,false,,
cuu_prioritario_61,cuu_prioritario,61,CUU Prioritario 60,,false,false,,
cuu_prioritario_62,cuu_prioritario,62,CUU Prioritario 61,,false,false,,
cuu_prioritario_63,cuu_prioritario,63,CUU Prioritario 62,,false,false,,
cuu_prioritario_64,cuu_prioritario,64,CUU Prioritario 63,,false,false,,
cuu_prioritario_65,cuu_prioritario,65,CUU Prioritario 64,,false,false,,
cuu_prioritario_66,cuu_prioritario,66,CUU Prioritario 65,,false,false,,
cuu_prioritario_67,cuu_prioritario,67,CUU Prioritario 66,,false,false,,
cuu_prioritario_68,cuu_prioritario,68,CUU Prioritario 67,,false,false,,
cuu_prioritario_69,cuu_prioritario,69,CUU Prioritario 68,,false,false,,
cuu_prioritario_70,cuu_prioritario,70,CUU Prioritario 69,,false,false,,
cuu_prioritario_71,cuu_prioritario,71,CUU Prioritario 70,,false,false,,
cuu_prioritario_72,cuu_prioritario,72,CUU Prioritario 71,,false,false,,
cuu_prioritario_73,cuu_prioritario,73,CUU Prioritario 72,,false,false,,
cuu_prioritario_74,cuu_prioritario,74,CUU Prioritario 73,,false,false,,
cuu_prioritario_75,cuu_prioritario,75,CUU Prioritario 74,,false,false,,
cuu_prioritario_76,cuu_prioritario,76,CUU Prioritario 76,,false,false,,
cuu_prioritario_77,cuu_prioritario,77,CUU Prioritario 77,,false,false,,
cuu_prioritario_78,cuu_prioritario,78,CUU Prioritario 78,,false,false,,
cuu_prioritario_79,cuu_prioritario,79,CUU Prioritario 79,,false,false,,
cuu_prioritario_80,cuu_prioritario,80,CUU Prioritario 80,,false,false,,
cuu_prioritario_81,cuu_prioritario,81,CUU Prioritario 81,,false,false,,
cuu_prioritario_82,cuu_prioritario,82,CUU Prioritario 82,,false,false,,
cuu_prioritario_83,cuu_prioritario,83,CUU Prioritario 83,,false,false,,
cuu_prioritario_84,cuu_prioritario,84,CUU Prioritario 84,,false,false,,
cuu_prioritario_85,cuu_prioritario,85,CUU Prioritario 85,,false,false,,
cuu_prioritario_86,cuu_prioritario,86,CUU Prioritario 86,,false,false,,
cuu_prioritario_87,cuu_prioritario,87,CUU Prioritario 87,,false,false,,
cuu_prioritario_88,cuu_prioritario,88,CUU Prioritario 88,,false,false,,
cuu_prioritario_89,cuu_prioritario,89,CUU Prioritario 89,,false,false,,
cuu_prioritario_90,cuu_prioritario,90,CUU Prioritario 90,,false,false,,
cuu_prioritario_91,cuu_prioritario,91,CUU Prioritario 91,,false,false,,
cuu_prioritario_92,cuu_prioritario,92,CUU Prioritario 92,,false,false,,
cuu_prioritario_93,cuu_prioritario,93,CUU Prioritario 93,,false,false,,
cuu_prioritario_94,cuu_prioritario,94,CUU Prioritario 94,,false,false,,
cuu_prioritario_95,cuu_prioritario,95,CUU Prioritario 95,,false,false,,
cuu_prioritario_96,cuu_prioritario,96,CUU Prioritario 96,,false,false,,
cuu_prioritario_97,cuu_prioritario,97,CUU Prioritario 97,,false,false,,
cuu_prioritario_98,cuu_prioritario,98,CUU Prioritario 98,,false,false,,
cuu_prioritario_99,cuu_prioritario,99,CUU Prioritario 99,,false,false,,
cuu_prioritario_100,cuu_prioritario,100,CUU Prioritario 100,,false,false,,
cuu_prioritario_101,cuu_prioritario,101,CUU Prioritario 101,,false,false,,
cuu_prioritario_102,cuu_prioritario,102,CUU Prioritario 102,,false,false,,
cuu_prioritario_103,cuu_prioritario,103,CUU Prioritario 103,,false,false,,
cuu_prioritario_104,cuu_prioritario,104,CUU Prioritario 104,,false,false,,
cuu_prioritario_105,cuu_prioritario,105,CUU Prioritario 105,,false,false,,
cuu_prioritario_106,cuu_prioritario,106,CUU Prioritario 106,,false,false,,
cuu_prioritario_107,cuu_prioritario,107,CUU Prioritario 107,,false,false,,
cuu_prioritario_108,cuu_prioritario,108,CUU Prioritario 108,,false,false,,
cuu_prioritario_109,cuu_prioritario,109,CUU Prioritario 109,,false,false,,
cuu_prioritario_110,cuu_prioritario,110,CUU Prioritario 110,,false,false,,
cuu_prioritario_111,cuu_prioritario,111,CUU Prioritario 111,,false,false,,
cuu_prioritario_112,cuu_prioritario,112,CUU Prioritario 113,,false,false,,
cuu_prioritario_113,cuu_prioritario,113,CUU Prioritario 114,,false,false,,
cuu_prioritario_114,cuu_prioritario,114,CUU Prioritario 115,,false,false,,
cuu_prioritario_115,cuu_prioritario,115,CUU Prioritario 116,,false,false,,
cuu_prioritario_116,cuu_prioritario,116,CUU Prioritario 117,,false,false,,
cuu_prioritario_117,cuu_prioritario,117,CUU Prioritario 118,,false,false,,
cuu_prioritario_118,cuu_prioritario,118,CUU Prioritario 119,,false,false,,
cuu_prioritario_119,cuu_prioritario,119,CUU Prioritario 120,,false,false,,
cuu_prioritario_120,cuu_prioritario,120,CUU Prioritario 121,,false,false,,
cuu_prioritario_121,cuu_prioritario,121,CUU Prioritario 122,,false,false,,
cuu_prioritario_122,cuu_prioritario,122,CUU Prioritario 123,,false,false,,
cuu_prioritario_123,cuu_prioritario,123,CUU Prioritario 124,,false,false,,
cuu_prioritario_124,cuu_prioritario,124,CUU Prioritario 125,,false,false,,
cuu_prioritario_125,cuu_prioritario,125,CUU Prioritario 126,,false,false,,
cuu_prioritario_126,cuu_prioritario,126,CUU Prioritario 127,,false,false,,
cuu_prioritario_127,cuu_prioritario,127,CUU Prioritario 128,,false,false,,
cuu_prioritario_128,cuu_prioritario,128,CUU Prioritario 129,,false,false,,
cuu_prioritario_129,cuu_prioritario,129,CUU Prioritario 130,,false,false,,
cuu_prioritario_130,cuu_prioritario,130,CUU Prioritario 131,,false,false,,
colonias_542,colonias,542,LA CURVA,,false,false,,
colonias_543,colonias,543,KOKOPELI,,false,false,,
colonias_544,colonias,544,2 BARRIO,,false,false,,
colonias_545,colonias,545,CENTRO,,false,false,,
colonias_546,colonias,546,ALAMEDA,,false,false,,
colonias_547,colonias,547,FATIMA,,false,false,,
colonias_1438,colonias,1438,RANCHO NUEVO,,false,false,,
colonias_1441,colonias,1441,VILLA AHUMADA Y ANEXAS,,false,false,,
colonias_1445,colonias,1445,EL CARRIZAL,,false,false,,
colonias_1446,colonias,1446,ALAMOS DE PEï¿½A,,false,false,,
colonias_1448,colonias,1448,MOCTEZUMA,,false,false,,
colonias_1449,colonias,1449,SAN LORENZO,,false,false,,
colonias_1451,colonias,1451,OJO CALIENTE,,false,false,,
colonias_1617,colonias,1617,CHIHUAHUITA,,false,false,,
colonias_1618,colonias,1618,ARROYO DEL CARMEN,,false,false,,
colonias_1747,colonias,1747,INFONAVIT,,false,false,,
colonias_2995,colonias,2995,SIN NOMBRE,,false,false,,
colonias_3020,colonias,3020,SIN NOMBRE,,false,false,,
colonias_659,colonias,659,GOBERNADORES,,false,false,,
colonias_660,colonias,660,SAENZ,,false,false,,
colonias_661,colonias,661,ESPAï¿½A,,false,false,,
colonias_662,colonias,662,ABEL AGUIRRE,,false,false,,
colonias_663,colonias,663,MARTIRES DE ALDAMA,,false,false,,
colonias_664,colonias,664,INDUSTRIAL (GRANJAS),,false,false,,
colonias_665,colonias,665,MIGUEL SAAVEDRA,,false,false,,
colonias_666,colonias,666,EMILIANO ZAPATA,,false,false,,
colonias_667,colonias,667,PRI,,false,false,,
colonias_668,colonias,668,ARBOLITO,,false,false,,
colonias_670,colonias,670,FRANCISCO VILLA,,false,false,,
colonias_671,colonias,671,LAS CRUCES,,false,false,,
colonias_672,colonias,672,PROGRESO,,false,false,,
colonias_673,colonias,673,BENITO JUAREZ,,false,false,,
colonias_675,colonias,675,VILLA LOS MORALES (VILLAS DE VALLE VERDE),,false,false,,
colonias_676,colonias,676,TORIBIO ORTEGA,,false,false,,
colonias_677,colonias,677,BOSQUES DE SAN GERONIMO (GRANJAS DE SAN GERONIMO),,false,false,,
colonias_678,colonias,678,INFONAVIT PRESIDENTES,,false,false,,
colonias_679,colonias,679,POPULAR,,false,false,,
colonias_680,colonias,680,LA ABUNDANCIA,,false,false,,
colonias_681,colonias,681,HUERTOS GAMEROS,,false,false,,
colonias_682,colonias,682,SAN GERONIMO,,false,false,,
colonias_683,colonias,683,SANTA ANITA,,false,false,,
colonias_684,colonias,684,CENTRO,,false,false,,
colonias_987,colonias,987,EMILIANO ZAPATA,,false,false,,
colonias_1167,colonias,1167,PLACER DE GUADALUPE,,false,false,,
colonias_1169,colonias,1169,MACLOVIO HERRERA,,false,false,,
colonias_1171,colonias,1171,EL PUEBLITO,,false,false,,
colonias_1733,colonias,1733,SANTA FE,,false,false,,
colonias_1734,colonias,1734,LAS PALMAS,,false,false,,
colonias_1748,colonias,1748,LA MESA,,false,false,,
colonias_2075,colonias,2075,LA ESPERANZA,,false,false,,
colonias_2076,colonias,2076,EL VERGEL,,false,false,,
colonias_2395,colonias,2395,FRACCIONAMIENTO LOS ALAMOS,,false,false,,
colonias_2396,colonias,2396,RESIDENCIAL LOS LEONES I Y II ETAPA,,false,false,,
colonias_2397,colonias,2397,RESIDENCIAL LOS LEONES,,false,false,,
colonias_2577,colonias,2577,FRACCIONAMIENTO LOS ALAMOS III ETAPA,,false,false,,
colonias_2578,colonias,2578,FRACCIONAMIENTO LOS ALAMOS IV ETAPA,,false,false,,
colonias_2580,colonias,2580,CERRADA DE LOS ALAMOS,,false,false,,
colonias_2582,colonias,2582,RESIDENCIAL LOS LEONES III ETAPA,,false,false,,
colonias_2643,colonias,2643,RESIDENCIAL LOS LEONES III ETAPA,,false,false,,
colonias_3018,colonias,3018,GRANJAS,,false,false,,
colonias_3339,colonias,3339,COL FUNDADORES DE ALDAMA,,false,false,,
colonias_3461,colonias,3461,GRANJAS,,false,false,,
colonias_502,colonias,502,LA LOMA,,false,false,,
colonias_506,colonias,506,CENTRO,,false,false,,
colonias_509,colonias,509,INFONAVIT,,false,false,,
colonias_511,colonias,511,NICOLAS FERNANDEZ,,false,false,,
colonias_512,colonias,512,EL PANTEON,,false,false,,
colonias_518,colonias,518,EL MORAL,,false,false,,
colonias_520,colonias,520,CENTRO,,false,false,,
colonias_868,colonias,868,CORDEREï¿½A,,false,false,,
colonias_1091,colonias,1091,ESTACION ADELA,,false,false,,
colonias_1092,colonias,1092,LA MORITA,,false,false,,
colonias_1093,colonias,1093,SAN ANTONIO EL ALTO (CORRALEJO),,false,false,,
colonias_1094,colonias,1094,ESTACION DORADO,,false,false,,
colonias_1095,colonias,1095,PROGRESO,,false,false,,
colonias_1096,colonias,1096,AGUA FRIA BARRICADA,,false,false,,
colonias_1097,colonias,1097,BUFALO,,false,false,,
colonias_1115,colonias,1115,RANCHO BLANCO,,false,false,,
colonias_1116,colonias,1116,SAN JUAN DE ALLENDE,,false,false,,
colonias_1129,colonias,1129,TALAMANTES  DE ABAJO,,false,false,,
colonias_2569,colonias,2569,PROGRESO,,false,false,,
colonias_862,colonias,862,CENTRO,,false,false,,
colonias_1151,colonias,1151,FRANCISCO PORTILLO,,false,false,,
colonias_1152,colonias,1152,SAN ANTONIO EL GRANDE,,false,false,,
colonias_2051,colonias,2051,LADERAS DE SAN GUILLERMO,,false,false,,
colonias_2052,colonias,2052,AQUILES SERDAN,,false,false,,
colonias_2225,colonias,2225,VISTAS SAN GUILLERMO,,false,false,,
colonias_2379,colonias,2379,FRACCIONAMIENTO LADERAS DE SAN GUILLERMO ETAPA II,,false,false,,
colonias_2380,colonias,2380,PORTAL DEL VALLE,,false,false,,
colonias_2393,colonias,2393,PUNTA ORIENTE(DARCONS),,false,false,,
colonias_2405,colonias,2405,SAN GUILLERMO,,false,false,,
colonias_2406,colonias,2406,VILLAS RINCON DEL SOL,,false,false,,
colonias_2531,colonias,2531,PORTAL DEL VALLE II,,false,false,,
colonias_2670,colonias,2670,PORTAL DEL VALLE III,,false,false,,
colonias_2945,colonias,2945,SOLAR DEL VALLE,,false,false,,
colonias_2972,colonias,2972,SOLAR DEL VALLE,,false,false,,
colonias_3060,colonias,3060,DEL VALLE,,false,false,,
colonias_3120,colonias,3120,DEL VALLE III ETAPA,,false,false,,
colonias_3121,colonias,3121,SANTA ELENA,,false,false,,
colonias_535,colonias,535,LA MESILLA,,false,false,,
colonias_1002,colonias,1002,ATERRIZAJE,,false,false,,
colonias_1003,colonias,1003,PANTEON,,false,false,,
colonias_1004,colonias,1004,CENTRO,,false,false,,
colonias_1011,colonias,1011,CENTRO,,false,false,,
colonias_1194,colonias,1194,JOSEFA ORTIZ DE DOMINGUEZ,,false,false,,
colonias_1453,colonias,1453,GUADALUPE VICTORIA,,false,false,,
colonias_1457,colonias,1457,MODELO,,false,false,,
colonias_1509,colonias,1509,SEIS DE ENERO,,false,false,,
colonias_1525,colonias,1525,BISMARK,,false,false,,
colonias_2049,colonias,2049,SECTOR DIAZ,,false,false,,
colonias_2054,colonias,2054,VILLA DE LAS FLORES,,false,false,,
colonias_2871,colonias,2871,VILLA DORADA,,false,false,,
colonias_3449,colonias,3449,INSURGENTES,,false,false,,
colonias_654,colonias,654,CONSTITUCION,,false,false,,
colonias_656,colonias,656,SAN JOSE,,false,false,,
colonias_657,colonias,657,1 DE MAYO,,false,false,,
colonias_658,colonias,658,CENTRO,,false,false,,
colonias_734,colonias,734,SIN NOMBRE,,false,false,,
colonias_743,colonias,743,SIN NOMBRE,,false,false,,
colonias_992,colonias,992,SIN NOMBRE,,false,false,,
colonias_1148,colonias,1148,ABRAHAM GONZALEZ,,false,false,,
colonias_1149,colonias,1149,SAN BLAS,,false,false,,
colonias_1150,colonias,1150,FRANCISCO I MADERO,,false,false,,
colonias_1153,colonias,1153,SAN JOSE Y ANEXAS,,false,false,,
colonias_1154,colonias,1154,AGUA BLANCA,,false,false,,
colonias_1156,colonias,1156,RANCHO DE MARQUEZ,,false,false,,
colonias_1159,colonias,1159,RANCHO COLORADO,,false,false,,
colonias_1161,colonias,1161,EL PORVENIR,,false,false,,
colonias_523,colonias,523,RAUL FERNANDEZ,,false,false,,
colonias_524,colonias,524,PAULA AUN DE AGUIRRE,,false,false,,
colonias_526,colonias,526,CENTRO,,false,false,,
colonias_530,colonias,530,EL CHAMIZAL,,false,false,,
colonias_1065,colonias,1065,BAQUIRIACHI,,false,false,,
colonias_1066,colonias,1066,LA MAGDALENA,,false,false,,
colonias_1067,colonias,1067,SAN JUAN,,false,false,,
colonias_1068,colonias,1068,GENERAL CARLOS PACHECO (TERRERO),,false,false,,
colonias_1981,colonias,1981,EJIDO EL CALDILLO,,false,false,,
colonias_1982,colonias,1982,EJIDO EL VERGEL,,false,false,,
colonias_2324,colonias,2324,RANCHITO DE SAN JUAN,,false,false,,
colonias_570,colonias,570,CENTRO,,false,false,,
colonias_2519,colonias,2519,YOQUIVO,,false,false,,
colonias_3487,colonias,3487,AMOLIACION JARDINES EJIDALES,,false,false,,
colonias_566,colonias,566,CREEL,,false,false,,
colonias_567,colonias,567,CENTRO,,false,false,,
colonias_2079,colonias,2079,SAN JUANITO,,false,false,,
colonias_585,colonias,585,CENTRO,,false,false,,
colonias_586,colonias,586,CARMEï¿½O,,false,false,,
colonias_587,colonias,587,CHAMIZAL,,false,false,,
colonias_589,colonias,589,DEL SEGURO,,false,false,,
colonias_591,colonias,591,VILLA DEL SOL,,false,false,,
colonias_798,colonias,798,BENITO JUAREZ,,false,false,,
colonias_800,colonias,800,RICARDO FLORES MAGON,,false,false,,
colonias_801,colonias,801,EJIDO CONSTITUCION,,false,false,,
colonias_1264,colonias,1264,PROGRESO,,false,false,,
colonias_1266,colonias,1266,SAN LUIS,,false,false,,
colonias_1267,colonias,1267,SAN FRANCISCO PRIMERO DE MAYO,,false,false,,
colonias_1268,colonias,1268,LERDO DE TEJADA,,false,false,,
colonias_1271,colonias,1271,SAN LORENZO,,false,false,,
colonias_1275,colonias,1275,RODRIGO M QUEVEDO,,false,false,,
colonias_1276,colonias,1276,LOS FLORES,,false,false,,
colonias_1741,colonias,1741,PROGRESO,,false,false,,
colonias_1742,colonias,1742,MOLINO O GUADALUPANO,,false,false,,
colonias_723,colonias,723,LOS PINOS,,false,false,,
colonias_724,colonias,724,OBRERA,,false,false,,
colonias_725,colonias,725,LA LAGUNITA,,false,false,,
colonias_726,colonias,726,ALSACIA LORENA,,false,false,,
colonias_727,colonias,727,ARBOL GRANDE,,false,false,,
colonias_728,colonias,728,INFONAVIT LOMAS DEL FLORIDO,,false,false,,
colonias_729,colonias,729,ARTURO ARMENDARIZ,,false,false,,
colonias_730,colonias,730,LOS ALAMOS,,false,false,,
colonias_731,colonias,731,REVOLUCION,,false,false,,
colonias_732,colonias,732,FRANCISCO I MADERO,,false,false,,
colonias_733,colonias,733,FRANCISCO I MADERO II,,false,false,,
colonias_735,colonias,735,INDUSTRIAL AGRICOLA,,false,false,,
colonias_736,colonias,736,LAS TORRES,,false,false,,
colonias_737,colonias,737,ESTANISLAO MUï¿½OZ,,false,false,,
colonias_738,colonias,738,QUINTA GRACIA,,false,false,,
colonias_739,colonias,739,SANTA ROSALIA,,false,false,,
colonias_740,colonias,740,ABRAHAM GONZALEZ,,false,false,,
colonias_741,colonias,741,FONAPO,,false,false,,
colonias_742,colonias,742,ROMA,,false,false,,
colonias_744,colonias,744,CHAVIRA,,false,false,,
colonias_745,colonias,745,FOVISSSTE,,false,false,,
colonias_746,colonias,746,XEOH,,false,false,,
colonias_747,colonias,747,JORGE NEGRETE,,false,false,,
colonias_748,colonias,748,BELLA VISTA,,false,false,,
colonias_749,colonias,749,CENTRO,,false,false,,
colonias_864,colonias,864,BENITO JUAREZ,,false,false,,
colonias_866,colonias,866,INFONAVIT COLINA,,false,false,,
colonias_869,colonias,869,RIVERA DEL CONCHOS,,false,false,,
colonias_964,colonias,964,ABRAHAM GONZALEZ  I,,false,false,,
colonias_996,colonias,996,VILLA DIAMANTE,,false,false,,
colonias_1192,colonias,1192,ALTAVISTA,,false,false,,
colonias_1193,colonias,1193,LA LAGUNA,,false,false,,
colonias_1588,colonias,1588,DAVID ALFARO SIQUEIROS,,false,false,,
colonias_1799,colonias,1799,JARDINES DEL CONCHOS,,false,false,,
colonias_1800,colonias,1800,SANTA ROSALIA,,false,false,,
colonias_1801,colonias,1801,SAN ISIDRO,,false,false,,
colonias_1802,colonias,1802,LEYES DE REFORMA,,false,false,,
colonias_1803,colonias,1803,LA PERLA,,false,false,,
colonias_1861,colonias,1861,SANTA GRACIA,,false,false,,
colonias_1862,colonias,1862,JARDINES DEL DESIERTO,,false,false,,
colonias_1907,colonias,1907,EL CAMPANARIO,,false,false,,
colonias_1938,colonias,1938,MAGISTERIAL,,false,false,,
colonias_1939,colonias,1939,ABRAHAM GONZALEZ III,,false,false,,
colonias_1940,colonias,1940,ABRAHAM GONZALEZ II,,false,false,,
colonias_1941,colonias,1941,ABRAHAM GONZALEZ IV,,false,false,,
colonias_2020,colonias,2020,DEL CRISTO,,false,false,,
colonias_2228,colonias,2228,LA BOQUILLA,,false,false,,
colonias_2229,colonias,2229,VILLAS DEL SOL,,false,false,,
colonias_2230,colonias,2230,LADERAS DE LA ABRAHAM GONZALEZ,,false,false,,
colonias_2378,colonias,2378,SAN SEBASTIAN,,false,false,,
colonias_2481,colonias,2481,TEC MILENIO,,false,false,,
colonias_2647,colonias,2647,JARDINES DE SAN MARCO,,false,false,,
colonias_2705,colonias,2705,SAN SEBASTIAN II,,false,false,,
colonias_2711,colonias,2711,AGRICOLA INDUSTRIAL,,false,false,,
colonias_2762,colonias,2762,MORENA - MIGUEL ANGEL NIï¿½O,,false,false,,
colonias_2974,colonias,2974,EL MIRADOR,,false,false,,
colonias_2975,colonias,2975,LOS ANGELES,,false,false,,
colonias_3084,colonias,3084,ARBOL GRANDE III,,false,false,,
colonias_3085,colonias,3085,AGRICULTORES,,false,false,,
colonias_3088,colonias,3088,EL ESPEJO,,false,false,,
colonias_3268,colonias,3268,LUCHA VILLA,,false,false,,
colonias_3269,colonias,3269,MANUEL ANDREW,,false,false,,
colonias_3270,colonias,3270,ABIUD ARMENDARIZ,,false,false,,
colonias_3271,colonias,3271,CUATRO MILPAS,,false,false,,
colonias_3272,colonias,3272,SANTA ANITA,,false,false,,
colonias_3356,colonias,3356,ING PEMEX,,false,false,,
colonias_568,colonias,568,CENTRO,,false,false,,
colonias_1162,colonias,1162,TAJIRACHI,,false,false,,
colonias_1163,colonias,1163,CIENEGA DE OJOS AZULES,,false,false,,
colonias_1164,colonias,1164,LA MAQUINA DE OJOS AZULES,,false,false,,
colonias_1165,colonias,1165,ALAMO DE OJOS AZULES,,false,false,,
colonias_1166,colonias,1166,MOLINARES,,false,false,,
colonias_1168,colonias,1168,BACABUREACHI,,false,false,,
colonias_1170,colonias,1170,SAN JOSE BAQUEACHI,,false,false,,
colonias_536,colonias,536,LA ESPERANZA,,false,false,,
colonias_539,colonias,539,MOCTEZUMA,,false,false,,
colonias_541,colonias,541,CENTRO,,false,false,,
colonias_855,colonias,855,JUAREZ,,false,false,,
colonias_999,colonias,999,SAN ANTONIO,,false,false,,
colonias_1000,colonias,1000,OJINAGA,,false,false,,
colonias_1233,colonias,1233,ENRIQUEZ,,false,false,,
colonias_1244,colonias,1244,CUAUHTEMOC,,false,false,,
colonias_1245,colonias,1245,JUAN MATA ORTIZ,,false,false,,
colonias_1526,colonias,1526,PROFESOR GRACIANO SANCHEZ,,false,false,,
colonias_1527,colonias,1527,GUADALUPE VICTORIA,,false,false,,
colonias_2300,colonias,2300,LA ESPERANZA,,false,false,,
colonias_760,colonias,760,CENTRO,,false,false,,
colonias_761,colonias,761,CHAPULTEPEC,,false,false,,
colonias_1117,colonias,1117,EMILIANO ZAPATA,,false,false,,
colonias_1118,colonias,1118,ITURRALDE (EL ORIENTE),,false,false,,
colonias_1119,colonias,1119,RANCHO ALEGRE,,false,false,,
colonias_1120,colonias,1120,BENITO JUAREZ (LA CRUZ),,false,false,,
colonias_1121,colonias,1121,LA CONQUISTA AGRARIA,,false,false,,
colonias_1122,colonias,1122,LAS PILAS,,false,false,,
colonias_1123,colonias,1123,SAN PEDRO,,false,false,,
colonias_2570,colonias,2570,SANTO NIï¿½O,,false,false,,
colonias_685,colonias,685,LA GARITA,,false,false,,
colonias_686,colonias,686,COREA,,false,false,,
colonias_687,colonias,687,CENTRO,,false,false,,
colonias_1172,colonias,1172,SAN PEDRO,,false,false,,
colonias_1174,colonias,1174,CUCHILLO PARADO,,false,false,,
colonias_2257,colonias,2257,AEROPUERTO,,false,false,,
colonias_652,colonias,652,CENTRO,,false,false,,
colonias_653,colonias,653,MANUEL BERNARDO AGUIRRE,,false,false,,
colonias_655,colonias,655,PANAMERICANA,,false,false,,
colonias_1189,colonias,1189,SAN RAFAEL,,false,false,,
colonias_1190,colonias,1190,ESTACION LA CRUZ,,false,false,,
colonias_1191,colonias,1191,CORRALEï¿½O DE JUAREZ,,false,false,,
colonias_161,colonias,161,MAGISTERIAL,,false,false,,
colonias_164,colonias,164,NUEVO MILENIO,,false,false,,
colonias_174,colonias,174,BASASEACHI,,false,false,,
colonias_178,colonias,178,LOS ARENALES,,false,false,,
colonias_179,colonias,179,PROGRESO,,false,false,,
colonias_181,colonias,181,LOS MANZANOS,,false,false,,
colonias_182,colonias,182,LAS HUERTAS,,false,false,,
colonias_185,colonias,185,GUADALUPE VICTORIA,,false,false,,
colonias_214,colonias,214,PERIODISTA,,false,false,,
colonias_220,colonias,220,REPUBLICA,,false,false,,
colonias_222,colonias,222,CENTRO,,false,false,,
colonias_223,colonias,223,VIEJO,,false,false,,
colonias_224,colonias,224,DELICIAS,,false,false,,
colonias_225,colonias,225,DE LA PRESA,,false,false,,
colonias_226,colonias,226,SAN ANTONIO,,false,false,,
colonias_227,colonias,227,INDEPENDENCIA,,false,false,,
colonias_237,colonias,237,FERNANDO BAEZA,,false,false,,
colonias_238,colonias,238,LAS AMERICAS,,false,false,,
colonias_239,colonias,239,AGRICOLA SAN ANTONIO,,false,false,,
colonias_242,colonias,242,LA PRESA,,false,false,,
colonias_244,colonias,244,SEGUNDO BATALLON DE INFANTERIA,,false,false,,
colonias_245,colonias,245,CTM,,false,false,,
colonias_246,colonias,246,HOLANDA,,false,false,,
colonias_248,colonias,248,TIERRA Y LIBERTAD SECTOR B,,false,false,,
colonias_249,colonias,249,TIERRA Y LIBERTAD SECTOR C,,false,false,,
colonias_250,colonias,250,TIERRA Y LIBERTAD SECTOR A,,false,false,,
colonias_251,colonias,251,MANUEL JAQUEZ OLIVAS,,false,false,,
colonias_252,colonias,252,TIERRA NUEVA,,false,false,,
colonias_253,colonias,253,TIERRA NUEVA,,false,false,,
colonias_254,colonias,254,PRI,,false,false,,
colonias_255,colonias,255,LA ESPERANZA,,false,false,,
colonias_256,colonias,256,MORELOS,,false,false,,
colonias_257,colonias,257,LUCHA CAMPESINA,,false,false,,
colonias_258,colonias,258,MIGUEL SIGALA,,false,false,,
colonias_259,colonias,259,ALTA VISTA,,false,false,,
colonias_260,colonias,260,LERDO,,false,false,,
colonias_265,colonias,265,AMPLIACION BARRIO LERDO,,false,false,,
colonias_267,colonias,267,SANTA MARIA,,false,false,,
colonias_270,colonias,270,AMPLIACION REPUBLICA,,false,false,,
colonias_497,colonias,497,REFORMA,,false,false,,
colonias_505,colonias,505,NIï¿½OS HEROES,,false,false,,
colonias_508,colonias,508,COLINAS DEL PUERTO,,false,false,,
colonias_515,colonias,515,FRANCISCO VILLA,,false,false,,
colonias_517,colonias,517,FOVISSSTE,,false,false,,
colonias_521,colonias,521,BUROCRATA,,false,false,,
colonias_522,colonias,522,PUERTAS DEL SOL,,false,false,,
colonias_525,colonias,525,AMPL FRANCISCO VILLA,,false,false,,
colonias_527,colonias,527,DEL EMPLEADO MUNICIPAL,,false,false,,
colonias_528,colonias,528,INDUSTRIAL,,false,false,,
colonias_529,colonias,529,PEMEX,,false,false,,
colonias_531,colonias,531,LAZARO CARDENAS,,false,false,,
colonias_532,colonias,532,REVOLUCION MEXICANA,,false,false,,
colonias_533,colonias,533,EMILIANO ZAPATA,,false,false,,
colonias_534,colonias,534,AMPL EMILIANO ZAPATA,,false,false,,
colonias_538,colonias,538,VENUSTIANO CARRANZA,,false,false,,
colonias_540,colonias,540,SIERRA AZUL,,false,false,,
colonias_561,colonias,561,ANAHUAC,,false,false,,
colonias_934,colonias,934,SIN NOMBRE,,false,false,,
colonias_960,colonias,960,EMILIANO ZAPATA,,false,false,,
colonias_961,colonias,961,SIN NOMBRE,,false,false,,
colonias_962,colonias,962,SIN NOMBRE,,false,false,,
colonias_963,colonias,963,EL ROBLE,,false,false,,
colonias_1056,colonias,1056,CAMPO REAL,,false,false,,
colonias_1173,colonias,1173,HARMS,,false,false,,
colonias_1199,colonias,1199,LAZARO CARDENAS,,false,false,,
colonias_1425,colonias,1425,CENTRO CALLES,,false,false,,
colonias_1426,colonias,1426,LA SELVA,,false,false,,
colonias_1429,colonias,1429,UNION CAMPESINA,,false,false,,
colonias_1430,colonias,1430,MAURILIO ORTIZ,,false,false,,
colonias_1431,colonias,1431,CHUPADEROS,,false,false,,
colonias_1432,colonias,1432,LA QUEMADA,,false,false,,
colonias_1433,colonias,1433,ALLENDE,,false,false,,
colonias_1434,colonias,1434,NUEVO HORIZONTE,,false,false,,
colonias_1435,colonias,1435,REFORMA,,false,false,,
colonias_1436,colonias,1436,ARROYO DEL AGUA,,false,false,,
colonias_1437,colonias,1437,EL VENADO,,false,false,,
colonias_1439,colonias,1439,MARGARITA MAZA DE JUAREZ,,false,false,,
colonias_1440,colonias,1440,CAMPO 107,,false,false,,
colonias_1442,colonias,1442,EL RAYO,,false,false,,
colonias_1443,colonias,1443,CAMPO 101 NUEVO (COL VIANA),,false,false,,
colonias_1444,colonias,1444,BARRIO XOCHIMILCO,,false,false,,
colonias_1447,colonias,1447,ALVARO OBREGON,,false,false,,
colonias_1450,colonias,1450,NICOLAS BRAVO,,false,false,,
colonias_1452,colonias,1452,NUEVO ZARAGOZA,,false,false,,
colonias_1454,colonias,1454,CAMPO 15,,false,false,,
colonias_1455,colonias,1455,EL LLORON,,false,false,,
colonias_1456,colonias,1456,VISTA HERMOSA,,false,false,,
colonias_1458,colonias,1458,MORELOS,,false,false,,
colonias_1459,colonias,1459,CUITLAHUAC DE ARRIBA,,false,false,,
colonias_1460,colonias,1460,NAPAVECHI,,false,false,,
colonias_1461,colonias,1461,LOMA PELONA,,false,false,,
colonias_1462,colonias,1462,EL APACHE,,false,false,,
colonias_1463,colonias,1463,ZAMALOAPAN,,false,false,,
colonias_1464,colonias,1464,FAVELA,,false,false,,
colonias_1465,colonias,1465,RODRIGO M QUEVEDO,,false,false,,
colonias_1466,colonias,1466,BUSTILLOS,,false,false,,
colonias_1467,colonias,1467,TRES LAGUNITAS,,false,false,,
colonias_1468,colonias,1468,TASCATE DEL AGUILA,,false,false,,
colonias_1469,colonias,1469,SANTA LUCIA,,false,false,,
colonias_1470,colonias,1470,CASA COLORADA DE ABAJO,,false,false,,
colonias_1471,colonias,1471,CASA COLORADA DE ARRIBA,,false,false,,
colonias_1472,colonias,1472,SEIS DE ENERO DE 1915,,false,false,,
colonias_1473,colonias,1473,CIENEGA DE CASTILLO,,false,false,,
colonias_1474,colonias,1474,BARRAGANES,,false,false,,
colonias_1610,colonias,1610,SIN NOMBRE,,false,false,,
colonias_1611,colonias,1611,SIN NOMBRE,,false,false,,
colonias_1654,colonias,1654,TARAHUMARA,,false,false,,
colonias_1753,colonias,1753,LOMAS DEL CAMPESTRE,,false,false,,
colonias_1754,colonias,1754,EL MIRADOR,,false,false,,
colonias_1759,colonias,1759,VALLE DE LOS MANZANOS,,false,false,,
colonias_1765,colonias,1765,VISTA HERMOSA,,false,false,,
colonias_1796,colonias,1796,EMILIANO ZAPATA,,false,false,,
colonias_1797,colonias,1797,PENSIONES CIVILES,,false,false,,
colonias_1814,colonias,1814,DEL BOSQUE,,false,false,,
colonias_1816,colonias,1816,SIN NOMBRE,,false,false,,
colonias_1931,colonias,1931,CERRADA DE SAN ANTONIO,,false,false,,
colonias_1942,colonias,1942,PRESIDENTES,,false,false,,
colonias_1969,colonias,1969,LA CAMPANA,,false,false,,
colonias_1970,colonias,1970,ALICANTES,,false,false,,
colonias_1998,colonias,1998,LOS OLIVOS,,false,false,,
colonias_2013,colonias,2013,LOS NOGALES,,false,false,,
colonias_2038,colonias,2038,LOS HUERTOS,,false,false,,
colonias_2041,colonias,2041,SIN NOMBRE,,false,false,,
colonias_2047,colonias,2047,LAS HACIENDAS,,false,false,,
colonias_2048,colonias,2048,QUINTAS DEL REAL,,false,false,,
colonias_2078,colonias,2078,HACIENDA SAN ANTONIO,,false,false,,
colonias_2234,colonias,2234,CERRADA DE SAN ANTONIO,,false,false,,
colonias_2277,colonias,2277,LAS AGUILAS,,false,false,,
colonias_2289,colonias,2289,INFONAVIT REVOLUCION,,false,false,,
colonias_2298,colonias,2298,LOMAS VERDES,,false,false,,
colonias_2299,colonias,2299,LOS CEDROS,,false,false,,
colonias_2301,colonias,2301,RINCONADA DE SAN JAVIER,,false,false,,
colonias_2341,colonias,2341,VALPARAISO,,false,false,,
colonias_2346,colonias,2346,FRACC LOS FRAYLES,,false,false,,
colonias_2366,colonias,2366,VILLAS DE SAN ANTONIO,,false,false,,
colonias_2372,colonias,2372,AMPL MIRADOR,,false,false,,
colonias_2373,colonias,2373,AMPL VALLE DE ANAHUAC,,false,false,,
colonias_2374,colonias,2374,EL PINO,,false,false,,
colonias_2389,colonias,2389,CASA BLANCA CAMPESTRE,,false,false,,
colonias_2407,colonias,2407,MONTECARLO,,false,false,,
colonias_2410,colonias,2410,REAL DEL MONTE,,false,false,,
colonias_2423,colonias,2423,FOCHOLO,,false,false,,
colonias_2426,colonias,2426,SIERRA AZUL,,false,false,,
colonias_2434,colonias,2434,CAMPO 2A,,false,false,,
colonias_2473,colonias,2473,LAS FLORES,,false,false,,
colonias_2475,colonias,2475,TEGNOLOGICO,,false,false,,
colonias_2527,colonias,2527,SENDEROS DEL TECNOLOGICO,,false,false,,
colonias_2532,colonias,2532,VILLAS SAN MIGUEL,,false,false,,
colonias_2534,colonias,2534,QUINTAS DEL VALLE,,false,false,,
colonias_2539,colonias,2539,CAMPO 100,,false,false,,
colonias_2540,colonias,2540,SAN CRISTOBAL,,false,false,,
colonias_2541,colonias,2541,ALCALDES,,false,false,,
colonias_2544,colonias,2544,LOS TRIGALES,,false,false,,
colonias_2565,colonias,2565,GRANJAS FAMILIARES,,false,false,,
colonias_2610,colonias,2610,QUINTAS SEBASTIAN,,false,false,,
colonias_2611,colonias,2611,QUINTAS MARIANA,,false,false,,
colonias_2617,colonias,2617,SIN NOMBRE,,false,false,,
colonias_2618,colonias,2618,RESIDENCIAL DE LA SIERRA,,false,false,,
colonias_2645,colonias,2645,PAQUIME,,false,false,,
colonias_2646,colonias,2646,MOISES CARAVEO CASTILLO,,false,false,,
colonias_2667,colonias,2667,LA CIUDADELA,,false,false,,
colonias_2668,colonias,2668,VILLAS DE ESPAï¿½A,,false,false,,
colonias_2669,colonias,2669,SIN NOMBRE,,false,false,,
colonias_2675,colonias,2675,PROGRESO (SAN IGNACIO),,false,false,,
colonias_2704,colonias,2704,VIï¿½EDOS,,false,false,,
colonias_2714,colonias,2714,BOSQUES DE LA TARAHUMARA,,false,false,,
colonias_2715,colonias,2715,PRESA SAN ANTONIO,,false,false,,
colonias_2732,colonias,2732,RIVERAS DE VENEZUELA,,false,false,,
colonias_2755,colonias,2755,CAï¿½ADAS,,false,false,,
colonias_2756,colonias,2756,VILLAS DE ESPAï¿½A ETAPA 2,,false,false,,
colonias_2758,colonias,2758,SAN GABRIEL,,false,false,,
colonias_2759,colonias,2759,SAN RAFAEL,,false,false,,
colonias_2810,colonias,2810,SIN NOMNRE,,false,false,,
colonias_2811,colonias,2811,MADEIRA,,false,false,,
colonias_2812,colonias,2812,JARDINES DEL MIRADOR,,false,false,,
colonias_2813,colonias,2813,SIERRA AZUL,,false,false,,
colonias_2839,colonias,2839,QUINTAS LUPITAS,,false,false,,
colonias_2925,colonias,2925,SAN BERNABE,,false,false,,
colonias_2962,colonias,2962,QUINTA DIVISADERO,,false,false,,
colonias_2964,colonias,2964,VILANOVA,,false,false,,
colonias_2971,colonias,2971,ANDREA,,false,false,,
colonias_2978,colonias,2978,HACIENDAS DEL VALLE,,false,false,,
colonias_3000,colonias,3000,ALBATERRA,,false,false,,
colonias_3014,colonias,3014,PASCUAL OROZCO,,false,false,,
colonias_3034,colonias,3034,GOLDEN COUNTRY,,false,false,,
colonias_3048,colonias,3048,ALBORADAS,,false,false,,
colonias_3103,colonias,3103,BENITO JUAREZ,,false,false,,
colonias_3114,colonias,3114,VALLE DE ANAHUAC,,false,false,,
colonias_3119,colonias,3119,PEDREGALES DEL BOSQUE,,false,false,,
colonias_3122,colonias,3122,LA MANGA,,false,false,,
colonias_3126,colonias,3126,CUMBRES DEL MIRADOR,,false,false,,
colonias_3144,colonias,3144,SANTO NIï¿½O,,false,false,,
colonias_3166,colonias,3166,SIN NOMBRE,,false,false,,
colonias_3172,colonias,3172,LAS PAMPAS,,false,false,,
colonias_3189,colonias,3189,VILLITA VALLE GRANDE,,false,false,,
colonias_3342,colonias,3342,SIN NOMBRE,,false,false,,
colonias_3358,colonias,3358,SIN NOMBRE,,false,false,,
colonias_3430,colonias,3430,SIN NOMBRE,,false,false,,
colonias_3432,colonias,3432,FLOR DE LLANO,,false,false,,
colonias_3434,colonias,3434,CAMPESTRE LAS HACIENDAS,,false,false,,
colonias_3435,colonias,3435,ARENALES,,false,false,,
colonias_3436,colonias,3436,SIN NOMBRE,,false,false,,
colonias_3437,colonias,3437,SIN NOMBRE,,false,false,,
colonias_3438,colonias,3438,SIN NOMBRE,,false,false,,
colonias_3439,colonias,3439,SIN NOMBRE,,false,false,,
colonias_3440,colonias,3440,SIN NOMBRE,,false,false,,
colonias_3441,colonias,3441,SIN NOMBRE,,false,false,,
colonias_3442,colonias,3442,SIN NOMBRE,,false,false,,
colonias_3478,colonias,3478,SIN NOMBRE,,false,false,,
colonias_3484,colonias,3484,SIN NOMBRE,,false,false,,
colonias_3486,colonias,3486,VILLAS DEL BOSQUE,,false,false,,
colonias_3491,colonias,3491,SIN NOMBRE,,false,false,,
colonias_674,colonias,674,CENTRO,,false,false,,
colonias_1475,colonias,1475,CAMPO 26,,false,false,,
colonias_1476,colonias,1476,CARBAJAL DE ABAJO,,false,false,,
colonias_1477,colonias,1477,CARBAJAL DE ARRIBA,,false,false,,
colonias_1478,colonias,1478,MEXICO,,false,false,,
colonias_1479,colonias,1479,LA SOLEDAD,,false,false,,
colonias_1480,colonias,1480,COYACHI,,false,false,,
colonias_1481,colonias,1481,CUSI (OJO DE AGUA),,false,false,,
colonias_1482,colonias,1482,CERRO PRIETO,,false,false,,
colonias_1483,colonias,1483,CHOPEQUE,,false,false,,
colonias_1484,colonias,1484,ALAMOS DE CERRO PRIETO,,false,false,,
colonias_1485,colonias,1485,BAJIO DE ABAJO,,false,false,,
colonias_1486,colonias,1486,BAJIO DE ARRIBA,,false,false,,
colonias_1487,colonias,1487,SAN BERNABE,,false,false,,
colonias_1488,colonias,1488,SANTA RITA,,false,false,,
colonias_1489,colonias,1489,RANCHO GONZALEZ,,false,false,,
colonias_1490,colonias,1490,LLANOS DE REFORMA,,false,false,,
colonias_1491,colonias,1491,LA CAPILLA DE LOS REMEDIOS,,false,false,,
colonias_1221,colonias,1221,10 DE MAYO,,false,false,,
colonias_1341,colonias,1341,11 DE FEBRERO,,false,false,,
colonias_913,colonias,913,15 DE ENERO,,false,false,,
colonias_900,colonias,900,2 DE OCTUBRE,,false,false,,
colonias_2187,colonias,2187,20 ANIVERSARIO,,false,false,,
colonias_1672,colonias,1672,24 DE FEBRERO,,false,false,,
colonias_1386,colonias,1386,24 DE JUNIO,,false,false,,
colonias_1358,colonias,1358,27 DE NOVIEMBRE,,false,false,,
colonias_1359,colonias,1359,3 DE MAYO,,false,false,,
colonias_2838,colonias,2838,6 DE JULIO,,false,false,,
colonias_1888,colonias,1888,ACEQUIAS DE TABALAOPA I ETAPA,,false,false,,
colonias_2036,colonias,2036,ACEQUIAS DE TABALAOPA II ETAPA,,false,false,,
colonias_909,colonias,909,ADELITAS,,false,false,,
colonias_1212,colonias,1212,ADRIANA,,false,false,,
colonias_1330,colonias,1330,AEROPUERTO,,false,false,,
colonias_3326,colonias,3326,AGRICOLA FRANCISCO VILLA,,false,false,,
colonias_2129,colonias,2129,AIRES DEL SUR,,false,false,,
colonias_2652,colonias,2652,AIRES DEL SUR 3,,false,false,,
colonias_1210,colonias,1210,ALAMEDAS,,false,false,,
colonias_1924,colonias,1924,ALAMEDAS RINCONADA ORIENTE I ETAPA,,false,false,,
colonias_2018,colonias,2018,ALAMEDAS RINCONADA ORIENTE II ETAPA,,false,false,,
colonias_2255,colonias,2255,ALAMEDAS RINCONADA ORIENTE III ETAPA,,false,false,,
colonias_2581,colonias,2581,ALBATERRA,,false,false,,
colonias_2672,colonias,2672,ALBATERRA 2,,false,false,,
colonias_2754,colonias,2754,ALBATERRA 3,,false,false,,
colonias_2117,colonias,2117,ALFREDO CHAVEZ,,false,false,,
colonias_911,colonias,911,ALIANZA POPULAR,,false,false,,
colonias_3165,colonias,3165,ALLEZA BOREAL,,false,false,,
colonias_2164,colonias,2164,ALTAMIRA,,false,false,,
colonias_3175,colonias,3175,ALTARIA,,false,false,,
colonias_1364,colonias,1364,ALTAVISTA,,false,false,,
colonias_3351,colonias,3351,ALTOZANO EL NUEVO CHIHUAHUA,,false,false,,
colonias_2982,colonias,2982,AMBAR,,false,false,,
colonias_3109,colonias,3109,AMBAR,,false,false,,
colonias_2901,colonias,2901,AMERICA LATINA,,false,false,,
colonias_841,colonias,841,AMERICAS,,false,false,,
colonias_2118,colonias,2118,AMPL CAMPESINA,,false,false,,
colonias_2125,colonias,2125,AMPL CERRO DE LA CRUZ,,false,false,,
colonias_2466,colonias,2466,AMPLIACION 11 DE FEBRERO,,false,false,,
colonias_2435,colonias,2435,AMPLIACION AEROPUERTO SECTOR 5,,false,false,,
colonias_2059,colonias,2059,AMPLIACION CRUCERO,,false,false,,
colonias_2773,colonias,2773,AMPLIACION LAS NORIAS,,false,false,,
colonias_2988,colonias,2988,AMPLIACION LOMAS DE ORIENTE,,false,false,,
colonias_3295,colonias,3295,AMPLIACION NUEVO TRIUNFO,,false,false,,
colonias_2037,colonias,2037,AMPLIACION RUBEN JARAMILLO,,false,false,,
colonias_3444,colonias,3444,AMPLIACION VISTAS EJIDALES,,false,false,,
colonias_2448,colonias,2448,ANDALUCIA,,false,false,,
colonias_2650,colonias,2650,ANDARES,,false,false,,
colonias_1214,colonias,1214,ANEXO SANTA ROSA,,false,false,,
colonias_850,colonias,850,ANGEL TRIAS,,false,false,,
colonias_2823,colonias,2823,ANKARA,,false,false,,
colonias_1703,colonias,1703,ANTIGUO LIENZO CHARRO,,false,false,,
colonias_3289,colonias,3289,ANTORCHA POPULAR,,false,false,,
colonias_2090,colonias,2090,ARBOLEDAS,,false,false,,
colonias_833,colonias,833,ARCADAS,,false,false,,
colonias_2750,colonias,2750,ARCADIAS,,false,false,,
colonias_1226,colonias,1226,ARQUITECTOS,,false,false,,
colonias_2508,colonias,2508,ARQUITOS,,false,false,,
colonias_1317,colonias,1317,ARTURO GAMIZ,,false,false,,
colonias_2783,colonias,2783,ASENTAMIENTO TARAHUMAR CARLOS HERRERA ARROYO,,false,false,,
colonias_2876,colonias,2876,ASENTAMIENTO TARAHUMARA,,false,false,,
colonias_2751,colonias,2751,ASENTAMIENTO TARAHUMARA PBRO CARLOS DIAZ INFANTE,,false,false,,
colonias_3110,colonias,3110,ASTRA,,false,false,,
colonias_3292,colonias,3292,ATENAS,,false,false,,
colonias_1336,colonias,1336,AVALOS,,false,false,,
colonias_816,colonias,816,AVICOLA I ETAPA,,false,false,,
colonias_815,colonias,815,AVICOLA I I ETAPA,,false,false,,
colonias_3192,colonias,3192,BAHIAS,,false,false,,
colonias_2700,colonias,2700,BALEARES,,false,false,,
colonias_2173,colonias,2173,BARRANCAS,,false,false,,
colonias_1382,colonias,1382,BARRIO DE LONDRES,,false,false,,
colonias_888,colonias,888,BARRIO DEL NORTE,,false,false,,
colonias_2149,colonias,2149,BASASEACHI,,false,false,,
colonias_1041,colonias,1041,BELLAVISTA,,false,false,,
colonias_2130,colonias,2130,BENITO JUAREZ,,false,false,,
colonias_1842,colonias,1842,BENITO JUAREZ CNOP,,false,false,,
colonias_2994,colonias,2994,BERNA,,false,false,,
colonias_1789,colonias,1789,BOSQUE,,false,false,,
colonias_3037,colonias,3037,BOSQUE REAL,,false,false,,
colonias_3045,colonias,3045,BOSQUE REAL 2,,false,false,,
colonias_3090,colonias,3090,BOSQUES BOREALES 1,,false,false,,
colonias_3089,colonias,3089,BOSQUES BOREALES 2,,false,false,,
colonias_3138,colonias,3138,BOSQUES DE GALICIA,,false,false,,
colonias_3137,colonias,3137,BOSQUES DE NAVARRA,,false,false,,
colonias_2202,colonias,2202,BOSQUES DE SAN FRANCISCO,,false,false,,
colonias_3355,colonias,3355,BOSQUES DE SAN PEDRO (CERRADA GAUDI),,false,false,,
colonias_2692,colonias,2692,BOSQUES DEL REJON,,false,false,,
colonias_2436,colonias,2436,BOSQUES DEL VALLE,,false,false,,
colonias_2594,colonias,2594,BOSQUES DEL VALLE 2,,false,false,,
colonias_2868,colonias,2868,BOSQUES DEL VALLE 5,,false,false,,
colonias_2725,colonias,2725,BOSQUES DELVALLE 3,,false,false,,
colonias_2726,colonias,2726,BOSQUES DELVALLE 4,,false,false,,
colonias_2123,colonias,2123,BRISAS DEL NOROESTE,,false,false,,
colonias_809,colonias,809,BRISAS DEL REAL,,false,false,,
colonias_848,colonias,848,BUROCRATA ESTATAL,,false,false,,
colonias_2122,colonias,2122,BUROCRATA FEDERAL,,false,false,,
colonias_2188,colonias,2188,CAFETALES,,false,false,,
colonias_2984,colonias,2984,CALICANTO,,false,false,,
colonias_2987,colonias,2987,CALIFORNIA,,false,false,,
colonias_3217,colonias,3217,CALZADA DEL BOSQUE,,false,false,,
colonias_2536,colonias,2536,CAMINOS DEL VALLE,,false,false,,
colonias_2634,colonias,2634,CAMINOS DEL VALLE 2,,false,false,,
colonias_2673,colonias,2673,CAMINOS DEL VALLE 3,,false,false,,
colonias_2727,colonias,2727,CAMINOS DEL VALLE IV,,false,false,,
colonias_842,colonias,842,CAMPANARIO,,false,false,,
colonias_2119,colonias,2119,CAMPESINA,,false,false,,
colonias_843,colonias,843,CAMPESTRE,,false,false,,
colonias_2111,colonias,2111,CAMPESTRE DEL BOSQUE,,false,false,,
colonias_2680,colonias,2680,CAMPESTRE LAS CAROLINAS,,false,false,,
colonias_838,colonias,838,CAMPESTRE WASHINGTON,,false,false,,
colonias_3219,colonias,3219,CAMPO BELLO I,,false,false,,
colonias_3221,colonias,3221,CAMPO BELLO II,,false,false,,
colonias_3257,colonias,3257,CAMPO BELLO III,,false,false,,
colonias_3261,colonias,3261,CAMPO BELLO IV,,false,false,,
colonias_3259,colonias,3259,CAMPO BELLO V,,false,false,,
colonias_2893,colonias,2893,CAMPO VIEJO,,false,false,,
colonias_2892,colonias,2892,CAMPO VIEJO II,,false,false,,
colonias_2191,colonias,2191,CAMPUS UNIVERSITARIO II,,false,false,,
colonias_2134,colonias,2134,CANTERA,,false,false,,
colonias_2450,colonias,2450,CANTERA DEL PEDREGAL,,false,false,,
colonias_2178,colonias,2178,CARLOS ARMENDARIZ,,false,false,,
colonias_1216,colonias,1216,CASA BLANCA,,false,false,,
colonias_1379,colonias,1379,CASA BLANCA,,false,false,,
colonias_2575,colonias,2575,CASTELO,,false,false,,
colonias_2736,colonias,2736,CASTILLA RELIZ,,false,false,,
colonias_3328,colonias,3328,CATANIA,,false,false,,
colonias_1373,colonias,1373,CDP,,false,false,,
colonias_2596,colonias,2596,CENTRAL DE ABASTOS,,false,false,,
colonias_1383,colonias,1383,CENTRO,,false,false,,
colonias_2789,colonias,2789,CENTRO LADRILLERO ZONA SUR,,false,false,,
colonias_2159,colonias,2159,CEROCAHUI,,false,false,,
colonias_3125,colonias,3125,CERRADA DE ARCILA,,false,false,,
colonias_2136,colonias,2136,CERRADA DE CUMBRES,,false,false,,
colonias_2193,colonias,2193,CERRADA LA CANTERA,,false,false,,
colonias_3223,colonias,3223,CERRADA LAS LOMAS,,false,false,,
colonias_2507,colonias,2507,CERRADA SALERNO,,false,false,,
colonias_2140,colonias,2140,CERRADA VISTA REAL,,false,false,,
colonias_2576,colonias,2576,CERRADAS DE SANTA ANA(PASEO DE LOS LEONES),,false,false,,
colonias_3488,colonias,3488,CERRADAS VISTAS EJIDALES,,false,false,,
colonias_1033,colonias,1033,CERRO DE LA CRUZ,,false,false,,
colonias_1843,colonias,1843,CERRO GRANDE,,false,false,,
colonias_886,colonias,886,CERRO PRIETO,,false,false,,
colonias_1590,colonias,1590,CHARRERIAS,,false,false,,
colonias_2710,colonias,2710,CHARROS,,false,false,,
colonias_1225,colonias,1225,CHE GUEVARA,,false,false,,
colonias_2160,colonias,2160,CHIHUAHUA,,false,false,,
colonias_2803,colonias,2803,CHIHUAHUA 2000,,false,false,,
colonias_1325,colonias,1325,CHIHUAHUA 2000 2,,false,false,,
colonias_1323,colonias,1323,CHIHUAHUA 2000 94,,false,false,,
colonias_2906,colonias,2906,CHULAVISTA,,false,false,,
colonias_2616,colonias,2616,CIMA DE LA CANTERA,,false,false,,
colonias_904,colonias,904,CLARA CORDOVA,,false,false,,
colonias_2214,colonias,2214,CLAUSTROS UNIVERSIDAD,,false,false,,
colonias_832,colonias,832,CLUB CAMPESTRE,,false,false,,
colonias_1228,colonias,1228,CLUB DE TIRADORES,,false,false,,
colonias_3311,colonias,3311,COL LA PISTA,,false,false,,
colonias_2108,colonias,2108,COLINA,,false,false,,
colonias_2061,colonias,2061,COLINAS DE LEON I ETAPA,,false,false,,
colonias_2251,colonias,2251,COLINAS DE LEON II ETAPA,,false,false,,
colonias_2706,colonias,2706,COLINAS DEL SOL,,false,false,,
colonias_2086,colonias,2086,COLINAS DEL SOL I I ETAPA,,false,false,,
colonias_834,colonias,834,COLINAS DEL VALLE,,false,false,,
colonias_839,colonias,839,COLINAS DEL VALLE,,false,false,,
colonias_1224,colonias,1224,COLON,,false,false,,
colonias_2657,colonias,2657,COLONIA LA FLORIDA,,false,false,,
colonias_2658,colonias,2658,COLONIA LINDAVISTA,,false,false,,
colonias_2752,colonias,2752,COLONIA NUEVO MILENIO ETAPA II,,false,false,,
colonias_3297,colonias,3297,COLONIA SACRAMENTO,,false,false,,
colonias_3459,colonias,3459,COLONIAL DE MINAS (REAL DE SANTA EULALIA),,false,false,,
colonias_1798,colonias,1798,COMPLEJO INDUSTRIAL CHIHUAHUA,,false,false,,
colonias_2454,colonias,2454,COMPLEJO INDUSTRIAL ORIENTE,,false,false,,
colonias_1320,colonias,1320,CONCORDIA,,false,false,,
colonias_2176,colonias,2176,CONSTITUYENTES,,false,false,,
colonias_2768,colonias,2768,CONTEMPO,,false,false,,
colonias_896,colonias,896,CONTINENTAL,,false,false,,
colonias_3222,colonias,3222,CORDILLERAS,,false,false,,
colonias_2745,colonias,2745,COSMOS,,false,false,,
colonias_3288,colonias,3288,COUNTRY ALAMOS,,false,false,,
colonias_1337,colonias,1337,CRUCERO,,false,false,,
colonias_1335,colonias,1335,CRUZ DEL SUR,,false,false,,
colonias_1369,colonias,1369,CTM,,false,false,,
colonias_1046,colonias,1046,CUARTELES,,false,false,,
colonias_1045,colonias,1045,CUAUHTEMOC,,false,false,,
colonias_2033,colonias,2033,CUAUHTEMOC,,false,false,,
colonias_836,colonias,836,CUMBRES,,false,false,,
colonias_2135,colonias,2135,CUMBRES,,false,false,,
colonias_2733,colonias,2733,CUMBRES DE ROBINSON,,false,false,,
colonias_3205,colonias,3205,CUMBRES DE SAN FRANCISCO ETAPA 1,,false,false,,
colonias_2194,colonias,2194,CUMBRES DE SAN FRANCISCO ETAPA 2,,false,false,,
colonias_910,colonias,910,CUMBRES DEL SUR,,false,false,,
colonias_3200,colonias,3200,CUMBRES UNIVERSIDAD,,false,false,,
colonias_3260,colonias,3260,CUMBRES UNIVERSIDAD II,,false,false,,
colonias_1040,colonias,1040,DALE,,false,false,,
colonias_1032,colonias,1032,DAVID ALFARO SIQUEIROS,,false,false,,
colonias_2352,colonias,2352,DEL ARBOL,,false,false,,
colonias_1374,colonias,1374,DEPORTISTAS,,false,false,,
colonias_986,colonias,986,DESARROLLO URBANO,,false,false,,
colonias_2139,colonias,2139,DIAMANTE RELIZ,,false,false,,
colonias_1036,colonias,1036,DIAZ ORDAZ,,false,false,,
colonias_2093,colonias,2093,DIEGO LUCERO,,false,false,,
colonias_2138,colonias,2138,DIEZ VILLAS,,false,false,,
colonias_1360,colonias,1360,DIVISION DEL NORTE,,false,false,,
colonias_3218,colonias,3218,DOMINION,,false,false,,
colonias_907,colonias,907,DORADOS DE VILLA,,false,false,,
colonias_1372,colonias,1372,DOS DE JUNIO,,false,false,,
colonias_1208,colonias,1208,DUMAS,,false,false,,
colonias_3298,colonias,3298,EJIDO NUEVO SACRAMENTO,,false,false,,
colonias_1146,colonias,1146,EL CHARCO,,false,false,,
colonias_3255,colonias,3255,EL HERRADERO,,false,false,,
colonias_1875,colonias,1875,EL HUERTO,,false,false,,
colonias_1895,colonias,1895,EL MIMBRE,,false,false,,
colonias_2154,colonias,2154,EL PALOMAR,,false,false,,
colonias_2709,colonias,2709,EL PEDREGAL,,false,false,,
colonias_3280,colonias,3280,EL PORVENIR,,false,false,,
colonias_2546,colonias,2546,EL RELIZ,,false,false,,
colonias_810,colonias,810,EL SAUCO,,false,false,,
colonias_994,colonias,994,EL SAUZ,,false,false,,
colonias_1319,colonias,1319,EL TORREON,,false,false,,
colonias_2749,colonias,2749,EL VALLECITO,,false,false,,
colonias_1377,colonias,1377,EL VERGEL,,false,false,,
colonias_830,colonias,830,EMILIANO ZAPATA,,false,false,,
colonias_2635,colonias,2635,ENCORDADA DEL VALLE,,false,false,,
colonias_2112,colonias,2112,ESPERANZA,,false,false,,
colonias_2150,colonias,2150,ESPERANZA,,false,false,,
colonias_3282,colonias,3282,EXHACIENDA QUINTAS CAROLINAS,,false,false,,
colonias_811,colonias,811,FCO I MADERO,,false,false,,
colonias_1591,colonias,1591,FCO R ALMADA 2,,false,false,,
colonias_1343,colonias,1343,FELIPE ANGELES,,false,false,,
colonias_880,colonias,880,FERROCARRILEROS,,false,false,,
colonias_2707,colonias,2707,FIDEL VELAZQUEZ,,false,false,,
colonias_814,colonias,814,FOVISSSTE ABRAHAM GONZALEZ,,false,false,,
colonias_2487,colonias,2487,FRACC SOL DE ORIENTE ETAPA III,,false,false,,
colonias_2523,colonias,2523,FRANCISCO DOMINGUEZ,,false,false,,
colonias_1035,colonias,1035,FRANCISCO R ALMADA,,false,false,,
colonias_827,colonias,827,FUENTES DEL SANTUARIO,,false,false,,
colonias_2145,colonias,2145,FUENTES DEL SOL,,false,false,,
colonias_2482,colonias,2482,FUENTES DEL VALLE,,false,false,,
colonias_993,colonias,993,FUNDADORES,,false,false,,
colonias_2126,colonias,2126,GENARO VAZQUEZ (UNIVERSITARIA),,false,false,,
colonias_1326,colonias,1326,GIRASOLES,,false,false,,
colonias_2146,colonias,2146,GLORIA,,false,false,,
colonias_3019,colonias,3019,GRANJAS,,false,false,,
colonias_1763,colonias,1763,GRANJAS CERRO GRANDE,,false,false,,
colonias_2304,colonias,2304,GRANJAS CHIHUAHUA 1,,false,false,,
colonias_2305,colonias,2305,GRANJAS CHIHUAHUA 3,,false,false,,
colonias_2330,colonias,2330,GRANJAS CHIHUAHUA II,,false,false,,
colonias_2474,colonias,2474,GRANJAS CHIHUAHUA VI,,false,false,,
colonias_2615,colonias,2615,GRANJAS DE CHIHUAHUA III SECTOR 5,,false,false,,
colonias_1877,colonias,1877,GRANJAS DEL SUR,,false,false,,
colonias_2463,colonias,2463,GRANJAS DEL SUR,,false,false,,
colonias_2530,colonias,2530,GRANJAS DON AURELIO,,false,false,,
colonias_1896,colonias,1896,GRANJAS EL MIMBREII,,false,false,,
colonias_1767,colonias,1767,GRANJAS EL PARAISO VI,,false,false,,
colonias_2889,colonias,2889,GRANJAS EL PARAISO VII,,false,false,,
colonias_3318,colonias,3318,GRANJAS EL VALLE,,false,false,,
colonias_1340,colonias,1340,GRANJAS FAMILIARES VILLA JUAREZ,,false,false,,
colonias_2903,colonias,2903,GRANJAS LOS MEZQUITES,,false,false,,
colonias_2887,colonias,2887,GRANJAS SAN JOAQUIN,,false,false,,
colonias_2355,colonias,2355,GRANJAS SAN LUIS,,false,false,,
colonias_3446,colonias,3446,GRANJAS SANTA ELENA SECTOR V,,false,false,,
colonias_1576,colonias,1576,GRANJAS UNIVERSITARIAS,,false,false,,
colonias_2890,colonias,2890,GRANJAS VILLA JUAREZ,,false,false,,
colonias_2538,colonias,2538,GRUTAS DE SACRAMENTO,,false,false,,
colonias_3164,colonias,3164,GRUTAS RESIDENCIAL,,false,false,,
colonias_2991,colonias,2991,GUADALUPE,,false,false,,
colonias_3100,colonias,3100,GUADALUPE,,false,false,,
colonias_3312,colonias,3312,GUADALUPE,,false,false,,
colonias_2525,colonias,2525,HACIENDA CAMILA,,false,false,,
colonias_2303,colonias,2303,HACIENDA CARLOTA,,false,false,,
colonias_884,colonias,884,HACIENDA DE LA FLOR,,false,false,,
colonias_3214,colonias,3214,HACIENDA DEL MORO,,false,false,,
colonias_2720,colonias,2720,HACIENDA LORETO,,false,false,,
colonias_3136,colonias,3136,HACIENDA REGINA,,false,false,,
colonias_2653,colonias,2653,HACIENDA SOPHIA,,false,false,,
colonias_2822,colonias,2822,HACIENDA VICTORIA,,false,false,,
colonias_822,colonias,822,HACIENDAS,,false,false,,
colonias_2169,colonias,2169,HACIENDAS,,false,false,,
colonias_2520,colonias,2520,HACIENDAS DE SANTA CLARA,,false,false,,
colonias_821,colonias,821,HACIENDAS DE SANTA FE,,false,false,,
colonias_2231,colonias,2231,HACIENDAS DEL REAL,,false,false,,
colonias_2693,colonias,2693,HACIENDAS DEL REJON 1,,false,false,,
colonias_2694,colonias,2694,HACIENDAS DEL REJON 2,,false,false,,
colonias_835,colonias,835,HACIENDAS DEL VALLE,,false,false,,
colonias_820,colonias,820,HERRADURA LA SALLE,,false,false,,
colonias_2113,colonias,2113,HIDALGO,,false,false,,
colonias_3203,colonias,3203,IGNACIO ALLENDE,,false,false,,
colonias_3193,colonias,3193,IGNACIO RODRIGUEZ,,false,false,,
colonias_2121,colonias,2121,INALAMBRICA,,false,false,,
colonias_982,colonias,982,INDEPENDENCIA,,false,false,,
colonias_883,colonias,883,INDUSTRIAL,,false,false,,
colonias_2083,colonias,2083,INDUSTRIAL AMERICAS,,false,false,,
colonias_1370,colonias,1370,INDUSTRIAS,,false,false,,
colonias_2162,colonias,2162,INFONAVIT INSURGENTES,,false,false,,
colonias_2102,colonias,2102,INFONAVIT KARIKE,,false,false,,
colonias_2092,colonias,2092,INFONAVIT LOS MEZQUITES,,false,false,,
colonias_2104,colonias,2104,INFONAVIT LOURDES,,false,false,,
colonias_2096,colonias,2096,INFONAVIT NACIONAL,,false,false,,
colonias_2091,colonias,2091,INFONAVIT SAUCITO,,false,false,,
colonias_2103,colonias,2103,INFONAVIT VALLARTA,,false,false,,
colonias_3191,colonias,3191,INSURGENTES,,false,false,,
colonias_1321,colonias,1321,INTEGRACION,,false,false,,
colonias_3277,colonias,3277,INTIPEREDO,,false,false,,
colonias_2199,colonias,2199,JARDINES DE LA MANCHA,,false,false,,
colonias_3322,colonias,3322,JARDINES DE SACRAMENTO,,false,false,,
colonias_2875,colonias,2875,JARDINES DE SAN AGUSTIN,,false,false,,
colonias_2207,colonias,2207,JARDINES DE SAN FRANCISCO,,false,false,,
colonias_1368,colonias,1368,JARDINES DEL NORTE,,false,false,,
colonias_1902,colonias,1902,JARDINES DEL ORIENTE I ETAPA,,false,false,,
colonias_1903,colonias,1903,JARDINES DEL ORIENTE II ETAPA,,false,false,,
colonias_1904,colonias,1904,JARDINES DEL ORIENTE III ETAPA,,false,false,,
colonias_2001,colonias,2001,JARDINES DEL ORIENTE IV ETAPA,,false,false,,
colonias_2254,colonias,2254,JARDINES DEL ORIENTE IX ETAPA,,false,false,,
colonias_1923,colonias,1923,JARDINES DEL ORIENTE V ETAPA,,false,false,,
colonias_2002,colonias,2002,JARDINES DEL ORIENTE VI ETAPA,,false,false,,
colonias_2003,colonias,2003,JARDINES DEL ORIENTE VII ETAPA,,false,false,,
colonias_2252,colonias,2252,JARDINES DEL ORIENTE VIII ETAPA,,false,false,,
colonias_2253,colonias,2253,JARDINES DEL ORIENTE X ETAPA,,false,false,,
colonias_3036,colonias,3036,JARDINES DEL PEDREGAL,,false,false,,
colonias_3208,colonias,3208,JARDINES DEL SAUCITO,,false,false,,
colonias_1792,colonias,1792,JARDINES DEL SOL,,false,false,,
colonias_2775,colonias,2775,JARDINES EJIDALES,,false,false,,
colonias_2786,colonias,2786,JARDINES LOS EUCALIPTOS,,false,false,,
colonias_3211,colonias,3211,JARDINES UNIVERSIDAD I,,false,false,,
colonias_3256,colonias,3256,JARDINES UNIVERSIDAD II,,false,false,,
colonias_1577,colonias,1577,JORGE BAROUSSE,,false,false,,
colonias_3285,colonias,3285,JOSE FRANCISCO RUIZ MASSIEU,,false,false,,
colonias_2180,colonias,2180,JOSE VASCONCELOS,,false,false,,
colonias_885,colonias,885,JOSEFA ORTIZ DE DOMINGUEZ,,false,false,,
colonias_2152,colonias,2152,JUAN ESCUTIA,,false,false,,
colonias_2177,colonias,2177,JUAN GUERECA,,false,false,,
colonias_1333,colonias,1333,JUAN PABLO II,,false,false,,
colonias_887,colonias,887,JUNTA DE LOS RIOS,,false,false,,
colonias_819,colonias,819,LA CAï¿½ADA,,false,false,,
colonias_831,colonias,831,LA CANTERA,,false,false,,
colonias_2927,colonias,2927,LA CANTERA,,false,false,,
colonias_852,colonias,852,LA CIMA,,false,false,,
colonias_2168,colonias,2168,LA ESCONDIDA,,false,false,,
colonias_1698,colonias,1698,LA GALERA I,,false,false,,
colonias_1700,colonias,1700,LA GALERA II,,false,false,,
colonias_759,colonias,759,LA GALERA III,,false,false,,
colonias_1701,colonias,1701,LA GALERA IV,,false,false,,
colonias_1699,colonias,1699,LA GALERA V,,false,false,,
colonias_3096,colonias,3096,LA HERRADURA,,false,false,,
colonias_2034,colonias,2034,LA HONDONADA(EL PALMAR),,false,false,,
colonias_919,colonias,919,LA JOYA,,false,false,,
colonias_2885,colonias,2885,LA MARQUESA,,false,false,,
colonias_2886,colonias,2886,LA MARQUESA II,,false,false,,
colonias_916,colonias,916,LA MINITA,,false,false,,
colonias_2431,colonias,2431,LA NORIA,,false,false,,
colonias_2760,colonias,2760,LA NORIA 2,,false,false,,
colonias_1793,colonias,1793,LA SOLEDAD,,false,false,,
colonias_2557,colonias,2557,LABOR DE TERRAZAS,,false,false,,
colonias_2185,colonias,2185,LADERAS,,false,false,,
colonias_902,colonias,902,LADRILLEROS,,false,false,,
colonias_2101,colonias,2101,LAGOS,,false,false,,
colonias_1318,colonias,1318,LAS ACACIAS,,false,false,,
colonias_826,colonias,826,LAS AGUILAS,,false,false,,
colonias_2259,colonias,2259,LAS ALDABAS,,false,false,,
colonias_2109,colonias,2109,LAS ANIMAS,,false,false,,
colonias_1822,colonias,1822,LAS CRUCES,,false,false,,
colonias_818,colonias,818,LAS FUENTES,,false,false,,
colonias_2356,colonias,2356,LAS GARZAS II ETAPA,,false,false,,
colonias_2127,colonias,2127,LAS MALVINAS,,false,false,,
colonias_2308,colonias,2308,LAS MARGARITAS,,false,false,,
colonias_2175,colonias,2175,LAS MISIONES,,false,false,,
colonias_2910,colonias,2910,LAS MISIONES III,,false,false,,
colonias_2549,colonias,2549,LAS NORIAS,,false,false,,
colonias_2548,colonias,2548,LAS NUEVAS MARGARITAS,,false,false,,
colonias_828,colonias,828,LAS PALMAS,,false,false,,
colonias_2877,colonias,2877,LAS PALMAS,,false,false,,
colonias_2806,colonias,2806,LAS PALMAS VII,,false,false,,
colonias_2480,colonias,2480,LAS PAMPAS ETAPA I,,false,false,,
colonias_2545,colonias,2545,LAS PAMPAS II,,false,false,,
colonias_3308,colonias,3308,LAS PRIVADAS(PASEO DE LOS LEONES),,false,false,,
colonias_2327,colonias,2327,LAS QUINTAS,,false,false,,
colonias_2467,colonias,2467,LAS ROSAS,,false,false,,
colonias_3304,colonias,3304,LAS TORRES,,false,false,,
colonias_2888,colonias,2888,LAS TORRES II,,false,false,,
colonias_2468,colonias,2468,LAS TORRES III,,false,false,,
colonias_1365,colonias,1365,LAS VEGAS,,false,false,,
colonias_1873,colonias,1873,LAS VENCEDORAS,,false,false,,
colonias_3462,colonias,3462,LAS VIï¿½AS,,false,false,,
colonias_2105,colonias,2105,LAURA LETICIA,,false,false,,
colonias_2955,colonias,2955,LAVIANA,,false,false,,
colonias_912,colonias,912,LAZARO CARDENAS,,false,false,,
colonias_1222,colonias,1222,LEALTAD 1,,false,false,,
colonias_922,colonias,922,LEALTAD 2,,false,false,,
colonias_3286,colonias,3286,LEONARDO BRAVO,,false,false,,
colonias_847,colonias,847,LEONES,,false,false,,
colonias_1354,colonias,1354,LIBERTAD,,false,false,,
colonias_2050,colonias,2050,LIBRADA REZA DE ORTIZ (LIBRADITA),,false,false,,
colonias_2367,colonias,2367,LINCE,,false,false,,
colonias_1047,colonias,1047,LINSS,,false,false,,
colonias_3264,colonias,3264,LOMA ALTA,,false,false,,
colonias_3198,colonias,3198,LOMA DORADA,,false,false,,
colonias_3201,colonias,3201,LOMAS,,false,false,,
colonias_817,colonias,817,LOMAS ALTAS,,false,false,,
colonias_2133,colonias,2133,LOMAS ALTAS IV ETAPA,,false,false,,
colonias_2911,colonias,2911,LOMAS AMERICAS,,false,false,,
colonias_2550,colonias,2550,LOMAS DE LEON,,false,false,,
colonias_2484,colonias,2484,LOMAS DE MONTECARLO ETAPA I,,false,false,,
colonias_2483,colonias,2483,LOMAS DE MONTECARLO ETAPA II,,false,false,,
colonias_2404,colonias,2404,LOMAS DE ORIENTE,,false,false,,
colonias_2686,colonias,2686,LOMAS DE SAN CHARBEL,,false,false,,
colonias_2586,colonias,2586,LOMAS DEL PEDREGAL,,false,false,,
colonias_2161,colonias,2161,LOMAS DEL SANTUARIO,,false,false,,
colonias_2085,colonias,2085,LOMAS DEL SOL,,false,false,,
colonias_2708,colonias,2708,LOMAS DEL SOL 2,,false,false,,
colonias_2137,colonias,2137,LOMAS DEL VALLE 2,,false,false,,
colonias_2094,colonias,2094,LOMAS KARIKE,,false,false,,
colonias_823,colonias,823,LOMAS LA SALLE,,false,false,,
colonias_1213,colonias,1213,LOMAS SAN JOSE,,false,false,,
colonias_3196,colonias,3196,LOMAS UNIVERSIDAD,,false,false,,
colonias_3213,colonias,3213,LOMAS UNIVERSIDAD 4,,false,false,,
colonias_3206,colonias,3206,LOMAS UNIVERSIDAD 5,,false,false,,
colonias_2097,colonias,2097,LOMAS VALLARTA,,false,false,,
colonias_2794,colonias,2794,LOMELI,,false,false,,
colonias_894,colonias,894,LOPEZ MATEOS,,false,false,,
colonias_3195,colonias,3195,LOS ALAMOS,,false,false,,
colonias_897,colonias,897,LOS ARCOS,,false,false,,
colonias_2192,colonias,2192,LOS ARROYOS,,false,false,,
colonias_2354,colonias,2354,LOS DORADOS,,false,false,,
colonias_2131,colonias,2131,LOS ENCINOS,,false,false,,
colonias_2921,colonias,2921,LOS ENCINOS DE ORIENTE,,false,false,,
colonias_2087,colonias,2087,LOS FRAILES,,false,false,,
colonias_2453,colonias,2453,LOS FRESNOS,,false,false,,
colonias_2189,colonias,2189,LOS HUERTOS,,false,false,,
colonias_2831,colonias,2831,LOS HUIZACHES,,false,false,,
colonias_1350,colonias,1350,LOS LLANOS,,false,false,,
colonias_2279,colonias,2279,LOS MANANTIALES,,false,false,,
colonias_1889,colonias,1889,LOS NARANJOS I ETAPA,,false,false,,
colonias_1900,colonias,1900,LOS NARANJOS II ETAPA,,false,false,,
colonias_1997,colonias,1997,LOS NARANJOS III ETAPA,,false,false,,
colonias_2019,colonias,2019,LOS NARANJOS IV ETAPA,,false,false,,
colonias_2370,colonias,2370,LOS NARANJOS VI ETAPA,,false,false,,
colonias_2278,colonias,2278,LOS NOGALES,,false,false,,
colonias_3276,colonias,3276,LOS NOGALES,,false,false,,
colonias_2986,colonias,2986,LOS NOGALES ETAPA IV,,false,false,,
colonias_2206,colonias,2206,LOS OLIVOS,,false,false,,
colonias_2144,colonias,2144,LOS PINOS,,false,false,,
colonias_2522,colonias,2522,LOS PORTALES,,false,false,,
colonias_2973,colonias,2973,LOS POTREROS,,false,false,,
colonias_3281,colonias,3281,LUIS DONALDO COLOSIO (NORTE),,false,false,,
colonias_1356,colonias,1356,LUIS DONALDO COLOSIO (SUR),,false,false,,
colonias_2179,colonias,2179,LUIS FUENTES MARES,,false,false,,
colonias_2808,colonias,2808,LUNAS,,false,false,,
colonias_2990,colonias,2990,LUNAS 2,,false,false,,
colonias_1381,colonias,1381,LUZ MARIA,,false,false,,
colonias_917,colonias,917,MADERA 65,,false,false,,
colonias_3267,colonias,3267,MAGENTA,,false,false,,
colonias_2181,colonias,2181,MAGISTERIAL SOLIDARIDAD,,false,false,,
colonias_851,colonias,851,MAGISTERIAL UNIVERSIDAD,,false,false,,
colonias_2587,colonias,2587,MAGNOLIAS,,false,false,,
colonias_2106,colonias,2106,MAJALCA,,false,false,,
colonias_899,colonias,899,MANUEL BUENDIA,,false,false,,
colonias_2141,colonias,2141,MARGARITA MAZA DE JUAREZ,,false,false,,
colonias_1334,colonias,1334,MARGARITAS,,false,false,,
colonias_2186,colonias,2186,MARIA ELENA HERNANDEZ,,false,false,,
colonias_1788,colonias,1788,MARIA ISABEL,,false,false,,
colonias_905,colonias,905,"MARMOL I, II, III",,false,false,,
colonias_915,colonias,915,MARMOL VIEJO (MANUEL BERNARDO AGUIRRE),,false,false,,
colonias_2115,colonias,2115,MARTIN LOPEZ,,false,false,,
colonias_903,colonias,903,MELCHOR OCAMPO,,false,false,,
colonias_2780,colonias,2780,MERCADO DE ABASTOS CHIHUAHUA,,false,false,,
colonias_2057,colonias,2057,MEXICO,,false,false,,
colonias_3279,colonias,3279,MEXICO,,false,false,,
colonias_1348,colonias,1348,MEXICO 91,,false,false,,
colonias_2357,colonias,2357,MEZQUITES I ETAPA,,false,false,,
colonias_2358,colonias,2358,MEZQUITES II ETAPA,,false,false,,
colonias_1344,colonias,1344,MIGUEL HIDALGO,,false,false,,
colonias_2217,colonias,2217,MIGUEL SIGALA,,false,false,,
colonias_3273,colonias,3273,MINERAL 1,,false,false,,
colonias_3275,colonias,3275,MINERAL 2,,false,false,,
colonias_3274,colonias,3274,MINERAL 3,,false,false,,
colonias_2156,colonias,2156,MIRADOR,,false,false,,
colonias_2157,colonias,2157,MIRAMAR,,false,false,,
colonias_914,colonias,914,MISAEL NUï¿½EZ,,false,false,,
colonias_3041,colonias,3041,MISION DE SISOGUICHI,,false,false,,
colonias_2985,colonias,2985,MISION DEL BOSQUE,,false,false,,
colonias_2233,colonias,2233,MISION DEL VALLE,,false,false,,
colonias_2291,colonias,2291,MISION DEL VALLE 2,,false,false,,
colonias_2215,colonias,2215,MISION UNIVERSIDAD,,false,false,,
colonias_2212,colonias,2212,MISION UNIVERSIDAD II,,false,false,,
colonias_2211,colonias,2211,MISION UNIVERSIDAD III,,false,false,,
colonias_3058,colonias,3058,MOLINO DE AGUA,,false,false,,
colonias_3056,colonias,3056,MOLINO DE AGUA (CERRADA CACERES),,false,false,,
colonias_3054,colonias,3054,MOLINO DE AGUA (CERRADA NAVIA),,false,false,,
colonias_3057,colonias,3057,MOLINO DE AGUA (CERRADA TAIBILLA),,false,false,,
colonias_3055,colonias,3055,MOLINO DE AGUA(CERRADA DE CAZ),,false,false,,
colonias_3345,colonias,3345,MOLINO DE AGUA(CERRADA RIVES),,false,false,,
colonias_3319,colonias,3319,MOLINO DE TAHONA,,false,false,,
colonias_2898,colonias,2898,MOLINO DE VIENTO,,false,false,,
colonias_2153,colonias,2153,MONACO,,false,false,,
colonias_2799,colonias,2799,MONDELLO,,false,false,,
colonias_2960,colonias,2960,MONTE CALERES,,false,false,,
colonias_1312,colonias,1312,MONTE CARLO,,false,false,,
colonias_3263,colonias,3263,MONTE VERDE,,false,false,,
colonias_2824,colonias,2824,MONTICELLO,,false,false,,
colonias_2116,colonias,2116,MORELOS,,false,false,,
colonias_1339,colonias,1339,MORSE,,false,false,,
colonias_2769,colonias,2769,NATURA,,false,false,,
colonias_3051,colonias,3051,NAVIA,,false,false,,
colonias_2182,colonias,2182,NIï¿½OS HEROES,,false,false,,
colonias_1366,colonias,1366,NIï¿½OS HEROES (LATINOAMERICANO),,false,false,,
colonias_1586,colonias,1586,NOMBRE DE DIOS,,false,false,,
colonias_3290,colonias,3290,NOMBRE DE DIOS,,false,false,,
colonias_1428,colonias,1428,NUEVAS DELICIAS,,false,false,,
colonias_3210,colonias,3210,NUEVO CHIHUAHUA,,false,false,,
colonias_1876,colonias,1876,NUEVO MILENIO,,false,false,,
colonias_2584,colonias,2584,NUEVO MILENIO,,false,false,,
colonias_3194,colonias,3194,NUEVO PARAISO,,false,false,,
colonias_3306,colonias,3306,NUEVO TRIUNFO,,false,false,,
colonias_2641,colonias,2641,OASIS REVOLUCION,,false,false,,
colonias_2143,colonias,2143,OBRA,,false,false,,
colonias_1384,colonias,1384,OBRERA,,false,false,,
colonias_901,colonias,901,OBRERA VISTA AVALOS,,false,false,,
colonias_2056,colonias,2056,OLIMPICA,,false,false,,
colonias_3197,colonias,3197,OSCAR FLORES,,false,false,,
colonias_984,colonias,984,PABLO AMAYA,,false,false,,
colonias_813,colonias,813,PABLO GOMEZ,,false,false,,
colonias_1042,colonias,1042,PACIFICO,,false,false,,
colonias_1329,colonias,1329,PALESTINA,,false,false,,
colonias_2260,colonias,2260,PALMA REAL,,false,false,,
colonias_2737,colonias,2737,PALMA REAL X,,false,false,,
colonias_1259,colonias,1259,PALO BLANCO,,false,false,,
colonias_2464,colonias,2464,PAN,,false,false,,
colonias_853,colonias,853,PANAMERICANA,,false,false,,
colonias_2089,colonias,2089,PANORAMICO,,false,false,,
colonias_2095,colonias,2095,PAQUIME,,false,false,,
colonias_2261,colonias,2261,PARQUE INDUSTRIAL AEROPUERTO,,false,false,,
colonias_2681,colonias,2681,PARQUE INDUSTRIAL IMPULSO,,false,false,,
colonias_2682,colonias,2682,PARQUE INDUSTRIAL SUPRA,,false,false,,
colonias_807,colonias,807,PARRAL,,false,false,,
colonias_2203,colonias,2203,PASEO CORDILLERAS,,false,false,,
colonias_2993,colonias,2993,PASEO DE LAS FLORES,,false,false,,
colonias_2204,colonias,2204,PASEO DE LAS MISIONES,,false,false,,
colonias_2132,colonias,2132,PASEO DE LAS MORAS,,false,false,,
colonias_1971,colonias,1971,PASEOS DE CHIHUAHUA,,false,false,,
colonias_1752,colonias,1752,PASEOS DEL CAMINO REAL I ETAPA,,false,false,,
colonias_1901,colonias,1901,PASEOS DEL CAMINO REAL II ETAPA,,false,false,,
colonias_2000,colonias,2000,PASEOS DEL CAMINO REAL III ETAPA,,false,false,,
colonias_2256,colonias,2256,PASEOS DEL CAMINO REAL IV ETAPA,,false,false,,
colonias_2551,colonias,2551,PASEOS DEL CAMINO REAL V ETAPA,,false,false,,
colonias_891,colonias,891,PASO DEL NORTE,,false,false,,
colonias_2128,colonias,2128,PAVIS BORUNDA,,false,false,,
colonias_2585,colonias,2585,PEDREGAL DE SAN ANGEL,,false,false,,
colonias_2930,colonias,2930,PEDREGAL DEL ALBA,,false,false,,
colonias_2613,colonias,2613,PEDREGAL DEL REAL,,false,false,,
colonias_2451,colonias,2451,PEDREGAL DEL VALLE,,false,false,,
colonias_1206,colonias,1206,PEDRO DOMINGUEZ,,false,false,,
colonias_2503,colonias,2503,PEMEX,,false,false,,
colonias_2649,colonias,2649,PENINSULA,,false,false,,
colonias_2702,colonias,2702,PENSIONES CIVILES DEL ESTADO,,false,false,,
colonias_1342,colonias,1342,PLAN DE AYALA,,false,false,,
colonias_1314,colonias,1314,PLOMEROS,,false,false,,
colonias_1376,colonias,1376,PONCE DE LEON,,false,false,,
colonias_2787,colonias,2787,POPULAR,,false,false,,
colonias_2784,colonias,2784,PORTAL DEL REAL,,false,false,,
colonias_2983,colonias,2983,PORTAL DEL REAL  ETAPA XIV,,false,false,,
colonias_3049,colonias,3049,PORTAL DEL REAL II,,false,false,,
colonias_2552,colonias,2552,PORTAL PASEO DE LEONES,,false,false,,
colonias_2493,colonias,2493,PORTICOS DE BELLA CUMBRE,,false,false,,
colonias_1204,colonias,1204,POZOS DEL VALLE,,false,false,,
colonias_3135,colonias,3135,PRADERA LAKE,,false,false,,
colonias_758,colonias,758,PRADERAS,,false,false,,
colonias_1937,colonias,1937,PRADERAS DE LEON,,false,false,,
colonias_2297,colonias,2297,PRADERAS DEL SUR II ETAPA,,false,false,,
colonias_1978,colonias,1978,PRADERAS DEL SUR III ETAPA,,false,false,,
colonias_2430,colonias,2430,PRADERAS DEL SUR IV ETAPA,,false,false,,
colonias_2614,colonias,2614,PRADO SUR,,false,false,,
colonias_2742,colonias,2742,PRADO SUR II ETAPA,,false,false,,
colonias_2934,colonias,2934,PRAVIA,,false,false,,
colonias_845,colonias,845,PRESIDENTES,,false,false,,
colonias_1332,colonias,1332,PRIMERO DE MAYO,,false,false,,
colonias_2900,colonias,2900,PRIVADA RESIDENCIAL NUEVA ESPAï¿½A,,false,false,,
colonias_3047,colonias,3047,PRIVADAS DEL SUR,,false,false,,
colonias_2461,colonias,2461,PRIVANZA PASEO DE LOS LEONES ETAPA I,,false,false,,
colonias_2296,colonias,2296,PRIVANZA SAN ANGEL,,false,false,,
colonias_844,colonias,844,PROGRESO,,false,false,,
colonias_3278,colonias,3278,PROGRESO NACIONAL,,false,false,,
colonias_2218,colonias,2218,PROVINCIA DE SANTA CLARA,,false,false,,
colonias_2674,colonias,2674,PUENTE DE CANTERA,,false,false,,
colonias_2574,colonias,2574,PUENTE DE PIEDRA,,false,false,,
colonias_2612,colonias,2612,PUERTA CIBELES ETAPA I,,false,false,,
colonias_2718,colonias,2718,PUERTA CIBELES ETAPA II,,false,false,,
colonias_2801,colonias,2801,PUERTA CIBELES ETAPA III,,false,false,,
colonias_3082,colonias,3082,PUERTA CIBELES ETAPA IV,,false,false,,
colonias_3081,colonias,3081,PUERTA CIBELES ETAPA V,,false,false,,
colonias_3083,colonias,3083,PUERTA CIBELES ETAPA VI,,false,false,,
colonias_2465,colonias,2465,PUERTA DE ALCALA,,false,false,,
colonias_2472,colonias,2472,PUERTA DE HIERRO,,false,false,,
colonias_2331,colonias,2331,PUERTA DE SEBASTIAN,,false,false,,
colonias_918,colonias,918,PUERTA DEL SOL,,false,false,,
colonias_3262,colonias,3262,PUERTA DEL VALLE,,false,false,,
colonias_2512,colonias,2512,PUERTA ESMERALDA,,false,false,,
colonias_3140,colonias,3140,PUERTA RIVERA REAL (CERRADA DE CORDOBA),,false,false,,
colonias_3141,colonias,3141,PUERTA RIVERA REAL (CERRADA DE GIRONA),,false,false,,
colonias_3142,colonias,3142,PUERTA RIVERA REAL (CERRADA DE GRANADA),,false,false,,
colonias_3143,colonias,3143,PUERTA RIVERA REAL (CERRADA DE TOLEDO),,false,false,,
colonias_3139,colonias,3139,PUERTA RIVERA REAL (CERRADA DE ZARAGOZA),,false,false,,
colonias_2961,colonias,2961,PUERTA SAN MIGUEL,,false,false,,
colonias_3059,colonias,3059,PUERTA SAN MIGUEL ETAPA III,,false,false,,
colonias_2533,colonias,2533,PUERTA SAVONA,,false,false,,
colonias_2583,colonias,2583,PUERTA SAVONA II,,false,false,,
colonias_2922,colonias,2922,PUERTA SAVONA III,,false,false,,
colonias_2989,colonias,2989,PUNTA ESPERANZA ORIENTE,,false,false,,
colonias_2517,colonias,2517,PUNTA NARANJOS ORIENTE I ETAPA,,false,false,,
colonias_2579,colonias,2579,PUNTA NARANJOS ORIENTE IV,,false,false,,
colonias_2486,colonias,2486,PUNTA ORIENTE ETAPA I,,false,false,,
colonias_2485,colonias,2485,PUNTA ORIENTE ETAPA III,,false,false,,
colonias_2391,colonias,2391,PUNTA ORIENTE IV ETAPA(RUBA),,false,false,,
colonias_2392,colonias,2392,PUNTA ORIENTE V ETAPA(RUBA),,false,false,,
colonias_2390,colonias,2390,PUNTA ORIENTE VI ETAPA(RUBA),,false,false,,
colonias_2909,colonias,2909,QUINTA ARBOLEDA,,false,false,,
colonias_2908,colonias,2908,QUINTA ARBOLEDA ETAPA V,,false,false,,
colonias_2907,colonias,2907,QUINTA ARBOLEDA ETAPA VI,,false,false,,
colonias_2797,colonias,2797,QUINTA AVALOS (AMERICANA),,false,false,,
colonias_2588,colonias,2588,QUINTA BALBOA,,false,false,,
colonias_1845,colonias,1845,QUINTA MONTECARLO I ETAPA,,false,false,,
colonias_2740,colonias,2740,QUINTA SAN CARLO,,false,false,,
colonias_2719,colonias,2719,QUINTA SAN MIGUEL,,false,false,,
colonias_1908,colonias,1908,QUINTA VERSALLES,,false,false,,
colonias_3287,colonias,3287,QUINTAS CAROLINAS,,false,false,,
colonias_2216,colonias,2216,QUINTAS DE SAN SEBASTIAN,,false,false,,
colonias_2205,colonias,2205,QUINTAS DE SAN SEBASTIAN VI ETAPA,,false,false,,
colonias_2080,colonias,2080,QUINTAS DEL RIO,,false,false,,
colonias_824,colonias,824,QUINTAS DEL SOL,,false,false,,
colonias_1977,colonias,1977,QUINTAS JUAN PABLO I ETAPA,,false,false,,
colonias_2294,colonias,2294,QUINTAS JUAN PABLO II ETAPA,,false,false,,
colonias_1200,colonias,1200,QUINTAS QUIJOTE,,false,false,,
colonias_1874,colonias,1874,RACHALI,,false,false,,
colonias_2114,colonias,2114,RAMON REYES,,false,false,,
colonias_1349,colonias,1349,RANCHERIA JUAREZ,,false,false,,
colonias_2659,colonias,2659,RANCHO DE ENMEDIO(ESTACION MILLER),,false,false,,
colonias_3294,colonias,3294,RAYMUNDO LOPEZ,,false,false,,
colonias_2521,colonias,2521,REAL CAROLINAS,,false,false,,
colonias_2690,colonias,2690,REAL DE COLINAS,,false,false,,
colonias_2167,colonias,2167,REAL DE GUZMAN,,false,false,,
colonias_3283,colonias,3283,REAL DE MINAS,,false,false,,
colonias_3303,colonias,3303,REAL DE POTREROS ETAPA I,,false,false,,
colonias_2470,colonias,2470,REAL DE POTREROS ETAPA II,,false,false,,
colonias_2471,colonias,2471,REAL DE POTREROS ETAPA III,,false,false,,
colonias_3134,colonias,3134,REAL SARATOGA,,false,false,,
colonias_2515,colonias,2515,REAL UNIVERSIDAD,,false,false,,
colonias_840,colonias,840,RECURSOS HIDRAULICOS,,false,false,,
colonias_1037,colonias,1037,REFORMA,,false,false,,
colonias_1218,colonias,1218,REFORMA,,false,false,,
colonias_3190,colonias,3190,RENOVACION,,false,false,,
colonias_2721,colonias,2721,RESERVA DEL PARQUE,,false,false,,
colonias_3425,colonias,3425,RESIDENCIAL BENAVENTE,,false,false,,
colonias_3188,colonias,3188,RESIDENCIAL CITTANOVA,,false,false,,
colonias_3359,colonias,3359,RESIDENCIAL MONTOLIVO,,false,false,,
colonias_2992,colonias,2992,RESIDENCIAL RIVELLO,,false,false,,
colonias_1375,colonias,1375,REVOLUCION,,false,false,,
colonias_3293,colonias,3293,RIBERAS DEL SACRAMENTO I ETAPA,,false,false,,
colonias_3296,colonias,3296,RIBERAS DEL SACRAMENTO II ETAPA,,false,false,,
colonias_3327,colonias,3327,RIBERAS DEL SACRAMENTO III ETAPA,,false,false,,
colonias_3313,colonias,3313,RIBERAS DEL SACRAMENTO IV ETAPA,,false,false,,
colonias_3299,colonias,3299,RIBERAS DEL VALLE,,false,false,,
colonias_1346,colonias,1346,RICARDO FLORES MAGON,,false,false,,
colonias_1347,colonias,1347,RICARDO FLORES MAGON,,false,false,,
colonias_1352,colonias,1352,RIGOBERTO QUIROZ,,false,false,,
colonias_2224,colonias,2224,RINCON DE CORDILLERAS,,false,false,,
colonias_3215,colonias,3215,RINCON DE LA MORA,,false,false,,
colonias_3207,colonias,3207,RINCON DE LA SIERRA,,false,false,,
colonias_3159,colonias,3159,RINCON DE LAS BUGAMBILIAS,,false,false,,
colonias_2547,colonias,2547,RINCON DE LAS FLORES,,false,false,,
colonias_2151,colonias,2151,RINCON DE LAS LOMAS,,false,false,,
colonias_2826,colonias,2826,RINCON DE LAS LOMAS II,,false,false,,
colonias_2939,colonias,2939,RINCON DE LOS CEREZOS,,false,false,,
colonias_2196,colonias,2196,RINCON DE LOS OLIVOS I ETAPA,,false,false,,
colonias_2197,colonias,2197,RINCON DE LOS OLIVOS II ETAPA,,false,false,,
colonias_2223,colonias,2223,RINCON DE LOS OLIVOS III ETAPA,,false,false,,
colonias_2222,colonias,2222,RINCON DE LOS OLIVOS IV ETAPA,,false,false,,
colonias_2195,colonias,2195,RINCON DE LOS OLIVOS V ETAPA,,false,false,,
colonias_2198,colonias,2198,RINCON DE LOS OLIVOS VI ETAPA (OLIVAR DE CALABRIA),,false,false,,
colonias_2221,colonias,2221,RINCON DE LOS OLIVOS VII ETAPA,,false,false,,
colonias_846,colonias,846,RINCON DE SAN FELIPE,,false,false,,
colonias_2595,colonias,2595,RINCON DE SAN FELIPE,,false,false,,
colonias_2165,colonias,2165,RINCON DE ZARAGOZA,,false,false,,
colonias_2082,colonias,2082,RINCON DEL ARCANGEL  ETAPA I,,false,false,,
colonias_2310,colonias,2310,RINCON DEL ARCANGEL ETAPA II,,false,false,,
colonias_2163,colonias,2163,RINCON DEL LAGO,,false,false,,
colonias_3098,colonias,3098,RINCON DEL POTRERO,,false,false,,
colonias_808,colonias,808,RINCON PARRALENSE,,false,false,,
colonias_3209,colonias,3209,RINCON SOBERANO,,false,false,,
colonias_2213,colonias,2213,RINCONADA,,false,false,,
colonias_2914,colonias,2914,RINCONADA CERVANTES,,false,false,,
colonias_3204,colonias,3204,RINCONADA DELA SIERRA,,false,false,,
colonias_1905,colonias,1905,RINCONADA LOS NOGALES I ETAPA,,false,false,,
colonias_1872,colonias,1872,RINCONADA LOS NOGALES II ETAPA,,false,false,,
colonias_1906,colonias,1906,RINCONADA LOS NOGALES III ETAPA,,false,false,,
colonias_2509,colonias,2509,RINCONADA TAURINA,,false,false,,
colonias_2200,colonias,2200,RINCONADA UNIVERSIDAD II,,false,false,,
colonias_2290,colonias,2290,RINCONADAS DEL VALLE,,false,false,,
colonias_2800,colonias,2800,RINCONADAS DEL VALLE V,,false,false,,
colonias_2869,colonias,2869,RINCONADAS DEL VALLE VI,,false,false,,
colonias_1367,colonias,1367,RINCONES DE SAN ANDRES,,false,false,,
colonias_2208,colonias,2208,RINCONES DE SAN FRANCISCO,,false,false,,
colonias_1996,colonias,1996,RINCONES DE SIERRA AZUL,,false,false,,
colonias_1994,colonias,1994,RINCONES DE SIERRA AZUL III ETAPA,,false,false,,
colonias_1995,colonias,1995,RINCONES DE SIERRA AZUL IV ETAPA,,false,false,,
colonias_3212,colonias,3212,RINCONES DEL PEDREGAL,,false,false,,
colonias_3216,colonias,3216,RINCONES DEL PEDREGAL 2,,false,false,,
colonias_2220,colonias,2220,RINCONES DEL PICACHO,,false,false,,
colonias_1944,colonias,1944,RINCONES DEL SACRAMENTO,,false,false,,
colonias_2219,colonias,2219,RISCOS DEL ANGEL,,false,false,,
colonias_3258,colonias,3258,RISCOS DEL SOL,,false,false,,
colonias_1315,colonias,1315,ROBINSON,,false,false,,
colonias_1316,colonias,1316,ROBINSON (SECTOR 4),,false,false,,
colonias_892,colonias,892,RODOLFO AGUILAR,,false,false,,
colonias_1201,colonias,1201,RODOLFO FIERRO,,false,false,,
colonias_1227,colonias,1227,ROMA,,false,false,,
colonias_2099,colonias,2099,ROMA,,false,false,,
colonias_2802,colonias,2802,ROMANCE II,,false,false,,
colonias_1039,colonias,1039,ROSARIO,,false,false,,
colonias_981,colonias,981,RUBEN JARAMILLO,,false,false,,
colonias_1044,colonias,1044,RUBIO,,false,false,,
colonias_1203,colonias,1203,SAHUAROS,,false,false,,
colonias_2120,colonias,2120,SALUD,,false,false,,
colonias_1031,colonias,1031,SAN AGUSTIN,,false,false,,
colonias_2100,colonias,2100,SAN AGUSTIN,,false,false,,
colonias_1898,colonias,1898,SAN AGUSTIN(lLOS HUIZACHES),,false,false,,
colonias_2084,colonias,2084,SAN ANDRES,,false,false,,
colonias_1743,colonias,1743,SAN ANGEL,,false,false,,
colonias_893,colonias,893,SAN CARLOS,,false,false,,
colonias_1945,colonias,1945,SAN CRISTOBAL,,false,false,,
colonias_1220,colonias,1220,SAN FELIPE,,false,false,,
colonias_849,colonias,849,SAN FELIPE V ETAPA,,false,false,,
colonias_1363,colonias,1363,SAN FELIPE VIEJO,,false,false,,
colonias_983,colonias,983,SAN FERNANDO,,false,false,,
colonias_2172,colonias,2172,SAN FRANCISCO,,false,false,,
colonias_2500,colonias,2500,SAN GABRIEL 1 ETAPA I,,false,false,,
colonias_2499,colonias,2499,SAN GABRIEL 1 ETAPA II,,false,false,,
colonias_2501,colonias,2501,SAN GABRIEL 2 ETAPA I,,false,false,,
colonias_2502,colonias,2502,SAN GABRIEL 2 ETAPA II,,false,false,,
colonias_2825,colonias,2825,SAN GABRIEL 2 ETAPA III,,false,false,,
colonias_2098,colonias,2098,SAN IGNACIO,,false,false,,
colonias_1331,colonias,1331,SAN ISIDRO,,false,false,,
colonias_812,colonias,812,SAN JORGE,,false,false,,
colonias_1028,colonias,1028,SAN JORGE,,false,false,,
colonias_1215,colonias,1215,SAN JOSE,,false,false,,
colonias_2763,colonias,2763,SAN JOSE ETAPA I,,false,false,,
colonias_2764,colonias,2764,SAN JOSE ETAPA III,,false,false,,
colonias_2770,colonias,2770,SAN JOSE II,,false,false,,
colonias_2891,colonias,2891,SAN JOSEII,,false,false,,
colonias_895,colonias,895,SAN JUAN,,false,false,,
colonias_908,colonias,908,SAN LAZARO,,false,false,,
colonias_2399,colonias,2399,SAN LORENZO 1 ETAPA,,false,false,,
colonias_2774,colonias,2774,"SAN M,ARTIN",,false,false,,
colonias_1038,colonias,1038,SAN MARTIN,,false,false,,
colonias_921,colonias,921,SAN MIGUEL,,false,false,,
colonias_2088,colonias,2088,SAN PABLO,,false,false,,
colonias_1371,colonias,1371,SAN PATRICIO,,false,false,,
colonias_1223,colonias,1223,SAN PEDRO,,false,false,,
colonias_920,colonias,920,SAN RAFAEL,,false,false,,
colonias_1380,colonias,1380,SAN VICENTE,,false,false,,
colonias_1207,colonias,1207,SANTA CECILIA,,false,false,,
colonias_2166,colonias,2166,SANTA CLARA,,false,false,,
colonias_2147,colonias,2147,SANTA ELENA,,false,false,,
colonias_2307,colonias,2307,SANTA ELENA,,false,false,,
colonias_2556,colonias,2556,SANTA LUCIA,,false,false,,
colonias_2035,colonias,2035,SANTA MARIA,,false,false,,
colonias_3127,colonias,3127,SANTA MONICA I ETAPA,,false,false,,
colonias_1043,colonias,1043,SANTA RITA,,false,false,,
colonias_985,colonias,985,SANTA ROSA,,false,false,,
colonias_1385,colonias,1385,SANTA ROSA,,false,false,,
colonias_1328,colonias,1328,SANTO DOMINGO,,false,false,,
colonias_881,colonias,881,SANTO NIï¿½O,,false,false,,
colonias_2328,colonias,2328,SANTO TOMAS,,false,false,,
colonias_837,colonias,837,SATELITE,,false,false,,
colonias_1764,colonias,1764,SECRETARIA DE LA MARINA,,false,false,,
colonias_898,colonias,898,SECTOR 3,,false,false,,
colonias_1324,colonias,1324,SECTOR II,,false,false,,
colonias_1967,colonias,1967,SECTOR INDEPENDENCIA,,false,false,,
colonias_2081,colonias,2081,SECTOR NOMBRE DE DIOS,,false,false,,
colonias_1361,colonias,1361,SECTOR RELOJ,,false,false,,
colonias_2171,colonias,2171,SENDA REAL,,false,false,,
colonias_2785,colonias,2785,SERATTA 36,,false,false,,
colonias_3284,colonias,3284,SERGIO DE LA TORRE,,false,false,,
colonias_2155,colonias,2155,SICOMOROS,,false,false,,
colonias_1909,colonias,1909,SIERRA AZUL,,false,false,,
colonias_1655,colonias,1655,SIGLO XXI,,false,false,,
colonias_2761,colonias,2761,SIN N0MBRE,,false,false,,
colonias_2058,colonias,2058,SIN NOMBRE,,false,false,,
colonias_2306,colonias,2306,SIN NOMBRE,,false,false,,
colonias_2400,colonias,2400,SIN NOMBRE,,false,false,,
colonias_2401,colonias,2401,SIN NOMBRE,,false,false,,
colonias_2524,colonias,2524,SIN NOMBRE,,false,false,,
colonias_2535,colonias,2535,SIN NOMBRE,,false,false,,
colonias_2683,colonias,2683,SIN NOMBRE,,false,false,,
colonias_2765,colonias,2765,SIN NOMBRE,,false,false,,
colonias_2879,colonias,2879,SIN NOMBRE,,false,false,,
colonias_3220,colonias,3220,SIN NOMBRE,,false,false,,
colonias_2394,colonias,2394,SOL DE ORIENTE I ETAPA,,false,false,,
colonias_3460,colonias,3460,SOL DE ORIENTE II ETAPA,,false,false,,
colonias_2184,colonias,2184,SOLIDARIDAD POPULAR,,false,false,,
colonias_1261,colonias,1261,SOTO,,false,false,,
colonias_3111,colonias,3111,STELLO,,false,false,,
colonias_1327,colonias,1327,TABALAOPA,,false,false,,
colonias_1205,colonias,1205,TARAHUMARA,,false,false,,
colonias_3044,colonias,3044,TARRAGONA,,false,false,,
colonias_890,colonias,890,TEC DE MONTERREY,,false,false,,
colonias_1217,colonias,1217,TERMOELECTRICA,,false,false,,
colonias_3456,colonias,3456,TERRA RESIDENCIAL,,false,false,,
colonias_2348,colonias,2348,TERRAZAS Y MINA DE COBRE,,false,false,,
colonias_2897,colonias,2897,TIERRA Y LIBERTAD,,false,false,,
colonias_1351,colonias,1351,TORIBIO ORTEGA,,false,false,,
colonias_3042,colonias,3042,TORRALBA,,false,false,,
colonias_2107,colonias,2107,TORRES DEL REY,,false,false,,
colonias_1897,colonias,1897,TORRES ZONA SUR,,false,false,,
colonias_2959,colonias,2959,TRACIA,,false,false,,
colonias_3112,colonias,3112,TRACIA II,,false,false,,
colonias_3043,colonias,3043,TRENTO,,false,false,,
colonias_2790,colonias,2790,TRES CASTILLOS (MOLINAR),,false,false,,
colonias_2561,colonias,2561,TRES MARIAS,,false,false,,
colonias_2562,colonias,2562,TRES MARIAS II,,false,false,,
colonias_3199,colonias,3199,UNIDAD,,false,false,,
colonias_829,colonias,829,UNIDAD CHIHUAHUA,,false,false,,
colonias_2124,colonias,2124,UNIDAD CUAUHTEMOC,,false,false,,
colonias_1029,colonias,1029,UNIDAD PROLETARIA,,false,false,,
colonias_1313,colonias,1313,UNIDAD SAN ANTONIO,,false,false,,
colonias_1219,colonias,1219,UNIDAD TECNOLOGICO,,false,false,,
colonias_2795,colonias,2795,UNION LADRILLEROS,,false,false,,
colonias_1211,colonias,1211,UNIVERSIDAD,,false,false,,
colonias_2805,colonias,2805,VALDIVIA,,false,false,,
colonias_2967,colonias,2967,VALDIVIA II,,false,false,,
colonias_1034,colonias,1034,VALLE DE LA MADRID,,false,false,,
colonias_3265,colonias,3265,VALLE DE MERCIA,,false,false,,
colonias_2258,colonias,2258,VALLE DE SAN PEDRO,,false,false,,
colonias_3160,colonias,3160,VALLE DE SAN PEDRO (CERRADA SANTA REGINA),,false,false,,
colonias_2920,colonias,2920,VALLE DE SAN PEDRO 2 (CERRADA SAN ANDRES),,false,false,,
colonias_2809,colonias,2809,VALLE DE SAN PEDRO(CERRADA SANTA MARTHA),,false,false,,
colonias_2174,colonias,2174,VALLE DEL ANGEL,,false,false,,
colonias_2593,colonias,2593,VALLE DEL SAUCO,,false,false,,
colonias_1345,colonias,1345,VALLE DORADO,,false,false,,
colonias_906,colonias,906,VALLE ESCONDIDO,,false,false,,
colonias_1322,colonias,1322,VALLE GRANDE,,false,false,,
colonias_3310,colonias,3310,VALLES DE CHIHUAHUA,,false,false,,
colonias_1378,colonias,1378,VALLES DEL SUR,,false,false,,
colonias_2981,colonias,2981,VANCOUVER,,false,false,,
colonias_3095,colonias,3095,VENDANOVA,,false,false,,
colonias_2459,colonias,2459,VENETO ETAPA A,,false,false,,
colonias_2458,colonias,2458,VENETO ETAPA B,,false,false,,
colonias_3301,colonias,3301,VENETO ETAPA C,,false,false,,
colonias_3300,colonias,3300,VENETO ETAPA D,,false,false,,
colonias_2457,colonias,2457,VENETO ETAPA E,,false,false,,
colonias_2456,colonias,2456,VENETO ETAPA F,,false,false,,
colonias_2455,colonias,2455,VENETO ETAPA G,,false,false,,
colonias_2494,colonias,2494,VENETO ETAPA H,,false,false,,
colonias_2495,colonias,2495,VENETO ETAPA I,,false,false,,
colonias_2937,colonias,2937,VENETO ETAPA I,,false,false,,
colonias_2936,colonias,2936,VENETO ETAPA III,,false,false,,
colonias_2935,colonias,2935,VENETO ETAPA IV,,false,false,,
colonias_2526,colonias,2526,VENETO ETAPA J,,false,false,,
colonias_2642,colonias,2642,VENNETO ETAPA K,,false,false,,
colonias_2449,colonias,2449,VERANDAH,,false,false,,
colonias_3013,colonias,3013,VEREDAS DEL SUR ETAPA III FASE 3,,false,false,,
colonias_2369,colonias,2369,VEREDAS DEL SUR I ETAPA,,false,false,,
colonias_2498,colonias,2498,VEREDAS DEL SUR II ETAPA,,false,false,,
colonias_2766,colonias,2766,VEREDAS DEL SUR III ETAPA,,false,false,,
colonias_3302,colonias,3302,VERONA ETAPA I,,false,false,,
colonias_2460,colonias,2460,VERONA ETAPA II,,false,false,,
colonias_1338,colonias,1338,VETERANOS,,false,false,,
colonias_2183,colonias,2183,VICENTE GUERECA,,false,false,,
colonias_1362,colonias,1362,VICENTE GUERRERO,,false,false,,
colonias_2148,colonias,2148,VICENTE GUERRERO,,false,false,,
colonias_2190,colonias,2190,VIDA DIGNA,,false,false,,
colonias_3266,colonias,3266,VIï¿½EDOS,,false,false,,
colonias_2371,colonias,2371,VIï¿½EDOS CALIFORNIA,,false,false,,
colonias_3353,colonias,3353,VILANOVA RESIDENCIAL,,false,false,,
colonias_2209,colonias,2209,VILLA DEL NORTE,,false,false,,
colonias_1209,colonias,1209,VILLA DEL REAL,,false,false,,
colonias_2201,colonias,2201,VILLA DEL REY V ETAPA,,false,false,,
colonias_1027,colonias,1027,VILLA DOLORES,,false,false,,
colonias_3202,colonias,3202,VILLA DORADA,,false,false,,
colonias_1353,colonias,1353,VILLA JUAREZ,,false,false,,
colonias_1619,colonias,1619,VILLA NUEVA,,false,false,,
colonias_2631,colonias,2631,VILLA SANTA LUCIA,,false,false,,
colonias_2232,colonias,2232,VILLA TOSCANA,,false,false,,
colonias_1613,colonias,1613,VILLA VIEJA,,false,false,,
colonias_1612,colonias,1612,VILLAS DE NUEVA ESPAï¿½A,,false,false,,
colonias_2055,colonias,2055,VILLAS DEL REFUGIO,,false,false,,
colonias_2210,colonias,2210,VILLAS DEL SOL,,false,false,,
colonias_1030,colonias,1030,VILLAS DEL SUR,,false,false,,
colonias_1620,colonias,1620,VILLAS RESIDENCIAL DEL REY,,false,false,,
colonias_825,colonias,825,VIRREYES,,false,false,,
colonias_1357,colonias,1357,VISTA HERMOSA,,false,false,,
colonias_2158,colonias,2158,VISTA HERMOSA,,false,false,,
colonias_1355,colonias,1355,VISTAS CERRO GRANDE,,false,false,,
colonias_1794,colonias,1794,VISTAS CERRO GRANDE VI ETAPA,,false,false,,
colonias_2968,colonias,2968,VISTAS DE LAS LOMAS,,false,false,,
colonias_3291,colonias,3291,VISTAS DE SACRAMENTO,,false,false,,
colonias_3305,colonias,3305,VISTAS DEL NORTE 1  ETAPA II,,false,false,,
colonias_3315,colonias,3315,VISTAS DEL NORTE 1  ETAPA IV,,false,false,,
colonias_3309,colonias,3309,VISTAS DEL NORTE 1  ETAPA V (CERRADAS BAKER),,false,false,,
colonias_3307,colonias,3307,VISTAS DEL NORTE 1 ETAPA I,,false,false,,
colonias_3314,colonias,3314,VISTAS DEL NORTE 1 ETAPA III,,false,false,,
colonias_3316,colonias,3316,VISTAS DEL NORTE 2 ETAPA I,,false,false,,
colonias_3320,colonias,3320,VISTAS DEL NORTE 2 ETAPA III,,false,false,,
colonias_3317,colonias,3317,VISTAS DEL NORTE 2 ETAPA IV,,false,false,,
colonias_3323,colonias,3323,VISTAS DEL NORTE II ETAPA 2,,false,false,,
colonias_3321,colonias,3321,VISTAS DEL NORTE II ETAPA 5,,false,false,,
colonias_3325,colonias,3325,VISTAS DEL NORTE III,,false,false,,
colonias_2691,colonias,2691,VISTAS DEL PEDREGAL,,false,false,,
colonias_3324,colonias,3324,VISTAS DEL PRADO,,false,false,,
colonias_3169,colonias,3169,VISTAS DEL PRADO I (CERRADA VISTA PALAUSE),,false,false,,
colonias_3167,colonias,3167,VISTAS DEL PRADO II (CERRADA VISTA CATEDRAL),,false,false,,
colonias_3033,colonias,3033,VISTAS DEL PRADO II (CERRADA VISTA MONTANA),,false,false,,
colonias_3168,colonias,3168,VISTAS DEL PRADO II (CERRADA VISTA TANDILIA),,false,false,,
colonias_2722,colonias,2722,VISTAS DEL RELIZ 2,,false,false,,
colonias_889,colonias,889,VISTAS DEL SACRAMENTO,,false,false,,
colonias_2170,colonias,2170,VISTAS DEL SOL,,false,false,,
colonias_2684,colonias,2684,VISTAS DEL VALLE,,false,false,,
colonias_3443,colonias,3443,VISTAS EJIDALES,,false,false,,
colonias_2142,colonias,2142,ZARCO,,false,false,,
colonias_2368,colonias,2368,ZONA IND NOMBRE DE DIOS,,false,false,,
colonias_2110,colonias,2110,ZOOTECNIA,,false,false,,
colonias_2663,colonias,2663,MILPILLAS,,false,false,,
colonias_3350,colonias,3350,CHINIPAS,,false,false,,
colonias_221,colonias,221,VICENTE GUERRERO,,false,false,,
colonias_228,colonias,228,EJIDO EL DIEZ KM 86-4,,false,false,,
colonias_229,colonias,229,INDUSTRIAL,,false,false,,
colonias_231,colonias,231,ESTACION ARMENDARIZ,,false,false,,
colonias_232,colonias,232,ALAMITO,,false,false,,
colonias_233,colonias,233,MORELOS,,false,false,,
colonias_234,colonias,234,LA MERCED,,false,false,,
colonias_235,colonias,235,CUAUHTEMOC,,false,false,,
colonias_236,colonias,236,FCO I MADERO (GOMEï¿½A),,false,false,,
colonias_240,colonias,240,LAS VIRGINIAS,,false,false,,
colonias_241,colonias,241,SANTA FE (EL HACHAZO ),,false,false,,
colonias_243,colonias,243,CAMPESINA,,false,false,,
colonias_247,colonias,247,NICOLAS BRAVO (KM 92),,false,false,,
colonias_537,colonias,537,LOS NARANJOS,,false,false,,
colonias_757,colonias,757,LOTES URBANOS,,false,false,,
colonias_762,colonias,762,LOS PINOS,,false,false,,
colonias_763,colonias,763,AMPL LINDA VISTA,,false,false,,
colonias_764,colonias,764,GENESIS,,false,false,,
colonias_765,colonias,765,JAZMINES,,false,false,,
colonias_766,colonias,766,MINERO,,false,false,,
colonias_767,colonias,767,EL RINCON,,false,false,,
colonias_768,colonias,768,LA SALLE,,false,false,,
colonias_769,colonias,769,ALAMEDA,,false,false,,
colonias_770,colonias,770,1o DE MAYO,,false,false,,
colonias_771,colonias,771,LAS FLORES,,false,false,,
colonias_772,colonias,772,VILLA LOS LAURELES,,false,false,,
colonias_773,colonias,773,SAN ISIDRO,,false,false,,
colonias_774,colonias,774,LAS GRANJAS,,false,false,,
colonias_775,colonias,775,MAGISTERIAL,,false,false,,
colonias_776,colonias,776,SAN PATRICIO,,false,false,,
colonias_777,colonias,777,RESIDENCIAL LOS ANGELES,,false,false,,
colonias_778,colonias,778,LA LLAVE DE ORO,,false,false,,
colonias_779,colonias,779,JARDIN,,false,false,,
colonias_780,colonias,780,SUR,,false,false,,
colonias_781,colonias,781,DIVISION DEL NORTE,,false,false,,
colonias_782,colonias,782,REVOLUCION,,false,false,,
colonias_783,colonias,783,LADERAS DEL VALLE,,false,false,,
colonias_784,colonias,784,FLORES DEL TEPEYAC,,false,false,,
colonias_785,colonias,785,DELICIAS RESIDENCIAL,,false,false,,
colonias_786,colonias,786,LOMA DE PEREZ,,false,false,,
colonias_787,colonias,787,SECTOR PONIENTE,,false,false,,
colonias_788,colonias,788,SAN FRANCISCO,,false,false,,
colonias_789,colonias,789,MIRADOR,,false,false,,
colonias_790,colonias,790,LAS HUERTAS,,false,false,,
colonias_791,colonias,791,RICARDO FLORES MAGON,,false,false,,
colonias_882,colonias,882,SECTOR ORIENTE,,false,false,,
colonias_998,colonias,998,LAS HACIENDAS,,false,false,,
colonias_1388,colonias,1388,SANTO NIï¿½O,,false,false,,
colonias_1389,colonias,1389,ROMA II,,false,false,,
colonias_1390,colonias,1390,LOS GIRASOLES,,false,false,,
colonias_1391,colonias,1391,INDEPENDENCIA,,false,false,,
colonias_1392,colonias,1392,PRI,,false,false,,
colonias_1393,colonias,1393,LINDA VISTA,,false,false,,
colonias_1394,colonias,1394,ROMA,,false,false,,
colonias_1395,colonias,1395,EL REFUGIO,,false,false,,
colonias_1396,colonias,1396,EMILIANO J LAING,,false,false,,
colonias_1397,colonias,1397,DESARROLLO URBANO,,false,false,,
colonias_1398,colonias,1398,31 DE OCTUBRE,,false,false,,
colonias_1399,colonias,1399,INFONAVIT NUEVO DELICIAS,,false,false,,
colonias_1400,colonias,1400,PABLO GOMEZ,,false,false,,
colonias_1401,colonias,1401,VENCEDORES DEL DESIERTO,,false,false,,
colonias_1402,colonias,1402,TIERRA Y LIBERTAD,,false,false,,
colonias_1403,colonias,1403,IGNACIO C ENRIQUEZ,,false,false,,
colonias_1404,colonias,1404,VILLAS DE SAN MARCOS,,false,false,,
colonias_1405,colonias,1405,INFONAVIT LOS NOGALES,,false,false,,
colonias_1406,colonias,1406,LAS VIRGENES,,false,false,,
colonias_1407,colonias,1407,INFONAVIT CIELO VISTA,,false,false,,
colonias_1408,colonias,1408,SOLIDARIDAD,,false,false,,
colonias_1409,colonias,1409,CARMEN SERDAN,,false,false,,
colonias_1410,colonias,1410,SANTA GERTRUDIS,,false,false,,
colonias_1411,colonias,1411,LADERAS DEL NORTE,,false,false,,
colonias_1412,colonias,1412,LAS GARZAS,,false,false,,
colonias_1413,colonias,1413,DELIA,,false,false,,
colonias_1414,colonias,1414,FRANCISCO VILLA,,false,false,,
colonias_1415,colonias,1415,LOS NOGALES,,false,false,,
colonias_1416,colonias,1416,DEL EMPLEADO,,false,false,,
colonias_1417,colonias,1417,INFONAVIT CARLOS BLAKE NTE,,false,false,,
colonias_1418,colonias,1418,IMPERIAL,,false,false,,
colonias_1419,colonias,1419,SECTOR NORTE,,false,false,,
colonias_1420,colonias,1420,INDUSTRIAL,,false,false,,
colonias_1421,colonias,1421,CARMONA (EL YAQUI),,false,false,,
colonias_1422,colonias,1422,SANTA ELENA O VILLA DE SAN LORENZO,,false,false,,
colonias_1423,colonias,1423,VILLAS DEL SOL,,false,false,,
colonias_1424,colonias,1424,EL PEDREGAL,,false,false,,
colonias_1630,colonias,1630,ABRAHAM GONZALEZ,,false,false,,
colonias_1631,colonias,1631,OBRERA,,false,false,,
colonias_1632,colonias,1632,DEL REAL,,false,false,,
colonias_1633,colonias,1633,MIGUEL HIDALGO,,false,false,,
colonias_1635,colonias,1635,TERRAZAS,,false,false,,
colonias_1636,colonias,1636,REVOLUCION,,false,false,,
colonias_1702,colonias,1702,REVOLUCION MAGISTERIAL,,false,false,,
colonias_1710,colonias,1710,LAS MORAS,,false,false,,
colonias_1715,colonias,1715,FLAMINGOS,,false,false,,
colonias_1716,colonias,1716,EL PEDREGAL III,,false,false,,
colonias_1717,colonias,1717,EL PEDREGAL II,,false,false,,
colonias_1718,colonias,1718,RINCON DEL ALAMO,,false,false,,
colonias_1841,colonias,1841,BENITO JUAREZ,,false,false,,
colonias_1866,colonias,1866,SANTA CATARINA,,false,false,,
colonias_1867,colonias,1867,LADERAS DEL NORTE,,false,false,,
colonias_1868,colonias,1868,LAS TORRES,,false,false,,
colonias_1891,colonias,1891,SAN CARLOS,,false,false,,
colonias_1921,colonias,1921,VILLA LOS CIPRESES,,false,false,,
colonias_1922,colonias,1922,EL PROGRESO,,false,false,,
colonias_1925,colonias,1925,SAN JORGE,,false,false,,
colonias_1926,colonias,1926,SANTA ISABEL,,false,false,,
colonias_1927,colonias,1927,LAS PALMAS,,false,false,,
colonias_1928,colonias,1928,FATIMA,,false,false,,
colonias_1968,colonias,1968,VALLE VERDE,,false,false,,
colonias_1990,colonias,1990,LA LABOR,,false,false,,
colonias_2009,colonias,2009,LA CANTERA,,false,false,,
colonias_2010,colonias,2010,LOS LEONES,,false,false,,
colonias_2011,colonias,2011,SANTA MONICA,,false,false,,
colonias_2012,colonias,2012,SAN ANDRES,,false,false,,
colonias_2032,colonias,2032,SAN LORENZO III,,false,false,,
colonias_2062,colonias,2062,ROMA II,,false,false,,
colonias_2064,colonias,2064,REVOLUCION,,false,false,,
colonias_2292,colonias,2292,VILLAS DEL PEDREGAL,,false,false,,
colonias_2293,colonias,2293,LABOR DE SAN AGUSTIN,,false,false,,
colonias_2344,colonias,2344,LAS BUGAMBILIAS,,false,false,,
colonias_2345,colonias,2345,DEL BOSQUE,,false,false,,
colonias_2347,colonias,2347,RECIDENCIAL LAS MARGARITAS,,false,false,,
colonias_2349,colonias,2349,HACIENDAS DEL VALLE,,false,false,,
colonias_2350,colonias,2350,CUMBRES DEL DEPORTE,,false,false,,
colonias_2351,colonias,2351,INDUSTRIAL,,false,false,,
colonias_2402,colonias,2402,MONTEALBAN,,false,false,,
colonias_2403,colonias,2403,PASEO LAS VIRGENES,,false,false,,
colonias_2427,colonias,2427,LAS MISIONES,,false,false,,
colonias_2428,colonias,2428,MISIONES,,false,false,,
colonias_2429,colonias,2429,MISIONES III,,false,false,,
colonias_2432,colonias,2432,QUINTAS MARIANA,,false,false,,
colonias_2443,colonias,2443,COLINAS DEL VALLE,,false,false,,
colonias_2452,colonias,2452,VALLE DE MONTEALBAN,,false,false,,
colonias_2479,colonias,2479,CAMPO REAL,,false,false,,
colonias_2505,colonias,2505,TECNOLOGICO,,false,false,,
colonias_2506,colonias,2506,ACACIAS,,false,false,,
colonias_2537,colonias,2537,PASEOS DEL ALGODON,,false,false,,
colonias_2559,colonias,2559,LOS OLIVOS,,false,false,,
colonias_2560,colonias,2560,SANTA SOFIA,,false,false,,
colonias_2568,colonias,2568,PRIVADA DE CUMBRES,,false,false,,
colonias_2592,colonias,2592,CERRADA DE SIENNA,,false,false,,
colonias_2644,colonias,2644,CIUDAD DEPORTIVA,,false,false,,
colonias_2648,colonias,2648,RINCON DEL MORO,,false,false,,
colonias_2655,colonias,2655,VALLE DORADO,,false,false,,
colonias_2656,colonias,2656,SAN PEDRO,,false,false,,
colonias_2723,colonias,2723,RINCON DE CAMPO REAL,,false,false,,
colonias_2747,colonias,2747,PRIVADA RINCON DE CAMPO REAL,,false,false,,
colonias_2753,colonias,2753,VISTA DEL SOL,,false,false,,
colonias_2792,colonias,2792,AMPLIACION REVOLUCION,,false,false,,
colonias_2902,colonias,2902,ECOLOGICO,,false,false,,
colonias_2913,colonias,2913,PUEBLO BONITO,,false,false,,
colonias_2918,colonias,2918,SECTOR SUR,,false,false,,
colonias_2931,colonias,2931,VILLA BONITA,,false,false,,
colonias_2932,colonias,2932,LOS VIï¿½EDOS,,false,false,,
colonias_2941,colonias,2941,RINCONADAS DEL DESIERTO,,false,false,,
colonias_2942,colonias,2942,PASEO DE CAMPO REAL,,false,false,,
colonias_2969,colonias,2969,SENDERO,,false,false,,
colonias_3015,colonias,3015,LA GUAPA,,false,false,,
colonias_3016,colonias,3016,PIZCADORAS,,false,false,,
colonias_3032,colonias,3032,DISTRITO DE RIEGO 05,,false,false,,
colonias_3052,colonias,3052,CERRADA DEL ALGODON,,false,false,,
colonias_3061,colonias,3061,SANTA MARTHA,,false,false,,
colonias_3133,colonias,3133,VALLE DEL SOL,,false,false,,
colonias_3155,colonias,3155,SOLARES,,false,false,,
colonias_3156,colonias,3156,LA CAPILLA,,false,false,,
colonias_3171,colonias,3171,RINCONADA DEL VALLE,,false,false,,
colonias_3173,colonias,3173,CAMPOS ELISEOS,,false,false,,
colonias_3174,colonias,3174,PRADERAS DE ORIENTE,,false,false,,
colonias_722,colonias,722,CENTRO,,false,false,,
colonias_1311,colonias,1311,TUTUACA,,false,false,,
colonias_1492,colonias,1492,SAN CAYETANO MORALES,,false,false,,
colonias_1493,colonias,1493,VICENTE GUERRERO,,false,false,,
colonias_1494,colonias,1494,SANTA ROSALIA DE CUEVAS,,false,false,,
colonias_1495,colonias,1495,LOS REMEDIOS,,false,false,,
colonias_1496,colonias,1496,SANTA MARIA DE CUEVAS,,false,false,,
colonias_2014,colonias,2014,CIENEGA DE LOYA,,false,false,,
colonias_2325,colonias,2325,SAN FERNADO DE ABAJO,,false,false,,
colonias_2326,colonias,2326,BACHAMUCHI,,false,false,,
colonias_2687,colonias,2687,LOS ANGELES,,false,false,,
colonias_2688,colonias,2688,LAS PIEDRITAS,,false,false,,
colonias_2689,colonias,2689,DE LA PLAZA,,false,false,,
colonias_1272,colonias,1272,ANGOSTURA,,false,false,,
colonias_1273,colonias,1273,LEBARON,,false,false,,
colonias_1274,colonias,1274,ABDENAGO C GARCIA,,false,false,,
colonias_2469,colonias,2469,SAN GERONIMO,,false,false,,
colonias_2895,colonias,2895,CENTRO,,false,false,,
colonias_2896,colonias,2896,LAS HUERTAS,,false,false,,
colonias_1497,colonias,1497,LA ESTACION,,false,false,,
colonias_1498,colonias,1498,SANTA ANA DE ABAJO,,false,false,,
colonias_1499,colonias,1499,SANTA ANA DE ARRIBA,,false,false,,
colonias_1500,colonias,1500,SAN MIGUEL DE LOS ANCHONDO,,false,false,,
colonias_1501,colonias,1501,RANCHO DE PEï¿½A,,false,false,,
colonias_1502,colonias,1502,EL LUGO,,false,false,,
colonias_1503,colonias,1503,EL TERRERO,,false,false,,
colonias_1504,colonias,1504,SANTA ROSA,,false,false,,
colonias_2021,colonias,2021,LAS COLONIAS,,false,false,,
colonias_2022,colonias,2022,LAS COLONIAS,,false,false,,
colonias_2023,colonias,2023,CENTRO,,false,false,,
colonias_2024,colonias,2024,LA FRONTERA,,false,false,,
colonias_2025,colonias,2025,LOMAS JAQUEï¿½AS,,false,false,,
colonias_2778,colonias,2778,CAMPESTRE VALLE DORADO,,false,false,,
colonias_556,colonias,556,SOCORRO RIVERA,,false,false,,
colonias_557,colonias,557,OSCAR ORNELAS,,false,false,,
colonias_854,colonias,854,PEï¿½A BLANCA,,false,false,,
colonias_1304,colonias,1304,PABLO AMAYA,,false,false,,
colonias_1553,colonias,1553,SAN JOSE BABICORA,,false,false,,
colonias_1708,colonias,1708,CENTRO,,false,false,,
colonias_1879,colonias,1879,LA PINTA,,false,false,,
colonias_669,colonias,669,CENTRO,,false,false,,
colonias_1505,colonias,1505,LA CIENEGUILLA,,false,false,,
colonias_1506,colonias,1506,LA LABORCITA DE SAN JAVIER,,false,false,,
colonias_1507,colonias,1507,EL AGUAJE,,false,false,,
colonias_1508,colonias,1508,BUENA VISTA,,false,false,,
colonias_1510,colonias,1510,SANTO TORIBIO,,false,false,,
colonias_1512,colonias,1512,TRES OJITOS,,false,false,,
colonias_1513,colonias,1513,LA GALERA,,false,false,,
colonias_1515,colonias,1515,LA ESPERANZA,,false,false,,
colonias_1516,colonias,1516,EL NOGALITO,,false,false,,
colonias_1517,colonias,1517,LA PAZ,,false,false,,
colonias_1518,colonias,1518,MAJALCA,,false,false,,
colonias_1519,colonias,1519,SANTA CRUZ DE MAYO,,false,false,,
colonias_1520,colonias,1520,VALENTIN GOMEZ FARIAS,,false,false,,
colonias_1768,colonias,1768,LA HACIENDA,,false,false,,
colonias_1769,colonias,1769,AEROPUERTO,,false,false,,
colonias_1770,colonias,1770,PIEDRA AGUJERADA,,false,false,,
colonias_1771,colonias,1771,LA LOMA,,false,false,,
colonias_1772,colonias,1772,IGUSA,,false,false,,
colonias_1773,colonias,1773,INDUSTRIAL,,false,false,,
colonias_1774,colonias,1774,LA CORTINA,,false,false,,
colonias_1775,colonias,1775,CENTRO,,false,false,,
colonias_1776,colonias,1776,EL SALTO,,false,false,,
colonias_1777,colonias,1777,MAGISTERIAL,,false,false,,
colonias_1778,colonias,1778,LAS GARZAS,,false,false,,
colonias_1779,colonias,1779,BARRIO AZUL,,false,false,,
colonias_1780,colonias,1780,ALTAVISTA,,false,false,,
colonias_1781,colonias,1781,LOS PINOS,,false,false,,
colonias_1782,colonias,1782,CAMPESINA,,false,false,,
colonias_1783,colonias,1783,DEPORTIVA,,false,false,,
colonias_1784,colonias,1784,LAS TUNAS,,false,false,,
colonias_1785,colonias,1785,ARBOLEDA,,false,false,,
colonias_1786,colonias,1786,TIMOTEO MARTINEZ,,false,false,,
colonias_1787,colonias,1787,OBRERA,,false,false,,
colonias_1860,colonias,1860,LINDAVISTA,,false,false,,
colonias_924,colonias,924,DOCTOR PORFIRIO PARRA (CASETA),,false,false,,
colonias_1281,colonias,1281,RINCON DEL MIMBRE,,false,false,,
colonias_1289,colonias,1289,EL FARO,,false,false,,
colonias_1665,colonias,1665,CENTRO,,false,false,,
colonias_1666,colonias,1666,FRANCISCO VILLA,,false,false,,
colonias_2953,colonias,2953,REFORMA,,false,false,,
colonias_2954,colonias,2954,BARREALES,,false,false,,
colonias_2965,colonias,2965,SIN NOMBRE,,false,false,,
colonias_548,colonias,548,EL CERESO,,false,false,,
colonias_549,colonias,549,LA PERIQUERA,,false,false,,
colonias_551,colonias,551,CENTRO,,false,false,,
colonias_863,colonias,863,HOSPITAL,,false,false,,
colonias_865,colonias,865,GASOLINERA,,false,false,,
colonias_867,colonias,867,CENTRO,,false,false,,
colonias_2271,colonias,2271,CORONADO,,false,false,,
colonias_2272,colonias,2272,PANTEON,,false,false,,
colonias_2273,colonias,2273,SANTO NIï¿½O,,false,false,,
colonias_2274,colonias,2274,HOSPITAL,,false,false,,
colonias_2275,colonias,2275,HOSPITAL,,false,false,,
colonias_2276,colonias,2276,GASOLINERA,,false,false,,
colonias_2518,colonias,2518,ATASCADEROS,,false,false,,
colonias_576,colonias,576,TEMORIS,,false,false,,
colonias_600,colonias,600,SAN RAFAEL,,false,false,,
colonias_937,colonias,937,SIN NOMBRE,,false,false,,
colonias_1229,colonias,1229,AGUA CALIENTE,,false,false,,
colonias_1230,colonias,1230,NUEVO PAHUIRACHI,,false,false,,
colonias_1237,colonias,1237,TEMEYCHI,,false,false,,
colonias_1238,colonias,1238,SAN MIGUEL DE TEMEYCHI,,false,false,,
colonias_1239,colonias,1239,EL TERRERO,,false,false,,
colonias_1240,colonias,1240,TACUBA,,false,false,,
colonias_1241,colonias,1241,EJIDO CONSTITUCION,,false,false,,
colonias_1242,colonias,1242,NOGAL Y ANEXAS,,false,false,,
colonias_1243,colonias,1243,RANCHO DE SANTIAGO,,false,false,,
colonias_1246,colonias,1246,TOMOCHI,,false,false,,
colonias_1247,colonias,1247,SAN JOSE BAQUEACHI,,false,false,,
colonias_1248,colonias,1248,IGNACIO ZARAGOZA,,false,false,,
colonias_1249,colonias,1249,PEDERNALES,,false,false,,
colonias_1250,colonias,1250,PARAMO DE MORELOS,,false,false,,
colonias_1251,colonias,1251,MIï¿½ACA,,false,false,,
colonias_1252,colonias,1252,GUADALUPE DE ABAJO,,false,false,,
colonias_1253,colonias,1253,GPE DE ARRIBA,,false,false,,
colonias_1254,colonias,1254,SAN ANTONIO DE SAENZ,,false,false,,
colonias_1255,colonias,1255,JUAREZ GUERRERO,,false,false,,
colonias_1256,colonias,1256,BOQUILLA Y ANEXAS (BAJE DE AGUA),,false,false,,
colonias_1257,colonias,1257,EL CONSUELO,,false,false,,
colonias_1258,colonias,1258,RANCHO DE CARPIO,,false,false,,
colonias_1260,colonias,1260,BORJAS,,false,false,,
colonias_1277,colonias,1277,PACHERA,,false,false,,
colonias_1310,colonias,1310,PASCUAL OROZCO (SAN ISIDRO),,false,false,,
colonias_1523,colonias,1523,SANTO TOMAS,,false,false,,
colonias_1528,colonias,1528,SAN JUAN SANTO TOMAS,,false,false,,
colonias_1529,colonias,1529,BARRIO SAN JOSE,,false,false,,
colonias_1530,colonias,1530,SAN MIGUEL DE ORTIZ,,false,false,,
colonias_1531,colonias,1531,CALERA,,false,false,,
colonias_1532,colonias,1532,EL JAGUEY,,false,false,,
colonias_1766,colonias,1766,LA CHIRIPA,,false,false,,
colonias_2409,colonias,2409,LA CORUï¿½A,,false,false,,
colonias_2543,colonias,2543,10 DE MAYO,,false,false,,
colonias_2814,colonias,2814,SIN NOMBRE,,false,false,,
colonias_2815,colonias,2815,SIN NOMBRE,,false,false,,
colonias_2816,colonias,2816,SIN NOMBRE,,false,false,,
colonias_2819,colonias,2819,CENTRO,,false,false,,
colonias_2820,colonias,2820,JESUS LUGO,,false,false,,
colonias_2946,colonias,2946,SAN GERONIMO,,false,false,,
colonias_2947,colonias,2947,LA CORUï¿½A,,false,false,,
colonias_3145,colonias,3145,BASUCHIL,,false,false,,
colonias_3476,colonias,3476,ADOLFO LOPEZ MATEOS,,false,false,,
colonias_3479,colonias,3479,SIN NOMBRE,,false,false,,
colonias_144,colonias,144,HEROES DE LA REVOLUCION,,false,false,,
colonias_145,colonias,145,SAN URIEL,,false,false,,
colonias_146,colonias,146,JOSE LOPEZ PORTILLO,,false,false,,
colonias_147,colonias,147,EMILIANO ZAPATA,,false,false,,
colonias_148,colonias,148,INFONAVIT ESTACION,,false,false,,
colonias_149,colonias,149,FUNDICION,,false,false,,
colonias_150,colonias,150,MINERA,,false,false,,
colonias_151,colonias,151,DEL PRADO,,false,false,,
colonias_152,colonias,152,FATIMA,,false,false,,
colonias_153,colonias,153,RICARDO FLORES MAGON,,false,false,,
colonias_154,colonias,154,FRANCISCO VILLA,,false,false,,
colonias_155,colonias,155,LOMA LINDA,,false,false,,
colonias_156,colonias,156,MORELOS (LA SOLEDAD),,false,false,,
colonias_157,colonias,157,TOPOCHICO,,false,false,,
colonias_158,colonias,158,VILLA BLANQUITA,,false,false,,
colonias_159,colonias,159,LA HUERTA,,false,false,,
colonias_160,colonias,160,EL POTRERO,,false,false,,
colonias_162,colonias,162,INFONAVIT TALLERES,,false,false,,
colonias_163,colonias,163,TALLERES,,false,false,,
colonias_165,colonias,165,CHURUBUSCO (SOTO REYES),,false,false,,
colonias_166,colonias,166,DEL PARQUE,,false,false,,
colonias_167,colonias,167,INFONAVIT PRADERAS,,false,false,,
colonias_168,colonias,168,MIGUEL HIDALGO,,false,false,,
colonias_169,colonias,169,BENITO JUAREZ,,false,false,,
colonias_170,colonias,170,AMPLIACION BENITO JUAREZ,,false,false,,
colonias_171,colonias,171,LA REFORMA,,false,false,,
colonias_172,colonias,172,INFONAVIT BELLAVISTA,,false,false,,
colonias_173,colonias,173,LA ESMERALDA,,false,false,,
colonias_175,colonias,175,SANTO TOMAS,,false,false,,
colonias_176,colonias,176,SAN ANTONIO DE LAS HUERTAS,,false,false,,
colonias_180,colonias,180,INFONAVIT EL MILAGRO,,false,false,,
colonias_183,colonias,183,LA PEï¿½A,,false,false,,
colonias_184,colonias,184,LAS QUINTAS,,false,false,,
colonias_186,colonias,186,MAGISTERIAL,,false,false,,
colonias_187,colonias,187,AGUSTIN MENDEZ ROSAS,,false,false,,
colonias_189,colonias,189,ESPAï¿½A,,false,false,,
colonias_191,colonias,191,EX HDA SIERRA SECA,,false,false,,
colonias_192,colonias,192,ALTAVISTA,,false,false,,
colonias_193,colonias,193,BELLAVISTA,,false,false,,
colonias_195,colonias,195,BUROCRATICA,,false,false,,
colonias_196,colonias,196,CNOP,,false,false,,
colonias_197,colonias,197,FOVISSSTE 1o DE MAYO,,false,false,,
colonias_198,colonias,198,FUENTES DE BELLAVISTA,,false,false,,
colonias_199,colonias,199,NETZAHUALCOYOTL,,false,false,,
colonias_200,colonias,200,GUANAJUATO,,false,false,,
colonias_201,colonias,201,INFONAVIT CERRO BLANCO,,false,false,,
colonias_202,colonias,202,INFONAVIT GPE SAN ANTONIO,,false,false,,
colonias_203,colonias,203,INFONAVIT LA MUELA,,false,false,,
colonias_204,colonias,204,INFONAVIT MINEROS,,false,false,,
colonias_205,colonias,205,KENNEDY,,false,false,,
colonias_206,colonias,206,LAS FUENTES 4a ETAPA,,false,false,,
colonias_207,colonias,207,LAS FUENTES 2a ETAPA,,false,false,,
colonias_208,colonias,208,LOMAS DE ALTAVISTA,,false,false,,
colonias_210,colonias,210,NUEVO PARRALITO,,false,false,,
colonias_211,colonias,211,PEï¿½A BOLA,,false,false,,
colonias_212,colonias,212,PROGRESO,,false,false,,
colonias_213,colonias,213,SAN NICOLAS,,false,false,,
colonias_215,colonias,215,VIVIENDAS POPULARES,,false,false,,
colonias_216,colonias,216,UNIDAD HABITACIONAL MILITAR,,false,false,,
colonias_217,colonias,217,GOMEZ MORIN,,false,false,,
colonias_218,colonias,218,VALLE VERDE,,false,false,,
colonias_219,colonias,219,PALMILLA,,false,false,,
colonias_261,colonias,261,ALFAREï¿½A,,false,false,,
colonias_262,colonias,262,BACA,,false,false,,
colonias_263,colonias,263,RESIDENCIAL TECNOLOGICO,,false,false,,
colonias_264,colonias,264,LA COLMENA,,false,false,,
colonias_266,colonias,266,FOVISSSTE LAS FUENTES,,false,false,,
colonias_268,colonias,268,ANGELA PERALTA,,false,false,,
colonias_269,colonias,269,PRIMAVERA,,false,false,,
colonias_271,colonias,271,LOS CARRIZOS,,false,false,,
colonias_272,colonias,272,PENSIONES PRADERAS,,false,false,,
colonias_871,colonias,871,EL MIRADOR,,false,false,,
colonias_872,colonias,872,EL SEGURO,,false,false,,
colonias_874,colonias,874,CAMPO MILITAR,,false,false,,
colonias_875,colonias,875,VILLAS DEL REAL,,false,false,,
colonias_877,colonias,877,TIERRA Y LIBERTAD,,false,false,,
colonias_879,colonias,879,INFONAVIT PRIMAVERA,,false,false,,
colonias_929,colonias,929,AMPLIACION PALMILLA,,false,false,,
colonias_930,colonias,930,RUBEN AGUILAR,,false,false,,
colonias_931,colonias,931,SOLIDARIDAD,,false,false,,
colonias_932,colonias,932,FEDERICO PIï¿½ON,,false,false,,
colonias_933,colonias,933,LA ALMANCEï¿½A,,false,false,,
colonias_935,colonias,935,PRI,,false,false,,
colonias_936,colonias,936,EL VADO,,false,false,,
colonias_1058,colonias,1058,SAN JOSE,,false,false,,
colonias_1085,colonias,1085,POSADEï¿½O,,false,false,,
colonias_1086,colonias,1086,MATURANA,,false,false,,
colonias_1087,colonias,1087,SAN ANTONIO DEL POTRERO,,false,false,,
colonias_1089,colonias,1089,GOMERA DE ARRIBA,,false,false,,
colonias_1090,colonias,1090,GOMERA DE ABAJO,,false,false,,
colonias_1195,colonias,1195,MONTAï¿½AS,,false,false,,
colonias_1197,colonias,1197,LOS LINDEROS,,false,false,,
colonias_1198,colonias,1198,AMPLIACION CHE GUEVARA,,false,false,,
colonias_1387,colonias,1387,CENTRO,,false,false,,
colonias_1582,colonias,1582,FELIPE PESCADOR,,false,false,,
colonias_1583,colonias,1583,LAS AMERICAS,,false,false,,
colonias_1750,colonias,1750,EL CONEJO,,false,false,,
colonias_1751,colonias,1751,LA ESMERALDA,,false,false,,
colonias_1863,colonias,1863,VILLAS DEL TECNOLOGICO,,false,false,,
colonias_1870,colonias,1870,Y INN,,false,false,,
colonias_1871,colonias,1871,TECNOLOGICO,,false,false,,
colonias_1983,colonias,1983,PASEOS DE LA ALMANCEï¿½A,,false,false,,
colonias_2031,colonias,2031,RINCONADAS DEL SOL,,false,false,,
colonias_2039,colonias,2039,RINCONADA LAS FUENTES,,false,false,,
colonias_2074,colonias,2074,SAN RAFAEL,,false,false,,
colonias_2295,colonias,2295,SAN JOSE,,false,false,,
colonias_2381,colonias,2381,REAL DE VICTORIA,,false,false,,
colonias_2382,colonias,2382,REAL DE VICTORIA II ETAPA,,false,false,,
colonias_2383,colonias,2383,LAS PALMAS I ETAPA,,false,false,,
colonias_2384,colonias,2384,LAS PALMAS II ETAPA,,false,false,,
colonias_2439,colonias,2439,EL MIMBRE,,false,false,,
colonias_2477,colonias,2477,CHE GUEVARA III ETAPA,,false,false,,
colonias_2478,colonias,2478,DIVISION DEL NORTE(CHE GUEVARA III ETAPA),,false,false,,
colonias_2504,colonias,2504,CASA BLANCA,,false,false,,
colonias_2567,colonias,2567,SANTA ELENA,,false,false,,
colonias_2651,colonias,2651,AQUILES SERDAN,,false,false,,
colonias_2743,colonias,2743,FEDERICO FERRO GAY (PARRAL VIVE),,false,false,,
colonias_2767,colonias,2767,ALBERGUE SAN ANDRES,,false,false,,
colonias_3021,colonias,3021,FRACCIONAMIENTO LA FORTUNA,,false,false,,
colonias_3128,colonias,3128,CHE GEVARA,,false,false,,
colonias_3129,colonias,3129,JORGE LEYVA,,false,false,,
colonias_3130,colonias,3130,FRACEL QUIJOTE,,false,false,,
colonias_3131,colonias,3131,FRAC MOHINORA,,false,false,,
colonias_3132,colonias,3132,FRCOLEYDA,,false,false,,
colonias_756,colonias,756,HUEJOTITAN,,false,false,,
colonias_1077,colonias,1077,RANCHERIA EL PICHAGUE,,false,false,,
colonias_1078,colonias,1078,LA NORIA,,false,false,,
colonias_550,colonias,550,PACIFICO,,false,false,,
colonias_552,colonias,552,OJINAGA,,false,false,,
colonias_553,colonias,553,AZTECA,,false,false,,
colonias_554,colonias,554,CENTRO,,false,false,,
colonias_555,colonias,555,CHIHUAHUITA,,false,false,,
colonias_1012,colonias,1012,SIN NOMBRE,,false,false,,
colonias_1301,colonias,1301,EL SAUCITO,,false,false,,
colonias_1302,colonias,1302,FRANCISCO I MADERO,,false,false,,
colonias_1303,colonias,1303,ABRAHAM GONZALEZ,,false,false,,
colonias_797,colonias,797,SIN NOMBRE,,false,false,,
colonias_1511,colonias,1511,OAXACA,,false,false,,
colonias_1514,colonias,1514,FERNANDEZ LEAL,,false,false,,
colonias_1521,colonias,1521,SAN PEDRO,,false,false,,
colonias_1522,colonias,1522,MONTEVERDE,,false,false,,
colonias_1524,colonias,1524,PANCHO VILLA,,false,false,,
colonias_1614,colonias,1614,TRES ALAMOS,,false,false,,
colonias_2807,colonias,2807,IGNACIO ZARAGOZA,,false,false,,
colonias_558,colonias,558,DEL PARQUE,,false,false,,
colonias_559,colonias,559,ANDAVAZO,,false,false,,
colonias_560,colonias,560,BENITO JUAREZ,,false,false,,
colonias_562,colonias,562,CAMPESINA,,false,false,,
colonias_577,colonias,577,FATIMA,,false,false,,
colonias_579,colonias,579,CENTRO,,false,false,,
colonias_580,colonias,580,LA MODERNA,,false,false,,
colonias_581,colonias,581,DEL CARMEN,,false,false,,
colonias_582,colonias,582,LAS AMERICAS,,false,false,,
colonias_583,colonias,583,CENTENARIO 77,,false,false,,
colonias_584,colonias,584,LA LADRILLERA,,false,false,,
colonias_588,colonias,588,PRI,,false,false,,
colonias_590,colonias,590,LUCIO CABAï¿½AS,,false,false,,
colonias_592,colonias,592,FERROCARRILERA,,false,false,,
colonias_593,colonias,593,LA ESTACION,,false,false,,
colonias_594,colonias,594,TIERRA Y LIBERTAD,,false,false,,
colonias_595,colonias,595,HEROES DE LA REVOLUCION,,false,false,,
colonias_596,colonias,596,GUADALUPE VICTORIA,,false,false,,
colonias_597,colonias,597,MANUEL LOPEZ DAVILA,,false,false,,
colonias_926,colonias,926,ESCALON,,false,false,,
colonias_1098,colonias,1098,MIRAMONTES,,false,false,,
colonias_1099,colonias,1099,TORREONCITOS,,false,false,,
colonias_1100,colonias,1100,NUEVO TAMPICO,,false,false,,
colonias_1101,colonias,1101,NUEVO SAUCILLO,,false,false,,
colonias_1102,colonias,1102,MIGUEL HIDALGO,,false,false,,
colonias_1103,colonias,1103,EJIDO CALIFORNIA,,false,false,,
colonias_1104,colonias,1104,ESTACION CARRILLO,,false,false,,
colonias_1105,colonias,1105,JACOBO,,false,false,,
colonias_1106,colonias,1106,SAN LUIS,,false,false,,
colonias_1107,colonias,1107,EJIDO ZARAGOZA,,false,false,,
colonias_1108,colonias,1108,SAN FELIPE,,false,false,,
colonias_1979,colonias,1979,REAL DEL SUR,,false,false,,
colonias_1980,colonias,1980,LAS GARZAS,,false,false,,
colonias_2411,colonias,2411,INFONAVIT DOLORES,,false,false,,
colonias_2413,colonias,2413,TIERRA DE ENCUENTRO,,false,false,,
colonias_2414,colonias,2414,LAZARO CARDENAS,,false,false,,
colonias_2415,colonias,2415,VILLAS DE HUEJOQUILLA,,false,false,,
colonias_2416,colonias,2416,GALVAN,,false,false,,
colonias_2417,colonias,2417,INFONAVIT SAN RAFAEL,,false,false,,
colonias_2418,colonias,2418,PRESIDENTES I,,false,false,,
colonias_2419,colonias,2419,NOGALES,,false,false,,
colonias_2874,colonias,2874,LIBERTAD (DOLORES),,false,false,,
colonias_3062,colonias,3062,OBRERA,,false,false,,
colonias_3063,colonias,3063,20 DE NOVIEMBRE,,false,false,,
colonias_3064,colonias,3064,ABRAHAM GONZALEZ,,false,false,,
colonias_3065,colonias,3065,LA RANA,,false,false,,
colonias_3066,colonias,3066,INFONAVIT SAN ISIDRO,,false,false,,
colonias_3067,colonias,3067,INFONAVIT I ETAPA,,false,false,,
colonias_3068,colonias,3068,LOS ALAMOS,,false,false,,
colonias_3069,colonias,3069,AGRICULTURA,,false,false,,
colonias_3070,colonias,3070,LAS AGUILAS,,false,false,,
colonias_3071,colonias,3071,AGUSTIN MELGAR,,false,false,,
colonias_3072,colonias,3072,FUNDADORES I Y II,,false,false,,
colonias_3073,colonias,3073,PRESIDENTES II,,false,false,,
colonias_3074,colonias,3074,PRESIDENTES,,false,false,,
colonias_3101,colonias,3101,INFONAVIT MAGISTERIAL,,false,false,,
colonias_3102,colonias,3102,DE JALISCO,,false,false,,
colonias_1,colonias,1,VISTA DEL NORTE,,false,false,,
colonias_2,colonias,2,EXCELENCIA UNIVERSIDAD,,false,false,,
colonias_3,colonias,3,DEL FUTURO,,false,false,,
colonias_4,colonias,4,CONDESA,,false,false,,
colonias_5,colonias,5,OLMOS TECNOLOGICO,,false,false,,
colonias_6,colonias,6,MISIONES DE SAN MIGUEL,,false,false,,
colonias_7,colonias,7,VILLAHERMOSA,,false,false,,
colonias_8,colonias,8,EL CAMPANARIO,,false,false,,
colonias_9,colonias,9,LOS LAGOS,,false,false,,
colonias_10,colonias,10,LA RAZA,,false,false,,
colonias_11,colonias,11,FOVISSSTE SUR,,false,false,,
colonias_12,colonias,12,LOS SAUCOS,,false,false,,
colonias_13,colonias,13,PUERTA DEL SOL,,false,false,,
colonias_14,colonias,14,PASEO DEL RIO,,false,false,,
colonias_15,colonias,15,PINAR DEL RIO,,false,false,,
colonias_16,colonias,16,VILLAS JARDIN,,false,false,,
colonias_17,colonias,17,LAS PALOMAS,,false,false,,
colonias_18,colonias,18,LA CUESTA,,false,false,,
colonias_19,colonias,19,MEXICO,,false,false,,
colonias_20,colonias,20,SAN LORENZO,,false,false,,
colonias_21,colonias,21,VISTAS DEL BRAVO,,false,false,,
colonias_22,colonias,22,FIDEL VELAZQUEZ,,false,false,,
colonias_23,colonias,23,SEGUNDA BUROCRATA,,false,false,,
colonias_24,colonias,24,SANTA MONICA,,false,false,,
colonias_25,colonias,25,MAGNOLIAS,,false,false,,
colonias_26,colonias,26,LA PRESA,,false,false,,
colonias_27,colonias,27,CORDOVA AMERICAS,,false,false,,
colonias_28,colonias,28,OLMOS,,false,false,,
colonias_29,colonias,29,NUEVO MILENIO,,false,false,,
colonias_30,colonias,30,DEL BRAVO,,false,false,,
colonias_31,colonias,31,LA PLAYA,,false,false,,
colonias_32,colonias,32,LAS VILLAS,,false,false,,
colonias_33,colonias,33,DEL VALLE,,false,false,,
colonias_34,colonias,34,JARDINES CAMPESTRE,,false,false,,
colonias_35,colonias,35,LOMAS DEL REY,,false,false,,
colonias_36,colonias,36,SAN LORENZO,,false,false,,
colonias_37,colonias,37,ALFA,,false,false,,
colonias_38,colonias,38,VALLE DEL SOL,,false,false,,
colonias_39,colonias,39,MINERVA,,false,false,,
colonias_40,colonias,40,COLINAS DE JUAREZ,,false,false,,
colonias_41,colonias,41,PROGRESISTA,,false,false,,
colonias_42,colonias,42,ANTARES,,false,false,,
colonias_43,colonias,43,PANCHO VILLA,,false,false,,
colonias_44,colonias,44,VILLAS DEL BRAVO,,false,false,,
colonias_45,colonias,45,LOMAS DE SAN JOSE,,false,false,,
colonias_46,colonias,46,AMERICAS,,false,false,,
colonias_47,colonias,47,MARGARITAS,,false,false,,
colonias_48,colonias,48,NUEVO HIPODROMO,,false,false,,
colonias_49,colonias,49,ALAMOS PRONAF,,false,false,,
colonias_50,colonias,50,ANDRES FIGUEROA,,false,false,,
colonias_51,colonias,51,MONUMENTAL,,false,false,,
colonias_52,colonias,52,DEL COLEGIO,,false,false,,
colonias_53,colonias,53,LOS NOGALES,,false,false,,
colonias_54,colonias,54,EL VERGEL,,false,false,,
colonias_55,colonias,55,CAMPESTRE MARIA ISABEL,,false,false,,
colonias_56,colonias,56,FUNDIDORA (5 DE MAYO),,false,false,,
colonias_57,colonias,57,CAMPESTRE ARBOLEDA,,false,false,,
colonias_58,colonias,58,RAUL GARCIA,,false,false,,
colonias_59,colonias,59,SAN RAFAEL,,false,false,,
colonias_60,colonias,60,SANTA FE,,false,false,,
colonias_61,colonias,61,PARTIDO MANUEL DOBLADO,,false,false,,
colonias_62,colonias,62,PARTIDO ESCOBEDO,,false,false,,
colonias_63,colonias,63,ACACIAS,,false,false,,
colonias_64,colonias,64,VILLAS DE LA ARBOLEDA,,false,false,,
colonias_65,colonias,65,NAPOLI,,false,false,,
colonias_66,colonias,66,PALERMO,,false,false,,
colonias_67,colonias,67,LAS QUINTAS,,false,false,,
colonias_68,colonias,68,GENOVA,,false,false,,
colonias_69,colonias,69,VILLA DEL RIO,,false,false,,
colonias_70,colonias,70,ARBOLEDA,,false,false,,
colonias_71,colonias,71,QUINTAS ALAMEDA,,false,false,,
colonias_72,colonias,72,LA PARCELA,,false,false,,
colonias_73,colonias,73,ALAMEDA,,false,false,,
colonias_74,colonias,74,LOS PARQUES,,false,false,,
colonias_75,colonias,75,CAMPESTRE SAN MARCOS,,false,false,,
colonias_76,colonias,76,SANTA RITA,,false,false,,
colonias_77,colonias,77,CRUCERO,,false,false,,
colonias_78,colonias,78,LAS PALMAS,,false,false,,
colonias_79,colonias,79,FUENTES DEL VALLE,,false,false,,
colonias_80,colonias,80,ANZURES,,false,false,,
colonias_81,colonias,81,LA HACIENDA,,false,false,,
colonias_82,colonias,82,AURORA,,false,false,,
colonias_83,colonias,83,SAN GERONIMO,,false,false,,
colonias_84,colonias,84,RINCONES DE SAN MARCOS,,false,false,,
colonias_85,colonias,85,BUROCRATA,,false,false,,
colonias_86,colonias,86,DIVISION DEL NORTE,,false,false,,
colonias_87,colonias,87,EL DORADO,,false,false,,
colonias_88,colonias,88,LOS SAUCES,,false,false,,
colonias_89,colonias,89,TIERRA Y LIBERTAD,,false,false,,
colonias_90,colonias,90,JARDINES DE SAN JOSE,,false,false,,
colonias_91,colonias,91,EL ROBLE,,false,false,,
colonias_92,colonias,92,COLOSO,,false,false,,
colonias_93,colonias,93,MELCHOR OCAMPO,,false,false,,
colonias_94,colonias,94,SILVIAS,,false,false,,
colonias_95,colonias,95,LA JOYA,,false,false,,
colonias_96,colonias,96,BENITO JUAREZ,,false,false,,
colonias_97,colonias,97,REFORMA,,false,false,,
colonias_98,colonias,98,9 DE SEPTIEMBRE,,false,false,,
colonias_99,colonias,99,MISIONES DEL PORTAL,,false,false,,
colonias_100,colonias,100,KM 5,,false,false,,
colonias_101,colonias,101,PARQUES INDUSTRIALES,,false,false,,
colonias_102,colonias,102,12 DE JULIO,,false,false,,
colonias_103,colonias,103,DEL MARQUEZ,,false,false,,
colonias_104,colonias,104,VILLAS COCOYOC,,false,false,,
colonias_105,colonias,105,PARTIDO ROMERO,,false,false,,
colonias_106,colonias,106,TORIBIO ORTEGA,,false,false,,
colonias_107,colonias,107,VILLAS DEL LAGO,,false,false,,
colonias_108,colonias,108,COLONIAL DEL VALLE 1,,false,false,,
colonias_109,colonias,109,COLONIAL DEL VALLE 2,,false,false,,
colonias_110,colonias,110,CUAUHTEMOC,,false,false,,
colonias_111,colonias,111,PLAZA DEL SOL,,false,false,,
colonias_112,colonias,112,SANTA TERESA,,false,false,,
colonias_113,colonias,113,CEMENTERA,,false,false,,
colonias_114,colonias,114,MIL CUMBRES,,false,false,,
colonias_115,colonias,115,EL BARREAL,,false,false,,
colonias_116,colonias,116,CASAS GRANDES,,false,false,,
colonias_117,colonias,117,CIRIACO JASSO,,false,false,,
colonias_118,colonias,118,CHIHUAHUA,,false,false,,
colonias_119,colonias,119,LOS COLORINES,,false,false,,
colonias_120,colonias,120,CAMPANARIO,,false,false,,
colonias_121,colonias,121,VILLA SANTA FE,,false,false,,
colonias_122,colonias,122,REAL DE LAS TORRES,,false,false,,
colonias_123,colonias,123,DEL ENCINO,,false,false,,
colonias_124,colonias,124,SAN ANGEL,,false,false,,
colonias_125,colonias,125,AMERICANO,,false,false,,
colonias_126,colonias,126,CHAVEï¿½A,,false,false,,
colonias_127,colonias,127,CUERNAVACA,,false,false,,
colonias_128,colonias,128,DEL PORTAL,,false,false,,
colonias_129,colonias,129,MIGUEL ENRIQUEZ GUZMAN,,false,false,,
colonias_130,colonias,130,VILLA ALEGRE,,false,false,,
colonias_131,colonias,131,FUENTE,,false,false,,
colonias_132,colonias,132,MONTERREY,,false,false,,
colonias_133,colonias,133,PRIMERO DE MAYO,,false,false,,
colonias_134,colonias,134,PARTIDO LA FUENTE,,false,false,,
colonias_135,colonias,135,OASIS REVOLUCION 2,,false,false,,
colonias_136,colonias,136,LEYES DE REFORMA,,false,false,,
colonias_137,colonias,137,OASIS REVOLUCION 1,,false,false,,
colonias_138,colonias,138,VICENTE GUERRERO,,false,false,,
colonias_139,colonias,139,JARUDO,,false,false,,
colonias_140,colonias,140,CORREGIDORA,,false,false,,
colonias_141,colonias,141,DIVISION DEL NORTE,,false,false,,
colonias_142,colonias,142,OBRERA,,false,false,,
colonias_143,colonias,143,EMILIANO ZAPATA,,false,false,,
colonias_273,colonias,273,CONSTITUYENTES,,false,false,,
colonias_274,colonias,274,MEXICO 68,,false,false,,
colonias_275,colonias,275,LUIS OLAGUE,,false,false,,
colonias_276,colonias,276,BARRIO AZUL/BARRIO NUEVO,,false,false,,
colonias_277,colonias,277,PRADERA DORADA,,false,false,,
colonias_278,colonias,278,JARDINES RESIDENCIAL,,false,false,,
colonias_279,colonias,279,FLORESTA,,false,false,,
colonias_280,colonias,280,GUADALAJARA,,false,false,,
colonias_281,colonias,281,ALTAMIRA,,false,false,,
colonias_282,colonias,282,PANAMERICANO,,false,false,,
colonias_283,colonias,283,CONTINENTAL,,false,false,,
colonias_284,colonias,284,LA JOYA,,false,false,,
colonias_285,colonias,285,JARDINES DEL LAGO,,false,false,,
colonias_286,colonias,286,LUIS DONALDO COLOSIO,,false,false,,
colonias_287,colonias,287,VISTA DE LA CUMBRE,,false,false,,
colonias_288,colonias,288,PARTIDO IGLESIAS (LINO VARGAS),,false,false,,
colonias_289,colonias,289,LOMA LINDA,,false,false,,
colonias_290,colonias,290,ARENAS II,,false,false,,
colonias_291,colonias,291,YOLANDA,,false,false,,
colonias_292,colonias,292,PRADOS DE SANTA ANITA,,false,false,,
colonias_293,colonias,293,VISTAS DEL VALLE,,false,false,,
colonias_294,colonias,294,AMPLIACION FRONTERIZA,,false,false,,
colonias_295,colonias,295,VISTA HERMOSA,,false,false,,
colonias_296,colonias,296,PALO CHINO,,false,false,,
colonias_297,colonias,297,CHIHUAHUA,,false,false,,
colonias_298,colonias,298,AMPLIACION AEROPUERTO,,false,false,,
colonias_299,colonias,299,LIBERTAD,,false,false,,
colonias_300,colonias,300,OASIS SUR,,false,false,,
colonias_301,colonias,301,RICARDO FLORES MAGON,,false,false,,
colonias_302,colonias,302,OASIS ORIENTE,,false,false,,
colonias_303,colonias,303,MAESTROS ESTATALES,,false,false,,
colonias_304,colonias,304,INFONAVIT TECNOLOGICO,,false,false,,
colonias_305,colonias,305,JOSE MARTI,,false,false,,
colonias_306,colonias,306,TORREON,,false,false,,
colonias_307,colonias,307,INFONAVIT OASIS,,false,false,,
colonias_308,colonias,308,PERIODISTA,,false,false,,
colonias_309,colonias,309,OASIS,,false,false,,
colonias_310,colonias,310,SAN FELIPE DEL REAL,,false,false,,
colonias_311,colonias,311,COLINAS DEL DESIERTO,,false,false,,
colonias_312,colonias,312,INSURGENTES,,false,false,,
colonias_313,colonias,313,HEROES DE LA REVOLUCION,,false,false,,
colonias_314,colonias,314,HERMENEGILDO GALEANA,,false,false,,
colonias_315,colonias,315,HEROES DE LA REVOLUCION,,false,false,,
colonias_316,colonias,316,LUIS ECHEVERRIA,,false,false,,
colonias_317,colonias,317,PINO SUAREZ/COLINAS DE JUAREZ,,false,false,,
colonias_318,colonias,318,ANEXAS,,false,false,,
colonias_319,colonias,319,LOS ALCALDES,,false,false,,
colonias_320,colonias,320,LOS ALCALDES,,false,false,,
colonias_321,colonias,321,FERNANDO BAEZA,,false,false,,
colonias_322,colonias,322,LUCIO BLANCO,,false,false,,
colonias_323,colonias,323,UNIVERSIDAD,,false,false,,
colonias_324,colonias,324,INDUSTRIAL (BENITO JUAREZ),,false,false,,
colonias_325,colonias,325,NUEVO MEXICO,,false,false,,
colonias_326,colonias,326,IGNACIO ALLENDE,,false,false,,
colonias_327,colonias,327,15 DE ENERO,,false,false,,
colonias_328,colonias,328,INFONAVIT SOLIDARIDAD,,false,false,,
colonias_329,colonias,329,LAS DUNAS,,false,false,,
colonias_330,colonias,330,DEL CARMEN,,false,false,,
colonias_331,colonias,331,JUAREZ NUEVO,,false,false,,
colonias_332,colonias,332,GREGORIO M SOLIS,,false,false,,
colonias_333,colonias,333,LUCIO BLANCO,,false,false,,
colonias_334,colonias,334,VISTA DEL VALLE,,false,false,,
colonias_335,colonias,335,POSTAL,,false,false,,
colonias_336,colonias,336,HERMILA,,false,false,,
colonias_337,colonias,337,PRADOS DEL REAL,,false,false,,
colonias_338,colonias,338,BELLAVISTA,,false,false,,
colonias_339,colonias,339,INFONAVIT AMPL AEROPUERTO,,false,false,,
colonias_340,colonias,340,MISION DE LOS LAGOS,,false,false,,
colonias_341,colonias,341,BOSQUES DEL SOL,,false,false,,
colonias_342,colonias,342,ZACATECAS,,false,false,,
colonias_343,colonias,343,VILLAS DEL GRANERO,,false,false,,
colonias_344,colonias,344,NIï¿½OS HEROES,,false,false,,
colonias_345,colonias,345,JARDINES DEL SEMINARIO,,false,false,,
colonias_346,colonias,346,MISION DE SAN MIGUEL,,false,false,,
colonias_347,colonias,347,REAL SAN JOSE,,false,false,,
colonias_348,colonias,348,BOSQUES DE SAN JOSE,,false,false,,
colonias_349,colonias,349,MARQUIZ,,false,false,,
colonias_350,colonias,350,BOSQUES DEL VALLE,,false,false,,
colonias_351,colonias,351,JOSEFA ORTIZ DE DOMINGUEZ,,false,false,,
colonias_352,colonias,352,HACIENDA DEL CAMPANARIO,,false,false,,
colonias_353,colonias,353,CAMPESTRE VIRREYES,,false,false,,
colonias_354,colonias,354,CONSUMIDOR,,false,false,,
colonias_355,colonias,355,MISIONES LOS FRAILES,,false,false,,
colonias_356,colonias,356,SANTA MONICA,,false,false,,
colonias_357,colonias,357,PLACITAS,,false,false,,
colonias_358,colonias,358,MONTEBELLO,,false,false,,
colonias_359,colonias,359,JARDINES DEL SEMINARIO,,false,false,,
colonias_360,colonias,360,FRANCISCO VILLA,,false,false,,
colonias_361,colonias,361,PUEBLO DEL SOL,,false,false,,
colonias_362,colonias,362,POPULAR,,false,false,,
colonias_363,colonias,363,MISIONES DEL EMIR,,false,false,,
colonias_364,colonias,364,MISIONES DEL SUR,,false,false,,
colonias_365,colonias,365,HACIENDA DE ARAGON,,false,false,,
colonias_366,colonias,366,ALTAVISTA,,false,false,,
colonias_367,colonias,367,LINDA VISTA (TEPEYAC),,false,false,,
colonias_368,colonias,368,AMPLIACION FELIPE ANGELES,,false,false,,
colonias_369,colonias,369,SANTA ROSA,,false,false,,
colonias_370,colonias,370,SANDRA LUCIA,,false,false,,
colonias_371,colonias,371,LOS CEDROS,,false,false,,
colonias_372,colonias,372,PUERTO LA PAZ,,false,false,,
colonias_373,colonias,373,RESIDENCIAL HACIENDA,,false,false,,
colonias_374,colonias,374,SAN ANTONIO,,false,false,,
colonias_375,colonias,375,SANTA ENGRACIA,,false,false,,
colonias_376,colonias,376,FRANCISCO SARABIA,,false,false,,
colonias_377,colonias,377,MORADAS DEL PORVENIR,,false,false,,
colonias_378,colonias,378,ELECTRICISTAS,,false,false,,
colonias_379,colonias,379,SIGLO XXI,,false,false,,
colonias_380,colonias,380,CAPRI,,false,false,,
colonias_381,colonias,381,RENOVACION 92,,false,false,,
colonias_382,colonias,382,ALCAZAR,,false,false,,
colonias_383,colonias,383,NIZA,,false,false,,
colonias_384,colonias,384,RODAS,,false,false,,
colonias_385,colonias,385,MARRUECOS,,false,false,,
colonias_386,colonias,386,QUINTAS DE SAN JOSE,,false,false,,
colonias_387,colonias,387,HACIENDAS LA PALOMA,,false,false,,
colonias_388,colonias,388,SAN FRANCISCO,,false,false,,
colonias_389,colonias,389,FRONTERIZA,,false,false,,
colonias_390,colonias,390,ALAMOS DE SENECU,,false,false,,
colonias_391,colonias,391,AZTECA,,false,false,,
colonias_392,colonias,392,INDEPENDENCIA 1 (LA CUESTA No 12),,false,false,,
colonias_393,colonias,393,LAZARO CARDENAS,,false,false,,
colonias_394,colonias,394,CONSTITUCION,,false,false,,
colonias_395,colonias,395,SARA LUGO,,false,false,,
colonias_396,colonias,396,SANTA ANITA,,false,false,,
colonias_397,colonias,397,LOS JARDINES,,false,false,,
colonias_398,colonias,398,LADRILLERA DE JUAREZ,,false,false,,
colonias_399,colonias,399,VILLAS PRIMAVERA,,false,false,,
colonias_400,colonias,400,COUNTRY RAQUET,,false,false,,
colonias_401,colonias,401,VILLAS DE SENECU,,false,false,,
colonias_402,colonias,402,RESIDENCIAL LAS HADAS,,false,false,,
colonias_403,colonias,403,PALOMAR SENECU,,false,false,,
colonias_404,colonias,404,HACIENDA SENECU,,false,false,,
colonias_405,colonias,405,RESIDENCIAL SAN ANTONIO SENECU,,false,false,,
colonias_406,colonias,406,RESIDENCIAL SENECU,,false,false,,
colonias_407,colonias,407,BOSQUES DE SENECU,,false,false,,
colonias_408,colonias,408,FELIPE ANGELES,,false,false,,
colonias_409,colonias,409,VILLAS DE SENECU,,false,false,,
colonias_410,colonias,410,LINCE,,false,false,,
colonias_411,colonias,411,ALAMEDA GALGODROMO,,false,false,,
colonias_412,colonias,412,CENTRO,,false,false,,
colonias_413,colonias,413,RESIDENCIAL ALAMEDA,,false,false,,
colonias_414,colonias,414,LA GAVIOTA,,false,false,,
colonias_415,colonias,415,ALONDRA,,false,false,,
colonias_416,colonias,416,PALOMA,,false,false,,
colonias_417,colonias,417,RESIDENCIAL PARAISO,,false,false,,
colonias_418,colonias,418,LOMAS DE POLEO,,false,false,,
colonias_419,colonias,419,RIVIERA,,false,false,,
colonias_420,colonias,420,MARIANO ESCOBEDO,,false,false,,
colonias_421,colonias,421,VILLAS CONIFER,,false,false,,
colonias_422,colonias,422,JARDINES DE COYOACAN,,false,false,,
colonias_423,colonias,423,VALLE VERDE,,false,false,,
colonias_424,colonias,424,NUEVA GALEANA (BUROCRATA MPAL BELLA PROVINCIA),,false,false,,
colonias_425,colonias,425,JARDINES DE SENECU,,false,false,,
colonias_426,colonias,426,MELCHOR OCAMPO,,false,false,,
colonias_427,colonias,427,EL NOGAL DE LAS TORRES,,false,false,,
colonias_428,colonias,428,FRESNOS,,false,false,,
colonias_429,colonias,429,HACIENDA DEL SAUZ,,false,false,,
colonias_430,colonias,430,QUINTAS DEL VALLE,,false,false,,
colonias_431,colonias,431,SAN VALENTIN,,false,false,,
colonias_432,colonias,432,VILLA COLONIAL,,false,false,,
colonias_433,colonias,433,FIDEL AVILA,,false,false,,
colonias_434,colonias,434,CAMPESTRE FLORES (DEMETRIO FLORES),,false,false,,
colonias_435,colonias,435,WATERFILL RIO BRAVO,,false,false,,
colonias_436,colonias,436,WATERFILL RIO BRAVO,,false,false,,
colonias_437,colonias,437,SAN FERNANDO,,false,false,,
colonias_438,colonias,438,BOSQUES DE WATERFILL,,false,false,,
colonias_439,colonias,439,RIO GRANDE,,false,false,,
colonias_440,colonias,440,EL PENSAMIENTO,,false,false,,
colonias_441,colonias,441,JARDINES DEL VALLE,,false,false,,
colonias_442,colonias,442,ARCADAS,,false,false,,
colonias_443,colonias,443,PANAMERICANO JARDIN,,false,false,,
colonias_444,colonias,444,JARDINES DEL AEROPUERTO,,false,false,,
colonias_445,colonias,445,PUENTE ALTO,,false,false,,
colonias_446,colonias,446,MARIA ISABEL,,false,false,,
colonias_447,colonias,447,SALVARCAR,,false,false,,
colonias_448,colonias,448,IGNACIO RAMOS (KM 20),,false,false,,
colonias_449,colonias,449,VALLE ALTO,,false,false,,
colonias_450,colonias,450,VALLE DORADO,,false,false,,
colonias_451,colonias,451,PRADOS DE SALVARCAR,,false,false,,
colonias_452,colonias,452,TORRES DEL PRI,,false,false,,
colonias_453,colonias,453,PORFIRIO SILVA,,false,false,,
colonias_454,colonias,454,ECO 2000,,false,false,,
colonias_455,colonias,455,AGUILAS,,false,false,,
colonias_456,colonias,456,ALTAVISTA,,false,false,,
colonias_457,colonias,457,LOS ALPES,,false,false,,
colonias_458,colonias,458,BOSQUE BONITO/COLINAS DEL SOL,,false,false,,
colonias_459,colonias,459,PINO ALTO,,false,false,,
colonias_460,colonias,460,EMILIANO ZAPATA (ANEXAS),,false,false,,
colonias_461,colonias,461,ADOLFO LOPEZ MATEOS,,false,false,,
colonias_462,colonias,462,PLUTARCO ELIAS CALLES (AMPLIACION),,false,false,,
colonias_463,colonias,463,TARAHUMARA (SAN JUANITO),,false,false,,
colonias_464,colonias,464,ANAHUAC,,false,false,,
colonias_465,colonias,465,VALLE SUR,,false,false,,
colonias_466,colonias,466,MORELOS III,,false,false,,
colonias_467,colonias,467,MORELOS I,,false,false,,
colonias_468,colonias,468,PASEOS DEL ALBA,,false,false,,
colonias_469,colonias,469,EL FORTIN,,false,false,,
colonias_470,colonias,470,INFONAVIT SALVARCAR,,false,false,,
colonias_471,colonias,471,LAZARO CARDENAS (AEROPUERTO),,false,false,,
colonias_472,colonias,472,15 DE MAYO,,false,false,,
colonias_473,colonias,473,VALLE DEL BRAVO,,false,false,,
colonias_474,colonias,474,BUENOS AIRES,,false,false,,
colonias_475,colonias,475,ROMA (COMPLEJO INDUSTRIAL),,false,false,,
colonias_476,colonias,476,TERRENOS NACIONALES,,false,false,,
colonias_477,colonias,477,MANUEL VALDEZ,,false,false,,
colonias_478,colonias,478,PRADERAS DEL HENEQUEN,,false,false,,
colonias_479,colonias,479,PASEOS DE ZARAGOZA,,false,false,,
colonias_480,colonias,480,RESIDENCIAL VILLA BONITA,,false,false,,
colonias_481,colonias,481,HEROES DE MEXICO,,false,false,,
colonias_482,colonias,482,LAS MONTAï¿½AS,,false,false,,
colonias_483,colonias,483,LA PERLA,,false,false,,
colonias_484,colonias,484,PATRIA,,false,false,,
colonias_485,colonias,485,MUNICIPIO LIBRE,,false,false,,
colonias_486,colonias,486,MORELOS ZARAGOZA,,false,false,,
colonias_487,colonias,487,EL CAMPANARIO (REAL DEL CAMPANARIO),,false,false,,
colonias_488,colonias,488,PRADERAS DE LAS TORRES,,false,false,,
colonias_489,colonias,489,VILLAS COLONIAL,,false,false,,
colonias_490,colonias,490,VILLAS COLONIAL,,false,false,,
colonias_491,colonias,491,JARDINES DE SENECU,,false,false,,
colonias_492,colonias,492,JARDINES,,false,false,,
colonias_493,colonias,493,PALOMAS DE SENECU,,false,false,,
colonias_494,colonias,494,RESIDENCIAL VICTORIA (MONTECARLO),,false,false,,
colonias_495,colonias,495,TORRES DEL SUR,,false,false,,
colonias_496,colonias,496,VILLAS DEL VIï¿½ON,,false,false,,
colonias_939,colonias,939,CERRADA DEL SOL,,false,false,,
colonias_940,colonias,940,ERA DE SAN LORENZO,,false,false,,
colonias_941,colonias,941,VILLAS SAN RAFAEL,,false,false,,
colonias_942,colonias,942,BOSQUES DE SALVARCAR,,false,false,,
colonias_943,colonias,943,PRADERAS DEL SUR,,false,false,,
colonias_944,colonias,944,PASEO DE LAS TORRES,,false,false,,
colonias_945,colonias,945,RINCONADA DE LAS TORRES III,,false,false,,
colonias_946,colonias,946,HORIZONTES DEL SUR,,false,false,,
colonias_947,colonias,947,MISIONES DEL REAL,,false,false,,
colonias_948,colonias,948,FRAY GARCIA DE SAN FRANCISCO,,false,false,,
colonias_949,colonias,949,SIMONA BARBA,,false,false,,
colonias_950,colonias,950,SOR JUANA INES DE LA CRUZ,,false,false,,
colonias_951,colonias,951,FRIDA KAHLO,,false,false,,
colonias_952,colonias,952,SAN LORENZO,,false,false,,
colonias_953,colonias,953,FLORECILLAS,,false,false,,
colonias_954,colonias,954,REAL DE WATERFILL,,false,false,,
colonias_955,colonias,955,WATERFILL,,false,false,,
colonias_956,colonias,956,PASEOS DEL BOSQUE,,false,false,,
colonias_957,colonias,957,EL MARMOL,,false,false,,
colonias_958,colonias,958,VALLE DE SANTIAGO,,false,false,,
colonias_959,colonias,959,FUENTES LOS NOGALES,,false,false,,
colonias_965,colonias,965,HACIENDA DE LAS TORRES ( ETAPA  VI),,false,false,,
colonias_988,colonias,988,HACIENDA DEL ROSARIO,,false,false,,
colonias_989,colonias,989,COMPLEJO ROMA,,false,false,,
colonias_1007,colonias,1007,CORREDOR INDUSTRIAL,,false,false,,
colonias_1009,colonias,1009,LAS HUERTAS II,,false,false,,
colonias_1051,colonias,1051,LA CAMPESINA,,false,false,,
colonias_1052,colonias,1052,BELLO HORIZONTE,,false,false,,
colonias_1053,colonias,1053,AVICOLA EMILIANO ZAPATA ( KM 22 ),,false,false,,
colonias_1059,colonias,1059,LA CAï¿½ADA,,false,false,,
colonias_1060,colonias,1060,PARAJES DEL SOL,,false,false,,
colonias_1061,colonias,1061,PAPIGOCHI,,false,false,,
colonias_1062,colonias,1062,PRADERAS DE LA SIERRA,,false,false,,
colonias_1063,colonias,1063,TERRAZAS DEL VALLE,,false,false,,
colonias_1064,colonias,1064,PAQUIME,,false,false,,
colonias_1145,colonias,1145,QUINTAS DEL REAL,,false,false,,
colonias_1147,colonias,1147,PRADERAS DEL PACIFICO,,false,false,,
colonias_1202,colonias,1202,SIN COLONIA,,false,false,,
colonias_1427,colonias,1427,SALVARCAR (ZARAGOZA),,false,false,,
colonias_1547,colonias,1547,EJIDO ZARAGOZA,,false,false,,
colonias_1551,colonias,1551,SAN AGUSTIN,,false,false,,
colonias_1571,colonias,1571,SAN PABLO,,false,false,,
colonias_1572,colonias,1572,OLIVIA ESPINOZA DE BERMUDEZ,,false,false,,
colonias_1573,colonias,1573,PARQUE INDUSTRIAL LOS BRAVOS II,,false,false,,
colonias_1574,colonias,1574,SIN COLONIA,,false,false,,
colonias_1575,colonias,1575,ADICION CAMPESTRE,,false,false,,
colonias_1578,colonias,1578,ALMENDROS,,false,false,,
colonias_1579,colonias,1579,MISION DE SAN JOSE,,false,false,,
colonias_1580,colonias,1580,ARROYO DEL PARAISO,,false,false,,
colonias_1581,colonias,1581,CARLOS CASTILLO PERAZA,,false,false,,
colonias_1584,colonias,1584,GUSTAVO DIAZ ORDAZ,,false,false,,
colonias_1585,colonias,1585,PRADERAS DE LOS ALAMOS,,false,false,,
colonias_1589,colonias,1589,SIERRA GRANDE,,false,false,,
colonias_1592,colonias,1592,RINCONADA DE LAS TORRES IV,,false,false,,
colonias_1593,colonias,1593,PARQUE INDUSTRIAL LOS BRAVOS,,false,false,,
colonias_1594,colonias,1594,SIN COLONIA,,false,false,,
colonias_1595,colonias,1595,PARQUE INDUSTRIAL AMERICAS,,false,false,,
colonias_1596,colonias,1596,PARQUE INDUSTRIAL SALVARCAR NUM 5,,false,false,,
colonias_1597,colonias,1597,SIN COLONIA,,false,false,,
colonias_1598,colonias,1598,ZONA MILITAR 5 C,,false,false,,
colonias_1599,colonias,1599,SIN COLONIA,,false,false,,
colonias_1600,colonias,1600,SAFARI,,false,false,,
colonias_1601,colonias,1601,PARQUE INDUSTRIAL FERNANDEZ,,false,false,,
colonias_1602,colonias,1602,PARQUE INDUSTRIAL GEMA,,false,false,,
colonias_1603,colonias,1603,PARQUE INDUSTRIAL EJE JUAN GABRIEL,,false,false,,
colonias_1604,colonias,1604,AGUSTIN MELGAR,,false,false,,
colonias_1605,colonias,1605,PARQUE INDUSTRIAL AZTECAS,,false,false,,
colonias_1606,colonias,1606,PARQUE INDUSTRIAL PANAMERICANO,,false,false,,
colonias_1607,colonias,1607,SIN COLONIA,,false,false,,
colonias_1608,colonias,1608,PARQUE INDUSTRIAL AEROJUAREZ,,false,false,,
colonias_1609,colonias,1609,PARQUE INDUSTRIAL AEROPUERTO,,false,false,,
colonias_1616,colonias,1616,INDEPENDENCIA 2,,false,false,,
colonias_1621,colonias,1621,PARQUE INDUSTRIAL LOS BRAVOS,,false,false,,
colonias_1638,colonias,1638,GRANJAS SANTA ELENA,,false,false,,
colonias_1639,colonias,1639,JOSE MARIA MORELOS (KM 20),,false,false,,
colonias_1640,colonias,1640,DE LA EDUCACION,,false,false,,
colonias_1641,colonias,1641,CAMPOS ELISEOS SECTOR 3 Y 4,,false,false,,
colonias_1642,colonias,1642,VILLAS DEL VALLE,,false,false,,
colonias_1643,colonias,1643,LAS TORRES,,false,false,,
colonias_1644,colonias,1644,INFONAVIT ANGEL TRIAS,,false,false,,
colonias_1645,colonias,1645,MISION DEL SOL,,false,false,,
colonias_1646,colonias,1646,PUESTA DEL SOL,,false,false,,
colonias_1647,colonias,1647,REAL DEL SOL,,false,false,,
colonias_1648,colonias,1648,HACIENDA DE SAN PEDRO,,false,false,,
colonias_1656,colonias,1656,COLINAS DEL NORTE,,false,false,,
colonias_1657,colonias,1657,16 DE SEPTIEMBRE,,false,false,,
colonias_1658,colonias,1658,FUENTES DEL SEMINARIO,,false,false,,
colonias_1659,colonias,1659,ERENDIRA,,false,false,,
colonias_1660,colonias,1660,AEROPUERTO,,false,false,,
colonias_1661,colonias,1661,DEL REAL,,false,false,,
colonias_1662,colonias,1662,PARTIDO SENECU,,false,false,,
colonias_1663,colonias,1663,JARDINES DE SANTA CLARA,,false,false,,
colonias_1667,colonias,1667,KILOMETRO 20,,false,false,,
colonias_1668,colonias,1668,PABLO GOMEZ (KM 20),,false,false,,
colonias_1669,colonias,1669,CIELO VISTA,,false,false,,
colonias_1670,colonias,1670,VILLA JARDIN,,false,false,,
colonias_1671,colonias,1671,MISIONES,,false,false,,
colonias_1673,colonias,1673,VISTAS DE LA AURORA,,false,false,,
colonias_1674,colonias,1674,ERAS DE SATELITE,,false,false,,
colonias_1675,colonias,1675,JARDINES DE SATELITE,,false,false,,
colonias_1676,colonias,1676,LUCIO CABAï¿½AS,,false,false,,
colonias_1677,colonias,1677,SATELITE 1 Y 2,,false,false,,
colonias_1678,colonias,1678,EL VERGEL,,false,false,,
colonias_1679,colonias,1679,COLONIAL DEL VALLE,,false,false,,
colonias_1680,colonias,1680,PRADERAS DE LOS OASIS,,false,false,,
colonias_1681,colonias,1681,SICOMOROS DEL NORTE,,false,false,,
colonias_1682,colonias,1682,HACIENDA DEL NOGAL,,false,false,,
colonias_1683,colonias,1683,MORELOS IV,,false,false,,
colonias_1684,colonias,1684,VILLA VISTA DEL SOL,,false,false,,
colonias_1685,colonias,1685,RESIDENCIAL LAS VILLAS,,false,false,,
colonias_1686,colonias,1686,LA MORALEJA,,false,false,,
colonias_1687,colonias,1687,FLORENCIA,,false,false,,
colonias_1688,colonias,1688,RINCON DEL OLMO,,false,false,,
colonias_1689,colonias,1689,VILLAS CAMPESTRE,,false,false,,
colonias_1690,colonias,1690,SAN FERNANDO,,false,false,,
colonias_1691,colonias,1691,PASEO DEL PINAR,,false,false,,
colonias_1692,colonias,1692,REYNA FABIOLA,,false,false,,
colonias_1693,colonias,1693,HABITAT DEL RIO,,false,false,,
colonias_1694,colonias,1694,ACEQUIAS,,false,false,,
colonias_1695,colonias,1695,LOS JARDINES,,false,false,,
colonias_1696,colonias,1696,LOS NARDOS,,false,false,,
colonias_1697,colonias,1697,LOS LIRIOS,,false,false,,
colonias_1704,colonias,1704,ZONA FEDERAL,,false,false,,
colonias_1706,colonias,1706,SIN COLONIA,,false,false,,
colonias_1709,colonias,1709,EL MILLON,,false,false,,
colonias_1711,colonias,1711,MANUEL GOMEZ MORIN,,false,false,,
colonias_1712,colonias,1712,SOL DE MAYO,,false,false,,
colonias_1713,colonias,1713,KILOMETRO 5,,false,false,,
colonias_1714,colonias,1714,RASTRO  VIEJO,,false,false,,
colonias_1719,colonias,1719,SAN JUANITO,,false,false,,
colonias_1720,colonias,1720,COLINAS DEL SUR,,false,false,,
colonias_1721,colonias,1721,QUINTAS SAN ANGEL,,false,false,,
colonias_1722,colonias,1722,JARDIN DE LAS MORAS,,false,false,,
colonias_1723,colonias,1723,SANTA MARTHA,,false,false,,
colonias_1724,colonias,1724,PORTAL DEL SOL,,false,false,,
colonias_1725,colonias,1725,VILLAS SOLARES,,false,false,,
colonias_1726,colonias,1726,REAL DE SAN JOSE,,false,false,,
colonias_1727,colonias,1727,BUGAMBILIAS,,false,false,,
colonias_1728,colonias,1728,REAL DEL SOL II,,false,false,,
colonias_1729,colonias,1729,CERRADA ARBOLEDAS,,false,false,,
colonias_1735,colonias,1735,SIN NOMBRE,,false,false,,
colonias_1736,colonias,1736,JARDINES DEL BOSQUE,,false,false,,
colonias_1737,colonias,1737,LOS BARRIOS,,false,false,,
colonias_1738,colonias,1738,PARAJE DEL SUR,,false,false,,
colonias_1744,colonias,1744,VILLA RESIDENCIAL DEL REAL,,false,false,,
colonias_1745,colonias,1745,SIN COLONIA,,false,false,,
colonias_1746,colonias,1746,VILLA ALEGRIA,,false,false,,
colonias_1749,colonias,1749,EJIDO SALVARCAR,,false,false,,
colonias_1755,colonias,1755,PALMAS DEL SOL (AREKAS),,false,false,,
colonias_1756,colonias,1756,PALMAS DEL SOL (GERANIOS),,false,false,,
colonias_1760,colonias,1760,RINCONES DE SALVARCAR,,false,false,,
colonias_1761,colonias,1761,MISION DE SANTA FE,,false,false,,
colonias_1762,colonias,1762,LAS ESTANCIAS,,false,false,,
colonias_1790,colonias,1790,QUINTA ESMERALDA,,false,false,,
colonias_1791,colonias,1791,PASEO DE LAS PALMAS,,false,false,,
colonias_1795,colonias,1795,LOS ARCOS,,false,false,,
colonias_1804,colonias,1804,FRANCISCO I MADERO,,false,false,,
colonias_1805,colonias,1805,JUAREZ,,false,false,,
colonias_1806,colonias,1806,BARRIO ALTO,,false,false,,
colonias_1807,colonias,1807,ARROYO COLORADO,,false,false,,
colonias_1808,colonias,1808,DURANGO,,false,false,,
colonias_1809,colonias,1809,EXHIPODROMO,,false,false,,
colonias_1810,colonias,1810,HIDALGO,,false,false,,
colonias_1811,colonias,1811,FOVISSSTE CHAMIZAL,,false,false,,
colonias_1812,colonias,1812,GUADALAJARA IZQUIERDA (DERECHA),,false,false,,
colonias_1813,colonias,1813,ALVARO OBREGON,,false,false,,
colonias_1817,colonias,1817,MONUMENTO,,false,false,,
colonias_1818,colonias,1818,LAS LILAS,,false,false,,
colonias_1819,colonias,1819,VALLE DE OLIVOS,,false,false,,
colonias_1820,colonias,1820,SAN JOSE,,false,false,,
colonias_1821,colonias,1821,LA CUESTA 1,,false,false,,
colonias_1823,colonias,1823,CAMPESTRE VIRREYES,,false,false,,
colonias_1824,colonias,1824,LOS PINOS,,false,false,,
colonias_1825,colonias,1825,MASCAREï¿½AS,,false,false,,
colonias_1826,colonias,1826,ATENAS,,false,false,,
colonias_1827,colonias,1827,PARTIDO DIAZ,,false,false,,
colonias_1828,colonias,1828,SICOMOROS,,false,false,,
colonias_1829,colonias,1829,SAN LORENZO,,false,false,,
colonias_1830,colonias,1830,ALAMOS DE SAN LORENZO,,false,false,,
colonias_1831,colonias,1831,PANAMERICANO,,false,false,,
colonias_1832,colonias,1832,EMILIANO ZAPATA,,false,false,,
colonias_1838,colonias,1838,ECO 2000 (ETAPA VI),,false,false,,
colonias_1839,colonias,1839,PARQUE INDUSTRIAL INTERMEX,,false,false,,
colonias_1846,colonias,1846,HACIENDA DEL SOL,,false,false,,
colonias_1847,colonias,1847,VALLE DEL SOL,,false,false,,
colonias_1848,colonias,1848,JARDINES DE SAN PABLO,,false,false,,
colonias_1849,colonias,1849,RINCONADA DE LAS FLORES,,false,false,,
colonias_1853,colonias,1853,JARDINES DE ARAGON,,false,false,,
colonias_1854,colonias,1854,VEREDAS DEL SOL,,false,false,,
colonias_1855,colonias,1855,VERSALLES,,false,false,,
colonias_1856,colonias,1856,LOS ROMERALES,,false,false,,
colonias_1857,colonias,1857,RINCONES DEL BRAVO,,false,false,,
colonias_1858,colonias,1858,FRONTERA,,false,false,,
colonias_1859,colonias,1859,PORTALES DE ABADIA,,false,false,,
colonias_1864,colonias,1864,SUTERM,,false,false,,
colonias_1865,colonias,1865,SIN COLONIA,,false,false,,
colonias_1880,colonias,1880,RINCON DEL VALLE,,false,false,,
colonias_1881,colonias,1881,ROMA PONIENTE,,false,false,,
colonias_1882,colonias,1882,JARDINES DE SAN CARLOS,,false,false,,
colonias_1883,colonias,1883,TERRANOVA,,false,false,,
colonias_1884,colonias,1884,RINCONES DE SALVARCAR II,,false,false,,
colonias_1885,colonias,1885,HACIENDA DE LAS TORRES UNIVERSIDAD,,false,false,,
colonias_1886,colonias,1886,PASEO DE LOS NOGALES,,false,false,,
colonias_1887,colonias,1887,CENTRO INDUSTRIAL JUAREZ  10,,false,false,,
colonias_1892,colonias,1892,TRES TORRES,,false,false,,
colonias_1893,colonias,1893,LAS ALDABAS,,false,false,,
colonias_1894,colonias,1894,EJIDO SENECU,,false,false,,
colonias_1899,colonias,1899,ATENAS II,,false,false,,
colonias_1910,colonias,1910,VALLE DE LOS CANTAROS,,false,false,,
colonias_1911,colonias,1911,LAS ALMERAS,,false,false,,
colonias_1912,colonias,1912,CERRADA LOS OLIVOS,,false,false,,
colonias_1913,colonias,1913,CERRADA LA RIOJA,,false,false,,
colonias_1914,colonias,1914,CERRADA VIï¿½EDOS,,false,false,,
colonias_1915,colonias,1915,CERRADA ANDALUZ,,false,false,,
colonias_1916,colonias,1916,CALZADA DEL SOL,,false,false,,
colonias_1917,colonias,1917,PASEO DEL REAL,,false,false,,
colonias_1918,colonias,1918,RESIDENCIAL PASEO DEL PARQUE,,false,false,,
colonias_1919,colonias,1919,JESUS CARRANZA,,false,false,,
colonias_1920,colonias,1920,TRES JACALES,,false,false,,
colonias_1929,colonias,1929,RINCON DEL VALLE,,false,false,,
colonias_1930,colonias,1930,AMPL PAPALOTE,,false,false,,
colonias_1932,colonias,1932,SANTA ENGRACIA,,false,false,,
colonias_1933,colonias,1933,VILLAS SERENA,,false,false,,
colonias_1934,colonias,1934,TEOFILO BORUNDA,,false,false,,
colonias_1935,colonias,1935,ALMENDROS II,,false,false,,
colonias_1936,colonias,1936,CARDENALES,,false,false,,
colonias_1943,colonias,1943,RUISEï¿½OR,,false,false,,
colonias_1946,colonias,1946,RESIDENCIAL NOGALES,,false,false,,
colonias_1947,colonias,1947,PRIVADA CAPISTRANO,,false,false,,
colonias_1948,colonias,1948,FLORESTA DE SAN JOSE,,false,false,,
colonias_1949,colonias,1949,OBIEDO,,false,false,,
colonias_1951,colonias,1951,VILLAS DEL SUR I,,false,false,,
colonias_1952,colonias,1952,LOS NARANJOS VILLAS DEL SUR II,,false,false,,
colonias_1953,colonias,1953,CIPRES,,false,false,,
colonias_1954,colonias,1954,SAN ANTONIO SENECU,,false,false,,
colonias_1955,colonias,1955,LAS PALMAS SENECU,,false,false,,
colonias_1956,colonias,1956,LAS HACIENDAS,,false,false,,
colonias_1957,colonias,1957,CAï¿½AVERAL,,false,false,,
colonias_1960,colonias,1960,QUINTAS DEL BOSQUE,,false,false,,
colonias_1961,colonias,1961,RINCON DE LAS FLORES,,false,false,,
colonias_1962,colonias,1962,LA HERRADURA,,false,false,,
colonias_1963,colonias,1963,LA ROSITA,,false,false,,
colonias_1964,colonias,1964,BOSQUES DE SICOMOROS,,false,false,,
colonias_1965,colonias,1965,EJIDO SENECU,,false,false,,
colonias_1966,colonias,1966,LOS ANGELES,,false,false,,
colonias_1972,colonias,1972,RINCON DEL SOLAR,,false,false,,
colonias_1973,colonias,1973,MIRALOMA SECTOR FRANCES ETAPA I,,false,false,,
colonias_1974,colonias,1974,MIRALOMA SECTOR FRANCES ETAPA  II,,false,false,,
colonias_1975,colonias,1975,LAS LAJAS,,false,false,,
colonias_1976,colonias,1976,PRADERAS DEL SOL,,false,false,,
colonias_1988,colonias,1988,AMPLIACION PALO CHINO,,false,false,,
colonias_1989,colonias,1989,CONDOMINIOS AZTECA,,false,false,,
colonias_1991,colonias,1991,JUANA LUNA DE ARRIETA,,false,false,,
colonias_1992,colonias,1992,VILLAS DE SAN MARCOS,,false,false,,
colonias_1993,colonias,1993,PASEO DE SANTA MONICA,,false,false,,
colonias_1999,colonias,1999,CONDOMINIOS QUINTAS DEL CAMPESTRE,,false,false,,
colonias_2004,colonias,2004,COLONIAL DEL SUR  ( ETAPA II ),,false,false,,
colonias_2005,colonias,2005,VALLE DE ALLENDE,,false,false,,
colonias_2007,colonias,2007,PIE DE CASA EL GRANJERO,,false,false,,
colonias_2008,colonias,2008,INFONAVIT AEROPUERTO,,false,false,,
colonias_2015,colonias,2015,PROVINCIAL,,false,false,,
colonias_2016,colonias,2016,PUERTO DE ANAPRA,,false,false,,
colonias_2017,colonias,2017,PARQUE INDUSTRIAL JUAREZ,,false,false,,
colonias_2026,colonias,2026,COMPLEJO INTEGRAL AEROPUERTO,,false,false,,
colonias_2027,colonias,2027,JARDINES COLONIAL DEL SUR,,false,false,,
colonias_2040,colonias,2040,CAMPESTRE,,false,false,,
colonias_2053,colonias,2053,EL PALMAR,,false,false,,
colonias_2060,colonias,2060,CONDOMINIOS GARCIA,,false,false,,
colonias_2063,colonias,2063,LAS GLADIOLAS ETAPA I,,false,false,,
colonias_2066,colonias,2066,RINCONES DE SANTA FE,,false,false,,
colonias_2067,colonias,2067,EJIDO SALVARCAR,,false,false,,
colonias_2068,colonias,2068,SAN PEDRO DEL REAL,,false,false,,
colonias_2069,colonias,2069,BOSQUES DE SANTA FE,,false,false,,
colonias_2070,colonias,2070,LAS LUNAS,,false,false,,
colonias_2071,colonias,2071,CERRADA ABEDUL,,false,false,,
colonias_2072,colonias,2072,QUINTAS DEL REAL,,false,false,,
colonias_2077,colonias,2077,JARDINES DE SAN CARLOS II,,false,false,,
colonias_2226,colonias,2226,RINCON DEL SOLAR II,,false,false,,
colonias_2227,colonias,2227,ALBORADA,,false,false,,
colonias_2235,colonias,2235,EL GRANJERO,,false,false,,
colonias_2236,colonias,2236,URBIVILLA  QUINTA GRANADA,,false,false,,
colonias_2237,colonias,2237,EJIDO SENECU,,false,false,,
colonias_2238,colonias,2238,RESIDENCIAL TARRAGONA,,false,false,,
colonias_2239,colonias,2239,RESIDENCIAL COUNTRY SENECU,,false,false,,
colonias_2240,colonias,2240,EJIDO SENECU,,false,false,,
colonias_2241,colonias,2241,LA MURALLA,,false,false,,
colonias_2242,colonias,2242,"LA FLORIDA 1, 2, 3 , 4, 5, 6",,false,false,,
colonias_2243,colonias,2243,BONANZA,,false,false,,
colonias_2262,colonias,2262,RESIDENCIAL CAMPESTRE SENECU,,false,false,,
colonias_2263,colonias,2263,RINCONES DEL CAMPESTRE,,false,false,,
colonias_2264,colonias,2264,CERRADA DEL SOL II,,false,false,,
colonias_2265,colonias,2265,HACIENDA DE LOS NOGALES,,false,false,,
colonias_2266,colonias,2266,RESIDENCIAL HARMONI ETAPA 1,,false,false,,
colonias_2267,colonias,2267,GARDENO RESIDENCIAL,,false,false,,
colonias_2268,colonias,2268,RINCON DE LAS FLORES II,,false,false,,
colonias_2269,colonias,2269,PORTAL DE LOS OLIVOS,,false,false,,
colonias_2270,colonias,2270,SENECU,,false,false,,
colonias_2280,colonias,2280,MIRALOMA SECTOR ESPAï¿½OL,,false,false,,
colonias_2281,colonias,2281,EJIDO SENECU,,false,false,,
colonias_2282,colonias,2282,SENDAS RESIDENCIAL,,false,false,,
colonias_2283,colonias,2283,LA SARZANA ( CERRADA VOLTERRA ),,false,false,,
colonias_2284,colonias,2284,HACIENDA GIRALDA,,false,false,,
colonias_2285,colonias,2285,MONTECARLO,,false,false,,
colonias_2286,colonias,2286,REAL DE GUADALUPE,,false,false,,
colonias_2287,colonias,2287,SAN MIGUEL,,false,false,,
colonias_2288,colonias,2288,RINCON DEL RIO,,false,false,,
colonias_2309,colonias,2309,PUENTE DEL BRAVO,,false,false,,
colonias_2311,colonias,2311,CERRADA BASALTO,,false,false,,
colonias_2312,colonias,2312,CANTO DE CATANIA,,false,false,,
colonias_2313,colonias,2313,LA GRAN MANZANA (MANHATTAN LOFT  I  ),,false,false,,
colonias_2314,colonias,2314,LA GRAN MANZANA (MANHATTAN LOFT   II),,false,false,,
colonias_2315,colonias,2315,BANUS 360,,false,false,,
colonias_2316,colonias,2316,CERRADAS DEL VALLE I (CERRADA DEL HALCON),,false,false,,
colonias_2317,colonias,2317,VILLAS DEL LOBO,,false,false,,
colonias_2318,colonias,2318,SANTA CATALINA,,false,false,,
colonias_2319,colonias,2319,PUERTA DE HIERRO,,false,false,,
colonias_2320,colonias,2320,REAL CAMPESTRE,,false,false,,
colonias_2321,colonias,2321,CONDOMINIOS LAS NUECES,,false,false,,
colonias_2322,colonias,2322,RINCON DEL ORIENTE,,false,false,,
colonias_2323,colonias,2323,VILLAS DE LORETO,,false,false,,
colonias_2332,colonias,2332,QUINTAS DEL LAGO,,false,false,,
colonias_2333,colonias,2333,VILLAS PASO DEL NORTE (V DEL NORTE),,false,false,,
colonias_2334,colonias,2334,SANTA CECILIA,,false,false,,
colonias_2335,colonias,2335,PASO DEL NORTE,,false,false,,
colonias_2336,colonias,2336,PUESTA DEL SOL,,false,false,,
colonias_2337,colonias,2337,MAGISTERIAL,,false,false,,
colonias_2338,colonias,2338,MONTEMAYOR,,false,false,,
colonias_2339,colonias,2339,EL COLIBRI,,false,false,,
colonias_2340,colonias,2340,FRANCISCO ZARCO,,false,false,,
colonias_2342,colonias,2342,GALGODROMO RESIDENCIAL,,false,false,,
colonias_2343,colonias,2343,DEL MAESTRO,,false,false,,
colonias_2353,colonias,2353,LAS CUMBRES,,false,false,,
colonias_2359,colonias,2359,LA SARZANA ( CERRADA TRENTO ),,false,false,,
colonias_2360,colonias,2360,LA SARZANA ( CERRADA GENOVA ),,false,false,,
colonias_2361,colonias,2361,LA SARZANA ( CERRADA SIENA ),,false,false,,
colonias_2362,colonias,2362,LOMAS DEL TESORO,,false,false,,
colonias_2363,colonias,2363,RESERVA DEL VALLE,,false,false,,
colonias_2364,colonias,2364,HACIENDA LA CANTERA,,false,false,,
colonias_2365,colonias,2365,LA CUESTA 16,,false,false,,
colonias_2375,colonias,2375,LAS DUNAS,,false,false,,
colonias_2376,colonias,2376,ARBOLEDA SAN FERNANDO,,false,false,,
colonias_2377,colonias,2377,LOS TULIPANES,,false,false,,
colonias_2385,colonias,2385,SAN PATRICIO III,,false,false,,
colonias_2386,colonias,2386,SAN PATRICIO I,,false,false,,
colonias_2387,colonias,2387,SAN PATRICIO II,,false,false,,
colonias_2398,colonias,2398,LA CONQUISTA,,false,false,,
colonias_2421,colonias,2421,VILLAS DEL PARQUE,,false,false,,
colonias_2422,colonias,2422,BOCA DEL RIO,,false,false,,
colonias_2425,colonias,2425,AMPLIACION AEROPUERTO,,false,false,,
colonias_2433,colonias,2433,LA TOSCANA,,false,false,,
colonias_2437,colonias,2437,LAS GLADIOLAS ETAPA II,,false,false,,
colonias_2488,colonias,2488,TERRANOVA SUR,,false,false,,
colonias_2489,colonias,2489,VALLE DEL MARQUEZ,,false,false,,
colonias_2490,colonias,2490,EL MEZQUITAL,,false,false,,
colonias_2491,colonias,2491,SIN NOMBRE,,false,false,,
colonias_2492,colonias,2492,CERRADA DE LOS CIPRECES,,false,false,,
colonias_2510,colonias,2510,PRIVATA 3,,false,false,,
colonias_2511,colonias,2511,PRIVATA 1,,false,false,,
colonias_2514,colonias,2514,MISION DE SAN JOSE,,false,false,,
colonias_2529,colonias,2529,JARDINES DE ARAGON IV,,false,false,,
colonias_2542,colonias,2542,ISLA DEL ENCANTO,,false,false,,
colonias_2553,colonias,2553,EXELENCIA DEL CHARRO,,false,false,,
colonias_2554,colonias,2554,LOS CISNES,,false,false,,
colonias_2555,colonias,2555,LOS PARQUES,,false,false,,
colonias_2558,colonias,2558,EJIDO SALVARCAR,,false,false,,
colonias_2566,colonias,2566,JARDINES DE SAN PATRICIO,,false,false,,
colonias_2571,colonias,2571,LOS TEJADOS,,false,false,,
colonias_2573,colonias,2573,VERSALLES RESIDENCIAL,,false,false,,
colonias_2589,colonias,2589,RINCONES DEL CAMPANARIO (ALFA),,false,false,,
colonias_2590,colonias,2590,AUZA,,false,false,,
colonias_2591,colonias,2591,CONDOMINIO MONUMENTAL,,false,false,,
colonias_2598,colonias,2598,CERRADA DE ORIENTE I ETEPA I,,false,false,,
colonias_2599,colonias,2599,CERRADA DE ORIENTE I ETAPA 2,,false,false,,
colonias_2600,colonias,2600,CERRADA DE ORIENTE,,false,false,,
colonias_2601,colonias,2601,SIN NOMBRE,,false,false,,
colonias_2602,colonias,2602,HACIENDA DE LAS TORRES II,,false,false,,
colonias_2603,colonias,2603,SIN NOMBRE,,false,false,,
colonias_2604,colonias,2604,SIN NOMBRE,,false,false,,
colonias_2605,colonias,2605,VISTA DEL BRAVO I,,false,false,,
colonias_2606,colonias,2606,VISTA DEL BRAVO II,,false,false,,
colonias_2607,colonias,2607,PAULA,,false,false,,
colonias_2608,colonias,2608,COL NAVA,,false,false,,
colonias_2609,colonias,2609,VILLAS PRIMAVERA,,false,false,,
colonias_2619,colonias,2619,VILLAS DE LA ACEQUIA,,false,false,,
colonias_2632,colonias,2632,JARDINES DE SANTA CLARA  ETAPA 7,,false,false,,
colonias_2633,colonias,2633,RINCON DEL CIELO,,false,false,,
colonias_2636,colonias,2636,CERRADA VICENZA ( CANTO DE CALABRIA),,false,false,,
colonias_2637,colonias,2637,CERRADA CARDETO (CANTO DE CALABRIA),,false,false,,
colonias_2638,colonias,2638,CERRADA MESSINA (CANTO DE CALABRIA),,false,false,,
colonias_2639,colonias,2639,CERRADA COSENZA /CANTO DE CALABRIA,,false,false,,
colonias_2654,colonias,2654,RESIDENCIAL IXTAPA,,false,false,,
colonias_2660,colonias,2660,QUERETARO,,false,false,,
colonias_2661,colonias,2661,RESIDENCIAL LAUSANE,,false,false,,
colonias_2662,colonias,2662,VILLA JARDIN,,false,false,,
colonias_2664,colonias,2664,CERRADAS DEL SUR ETAPA I,,false,false,,
colonias_2665,colonias,2665,DISTRITO SOHO,,false,false,,
colonias_2671,colonias,2671,PROFESORA MARIA MARTINEZ,,false,false,,
colonias_2676,colonias,2676,SEï¿½ORIAL,,false,false,,
colonias_2677,colonias,2677,FRCC JARDINES DE SAN JOSE,,false,false,,
colonias_2678,colonias,2678,ARCINIEGA,,false,false,,
colonias_2679,colonias,2679,RINCON DE LA MEZA,,false,false,,
colonias_2685,colonias,2685,RESIDENCIAL KASTELO,,false,false,,
colonias_2695,colonias,2695,CANTO DE TOSCANA,,false,false,,
colonias_2696,colonias,2696,VILLA MANZANARES,,false,false,,
colonias_2697,colonias,2697,VILLAS SAN ANGEL,,false,false,,
colonias_2698,colonias,2698,RESIDENCIAL ASTURIAS,,false,false,,
colonias_2699,colonias,2699,VILLAS JACARANDAS,,false,false,,
colonias_2703,colonias,2703,RINCON DE LA ARBOLEDA,,false,false,,
colonias_2716,colonias,2716,MOENTECARLO,,false,false,,
colonias_2717,colonias,2717,PARTIDO SENECU,,false,false,,
colonias_2724,colonias,2724,ARECAS,,false,false,,
colonias_2728,colonias,2728,CERRADAS SAN PEDRO ETAPA 4,,false,false,,
colonias_2729,colonias,2729,CERRADAS SAN PEDRO ETAPA 2,,false,false,,
colonias_2730,colonias,2730,CERRADAS SAN PEDRO ETAPA 3,,false,false,,
colonias_2731,colonias,2731,VENEROS RESIDENCIAL,,false,false,,
colonias_2734,colonias,2734,CERRADA SAN PEDRO ETAPA 1,,false,false,,
colonias_2735,colonias,2735,CERRADAS SAN MATEO ETAPA 1,,false,false,,
colonias_2738,colonias,2738,CERRADA VIï¿½EDOS,,false,false,,
colonias_2739,colonias,2739,CERRADA LAURELES,,false,false,,
colonias_2741,colonias,2741,VILAGO,,false,false,,
colonias_2744,colonias,2744,ALTARIA 1 (RESIDENCIAL HARMONI ETAPA 2),,false,false,,
colonias_2746,colonias,2746,VALLE DIAMANTE,,false,false,,
colonias_2757,colonias,2757,MORETTO RESIDENCIAL,,false,false,,
colonias_2771,colonias,2771,CERRADAS SANTA ISABEL ETAPA 2,,false,false,,
colonias_2772,colonias,2772,CERRADAS SAN MATEO ETAPA 2,,false,false,,
colonias_2779,colonias,2779,TARSO,,false,false,,
colonias_2781,colonias,2781,ARECAS II LA ENRAMADA,,false,false,,
colonias_2782,colonias,2782,CERRADAS DEL SUR ETAPA II,,false,false,,
colonias_2791,colonias,2791,CERRADA BRESCIA,,false,false,,
colonias_2793,colonias,2793,NATURA RESIDENCIAL,,false,false,,
colonias_2796,colonias,2796,TURQUESA,,false,false,,
colonias_2798,colonias,2798,PASEOS DEL PEDREGAL,,false,false,,
colonias_2804,colonias,2804,PRIVATA RESIDENCIAL,,false,false,,
colonias_2817,colonias,2817,CERRADAS DEL SUR ETAPA III,,false,false,,
colonias_2818,colonias,2818,PORTALES DE SAN PEDRO ETAPA I,,false,false,,
colonias_2821,colonias,2821,SIN NOMBRE,,false,false,,
colonias_2827,colonias,2827,REGANTO RESIDENCIAL,,false,false,,
colonias_2828,colonias,2828,REGANTO RESIDENCIAL II,,false,false,,
colonias_2829,colonias,2829,REGANTO RESIDENCIAL I,,false,false,,
colonias_2830,colonias,2830,PUNTO CENTRAL,,false,false,,
colonias_2833,colonias,2833,CERRADAS DEL ALAMO ETAPA I,,false,false,,
colonias_2834,colonias,2834,CERRADAS DEL ALAMO ETAPA II,,false,false,,
colonias_2835,colonias,2835,PORTALES DE SAN PEDRO ETAPA II,,false,false,,
colonias_2836,colonias,2836,MIRADOR,,false,false,,
colonias_2837,colonias,2837,CANTO DE MURANO,,false,false,,
colonias_2840,colonias,2840,MANUEL J CLOUTHIER,,false,false,,
colonias_2841,colonias,2841,COMPLEXO CIELO,,false,false,,
colonias_2842,colonias,2842,SAMALAYUCA,,false,false,,
colonias_2843,colonias,2843,PARQUE INDUSTRIAL INTERMEX  3,,false,false,,
colonias_2844,colonias,2844,VILLA DEL SOLAR,,false,false,,
colonias_2845,colonias,2845,VILLAS DE ALCALA,,false,false,,
colonias_2846,colonias,2846,URBIVILLA DEL CEDRO ETAPA I,,false,false,,
colonias_2847,colonias,2847,REAL DEL DESIERTO,,false,false,,
colonias_2848,colonias,2848,PARAJE DE SAN JOSE,,false,false,,
colonias_2849,colonias,2849,JARDINES DE ROMA ETAPA I,,false,false,,
colonias_2850,colonias,2850,JARDINES DE ROMA ETAPA II,,false,false,,
colonias_2851,colonias,2851,JARDINES DE ROMA III,,false,false,,
colonias_2852,colonias,2852,JARDINES DE ROMA IV,,false,false,,
colonias_2853,colonias,2853,JARDINES DE SAN FRANCISCO,,false,false,,
colonias_2854,colonias,2854,SENDEROS DE ORIENTE,,false,false,,
colonias_2855,colonias,2855,VALLE FUNDADORES,,false,false,,
colonias_2856,colonias,2856,URBIVILLA DEL CAMPO,,false,false,,
colonias_2857,colonias,2857,MISIONES DE CREEL,,false,false,,
colonias_2858,colonias,2858,CERRADA DE ORIENTE II  ETAPA 2,,false,false,,
colonias_2859,colonias,2859,CERRADA DE ORIENTE I,,false,false,,
colonias_2860,colonias,2860,PEDREGAL DE SAN ISIDRO,,false,false,,
colonias_2861,colonias,2861,SIN NOMBRE,,false,false,,
colonias_2862,colonias,2862,SIN NOMBRE,,false,false,,
colonias_2863,colonias,2863,SIERRA VISTA,,false,false,,
colonias_2864,colonias,2864,SENDEROS DEL SOL,,false,false,,
colonias_2865,colonias,2865,SIN NOMBRE,,false,false,,
colonias_2866,colonias,2866,PARAJES DEL VALLE,,false,false,,
colonias_2867,colonias,2867,URBIVILLA DEL PRADO,,false,false,,
colonias_2870,colonias,2870,JARDINES DE SANTA CLARA ETAPA 9,,false,false,,
colonias_2872,colonias,2872,CERRADA DE ORIENTE II ETAPA 3,,false,false,,
colonias_2878,colonias,2878,ACUEDUCTO,,false,false,,
colonias_2880,colonias,2880,PRADOS DE SAN LORENZO,,false,false,,
colonias_2881,colonias,2881,MORETTO RESIDENCIAL II,,false,false,,
colonias_2882,colonias,2882,CERRADA GALENA,,false,false,,
colonias_2883,colonias,2883,RINCONES DE SATELITE,,false,false,,
colonias_2884,colonias,2884,CERRADAS SAN ANGEL ETAPA 1 Y 2,,false,false,,
colonias_2894,colonias,2894,JARDINES DE SAN FRANCISCO II,,false,false,,
colonias_2899,colonias,2899,ANDALUCIA,,false,false,,
colonias_2904,colonias,2904,MEDANOS,,false,false,,
colonias_2905,colonias,2905,MORELOS II,,false,false,,
colonias_2912,colonias,2912,RINCON DEL AMANECER,,false,false,,
colonias_2915,colonias,2915,SIN NOMBRE,,false,false,,
colonias_2916,colonias,2916,VISTA DEL PRADO,,false,false,,
colonias_2917,colonias,2917,CERRADA AMATISTA,,false,false,,
colonias_2919,colonias,2919,RINCON DEL SUR,,false,false,,
colonias_2923,colonias,2923,SIN NOMBRE,,false,false,,
colonias_2924,colonias,2924,VALLES DE ZARAGOZA,,false,false,,
colonias_2926,colonias,2926,VIESCA RESIDENCIAL,,false,false,,
colonias_2928,colonias,2928,VILLAS DE SALVACAR,,false,false,,
colonias_2929,colonias,2929,VERSALLES RESIDENCIAL,,false,false,,
colonias_2933,colonias,2933,CERRADAS SANTA ISABEL ETAPA 1,,false,false,,
colonias_2938,colonias,2938,PORTO RESIDENCIAL,,false,false,,
colonias_2943,colonias,2943,NUEVA GALICIA RESIDENCIAL,,false,false,,
colonias_2944,colonias,2944,NOBLEZA RESIDENCIAL,,false,false,,
colonias_2949,colonias,2949,ABITALIA RESIDENCIAL (ETAPA 1),,false,false,,
colonias_2950,colonias,2950,JARDINES DE SAN CARLOS  ETAPA 10,,false,false,,
colonias_2951,colonias,2951,RINCON DE SAN JOSE,,false,false,,
colonias_2952,colonias,2952,JARDINES DE SANTA CLARA ETAPA 10,,false,false,,
colonias_2956,colonias,2956,SIERRA VISTA SUR,,false,false,,
colonias_2957,colonias,2957,ALEJANDRIA RESIDENCIAL,,false,false,,
colonias_2958,colonias,2958,NUEVA VISCAYA RESIDENCIAL,,false,false,,
colonias_2966,colonias,2966,SOL PONIENTE,,false,false,,
colonias_2970,colonias,2970,SUITE LAS FLORES,,false,false,,
colonias_2976,colonias,2976,VERANDA RESIDENCIAL,,false,false,,
colonias_2977,colonias,2977,PORTENTO RESIDENCIAL,,false,false,,
colonias_2979,colonias,2979,SICOMOROS,,false,false,,
colonias_2980,colonias,2980,NOVEL RESIDENCIAL,,false,false,,
colonias_2996,colonias,2996,REFORMA,,false,false,,
colonias_2997,colonias,2997,CANTO DE VERONA II,,false,false,,
colonias_2998,colonias,2998,RINCONES DE CARTAGENA,,false,false,,
colonias_2999,colonias,2999,AUREA RESIDENCIAL,,false,false,,
colonias_3001,colonias,3001,CANTO DE VERONA I,,false,false,,
colonias_3004,colonias,3004,RINCONADAS DEL VALLE I,,false,false,,
colonias_3005,colonias,3005,EJIDO SENECU,,false,false,,
colonias_3006,colonias,3006,ALTARIA 4 (RESIDENCIAL HARMONI ETAPA 5),,false,false,,
colonias_3007,colonias,3007,RESIDENCIAL MONARCA,,false,false,,
colonias_3009,colonias,3009,ALTARIA 6 (RESIDENCIAL HARMONI ETAPA 7),,false,false,,
colonias_3010,colonias,3010,MISION DE LOS LAGOS,,false,false,,
colonias_3011,colonias,3011,CHE GUEVARA,,false,false,,
colonias_3012,colonias,3012,JARDINES DE SAN CARLOS II,,false,false,,
colonias_3017,colonias,3017,RESIDENCIAL DEL VALLE,,false,false,,
colonias_3022,colonias,3022,CERRADA JADE,,false,false,,
colonias_3023,colonias,3023,CANTO DE PALERMO I,,false,false,,
colonias_3024,colonias,3024,CANTO DE FLORENCIA,,false,false,,
colonias_3025,colonias,3025,ACENTO RESIDENCIAL,,false,false,,
colonias_3026,colonias,3026,ABITALIA RESIDENCIAL (ETAPA 2),,false,false,,
colonias_3027,colonias,3027,ABITALIA RESIDENCIAL (ETAPA 4),,false,false,,
colonias_3028,colonias,3028,ABITALIA RESIDENCIAL (ETAPA 3),,false,false,,
colonias_3029,colonias,3029,VILLAS DEL BRAVO,,false,false,,
colonias_3030,colonias,3030,NUEVA VIZCAYA  ETAPA I,,false,false,,
colonias_3031,colonias,3031,NUEVA VIZCAYA ETAPA II,,false,false,,
colonias_3050,colonias,3050,BRIO RESIDENCIAL,,false,false,,
colonias_3053,colonias,3053,BARCENA RESIDENCIAL,,false,false,,
colonias_3075,colonias,3075,CERRADAS SAN ANGEL ETAPA 3,,false,false,,
colonias_3076,colonias,3076,CERRADA FLORENCIA,,false,false,,
colonias_3077,colonias,3077,PRIVADAS FLORENCIA,,false,false,,
colonias_3078,colonias,3078,JARDINES DE SAN PATRICIO 4,,false,false,,
colonias_3079,colonias,3079,PRIVADA ESCUDERO,,false,false,,
colonias_3080,colonias,3080,RESERVA SUR,,false,false,,
colonias_3086,colonias,3086,ALTARIA 5 (RESIDENCIAL HARMONI ETAPA 6),,false,false,,
colonias_3087,colonias,3087,FIORI RESIDENCIAL,,false,false,,
colonias_3091,colonias,3091,GRAN RESERVA,,false,false,,
colonias_3092,colonias,3092,RESERVA ORIENTE,,false,false,,
colonias_3093,colonias,3093,RESERVA PONIENTE,,false,false,,
colonias_3094,colonias,3094,ARIA RESIDENCIAL,,false,false,,
colonias_3097,colonias,3097,CERRADA AMBAR,,false,false,,
colonias_3099,colonias,3099,BELISA RESIDENCIAL ETAPA 2,,false,false,,
colonias_3104,colonias,3104,TOLEDO RESIDENCIAL,,false,false,,
colonias_3105,colonias,3105,NOVENTO RESIDENCIAL,,false,false,,
colonias_3106,colonias,3106,VIENNA RESIDENCIAL,,false,false,,
colonias_3107,colonias,3107,TERRA LUNA I,,false,false,,
colonias_3108,colonias,3108,TERRA LUNA II,,false,false,,
colonias_3115,colonias,3115,LAS VIï¿½AS RESIDENCIAL,,false,false,,
colonias_3123,colonias,3123,TOSSA RESIDENCIAL,,false,false,,
colonias_3124,colonias,3124,VILLAS ANITA,,false,false,,
colonias_3146,colonias,3146,SENDAS DEL REAL,,false,false,,
colonias_3147,colonias,3147,CIENEGA RESIDENCIAL,,false,false,,
colonias_3148,colonias,3148,LA GAVIA RESIDENCIAL ETAPA I,,false,false,,
colonias_3149,colonias,3149,LA GAVIA RESIDENCIAL ETAPA II,,false,false,,
colonias_3150,colonias,3150,BELISA RESIDENCIAL ETAPA 1,,false,false,,
colonias_3151,colonias,3151,BELISA RESIDENCIAL ETAPA 4 Y 5,,false,false,,
colonias_3152,colonias,3152,GUANAJUATO,,false,false,,
colonias_3153,colonias,3153,JARUDO,,false,false,,
colonias_3154,colonias,3154,CERRADAS DEL VALLE II,,false,false,,
colonias_3157,colonias,3157,LA ENRAMADA CONDOMINIO C2,,false,false,,
colonias_3158,colonias,3158,LA ENRAMADA CONDOMINIO C1,,false,false,,
colonias_3161,colonias,3161,PRAGA RESIDENCIAL (CENT),,false,false,,
colonias_3162,colonias,3162,ARZOS,,false,false,,
colonias_3170,colonias,3170,QUINTAS DE LA RIVERA,,false,false,,
colonias_3176,colonias,3176,TRES CANTOS (CERRADA ONIX),,false,false,,
colonias_3177,colonias,3177,ORVIETO RESIDENCIAL ETAPA 1,,false,false,,
colonias_3178,colonias,3178,ORVIETO RESIDENCIAL ETAPA 2,,false,false,,
colonias_3179,colonias,3179,LA ZARZUELA  RESIDENCIAL,,false,false,,
colonias_3180,colonias,3180,CANTARES RESIDENCIAL,,false,false,,
colonias_3181,colonias,3181,SECTOR ESPAï¿½OL (PRIVADA DE ARAGON),,false,false,,
colonias_3182,colonias,3182,RESIDENCIAL ESPAï¿½OL (PRIVADA VALLADOLID),,false,false,,
colonias_3183,colonias,3183,ANTARAS RESIDENCIAL (PRIVADA DE VALENCIA),,false,false,,
colonias_3184,colonias,3184,PRIVADA CASTILLA,,false,false,,
colonias_3185,colonias,3185,SECTOR ESPAï¿½OL (PRIVADA DE GALICIA),,false,false,,
colonias_3186,colonias,3186,PRIVADA MIRALOMA SECTOR ESPAï¿½OL (PRIVADA DE ANDALUCIA),,false,false,,
colonias_3187,colonias,3187,CERRADA TOPACIO ETAPA I,,false,false,,
colonias_3224,colonias,3224,SIN NOMBRE,,false,false,,
colonias_3225,colonias,3225,GRANJAS DE CHAPULTEPEC,,false,false,,
colonias_3226,colonias,3226,SANTA MARIA,,false,false,,
colonias_3227,colonias,3227,LADRILLEROS Y CALEROS,,false,false,,
colonias_3228,colonias,3228,PRIMERO DE SEPTIEMBRE,,false,false,,
colonias_3229,colonias,3229,LOMAS DE MORELOS,,false,false,,
colonias_3230,colonias,3230,PANFILO NATERA,,false,false,,
colonias_3231,colonias,3231,MORELOS,,false,false,,
colonias_3232,colonias,3232,VILLA ESPERANZA NORTE,,false,false,,
colonias_3233,colonias,3233,VILLA ESPERANZA SUR,,false,false,,
colonias_3234,colonias,3234,GRANJAS POLO GAMBOA,,false,false,,
colonias_3235,colonias,3235,KILOMETRO 29 NORTE (GOBERNADORES),,false,false,,
colonias_3236,colonias,3236,KILOMETRO 29 SUR (GOBERNADORES),,false,false,,
colonias_3237,colonias,3237,GRANJAS UNIDAS,,false,false,,
colonias_3238,colonias,3238,VILLA MONARCA,,false,false,,
colonias_3239,colonias,3239,SIN COLONIA,,false,false,,
colonias_3240,colonias,3240,SIN COLONIA,,false,false,,
colonias_3241,colonias,3241,REVOLUCION MEXICANA,,false,false,,
colonias_3242,colonias,3242,VALLE DORADO,,false,false,,
colonias_3243,colonias,3243,VISTA  LOS OJITOS,,false,false,,
colonias_3244,colonias,3244,"PLAZUELA DE ACUï¿½A (MILENIO 2000, EL PROGRESO)",,false,false,,
colonias_3245,colonias,3245,GRANJAS SAN RAFAEL (KM 33 1/2),,false,false,,
colonias_3246,colonias,3246,TARAHUMARA (KM 33),,false,false,,
colonias_3247,colonias,3247,GRANJAS EL DESIERTO,,false,false,,
colonias_3248,colonias,3248,CIUDAD MODERNA,,false,false,,
colonias_3249,colonias,3249,VISTA LOS OJITOS (PIE DE CASA),,false,false,,
colonias_3250,colonias,3250,GRANJAS CENTAURO,,false,false,,
colonias_3251,colonias,3251,SIN COLONIA,,false,false,,
colonias_3252,colonias,3252,SIN NOMBRE,,false,false,,
colonias_3253,colonias,3253,SIN NOMBRE,,false,false,,
colonias_3254,colonias,3254,SIN COLONIA,,false,false,,
colonias_3329,colonias,3329,BELISA RESIDENCIAL ETAPA 7,,false,false,,
colonias_3330,colonias,3330,PASEO DE LA LILAS,,false,false,,
colonias_3331,colonias,3331,VILLA ESPERANZA,,false,false,,
colonias_3332,colonias,3332,PASEO ARBOLEDA RESIDENCIAL,,false,false,,
colonias_3333,colonias,3333,EL DORADO,,false,false,,
colonias_3334,colonias,3334,ARCANA RESIDENCIAL,,false,false,,
colonias_3335,colonias,3335,QUINTAS DEL SOLAR,,false,false,,
colonias_3336,colonias,3336,PORTENTO (CERRADA MILETO),,false,false,,
colonias_3337,colonias,3337,SIN NOMBRE,,false,false,,
colonias_3338,colonias,3338,PUERTA DE HIERRO II,,false,false,,
colonias_3340,colonias,3340,PUERTA REAL,,false,false,,
colonias_3341,colonias,3341,DALIA RESIDENCIAL,,false,false,,
colonias_3346,colonias,3346,RINCON DEL SOL,,false,false,,
colonias_3352,colonias,3352,BALANCA,,false,false,,
colonias_3354,colonias,3354,CRETA RESIDENCIAL,,false,false,,
colonias_3357,colonias,3357,SECTOR ESPAï¿½OL (PRIVADA DE CATALUï¿½A),,false,false,,
colonias_3360,colonias,3360,MORIN,,false,false,,
colonias_3361,colonias,3361,AMPL JUANITA LUNA,,false,false,,
colonias_3362,colonias,3362,ANKARA RESIDENCIAL,,false,false,,
colonias_3363,colonias,3363,ARBOREAL NORTE,,false,false,,
colonias_3364,colonias,3364,ARBOREAL SUR,,false,false,,
colonias_3365,colonias,3365,BELISA RESIDENCIAL ETAPA 3,,false,false,,
colonias_3366,colonias,3366,BELISA RESIDENCIAL ETAPA 6,,false,false,,
colonias_3367,colonias,3367,CERRADAS DEL VALLE IV,,false,false,,
colonias_3368,colonias,3368,WATERFILL,,false,false,,
colonias_3369,colonias,3369,PRIVATA 2,,false,false,,
colonias_3370,colonias,3370,PRIVATA 4,,false,false,,
colonias_3371,colonias,3371,ALTARIA 2 (RESIDENCIAL HARMONI ETAPA 3),,false,false,,
colonias_3373,colonias,3373,ALTARIA 7 (RESIDENCIAL HARMONI ETAPA 8),,false,false,,
colonias_3374,colonias,3374,PAPALOTE,,false,false,,
colonias_3375,colonias,3375,AGUILAS DE ZARAGOZA ETAPA 1,,false,false,,
colonias_3376,colonias,3376,PRADERA DEL ORIENTE,,false,false,,
colonias_3377,colonias,3377,ARENALES,,false,false,,
colonias_3378,colonias,3378,TIERRA NUEVA,,false,false,,
colonias_3379,colonias,3379,ZARAGOCITA,,false,false,,
colonias_3380,colonias,3380,AGUILAS DE ZARAGOZA ETAPA 2,,false,false,,
colonias_3381,colonias,3381,SAN ISIDRO,,false,false,,
colonias_3382,colonias,3382,RIVERAS DEL BRAVO,,false,false,,
colonias_3383,colonias,3383,VALLE DE AMERICA,,false,false,,
colonias_3384,colonias,3384,FRANCISCO VILLARREAL,,false,false,,
colonias_3385,colonias,3385,PRADERAS DEL SAUZAL,,false,false,,
colonias_3386,colonias,3386,RIVERAS DEL BRAVO ETAPA VII,,false,false,,
colonias_3387,colonias,3387,RIVERAS DEL BRAVO ETAPA VIII,,false,false,,
colonias_3388,colonias,3388,RIBERAS DEL BRAVO ETAPA IX,,false,false,,
colonias_3389,colonias,3389,PORTAL DEL VALLE,,false,false,,
colonias_3390,colonias,3390,LOMAS DEL VALLE,,false,false,,
colonias_3391,colonias,3391,ORIENTE XXI ROMA,,false,false,,
colonias_3392,colonias,3392,URBIVILLA DEL CEDRO ETAPA IV,,false,false,,
colonias_3393,colonias,3393,URBIVILLA DEL CEDRO ETAPA II,,false,false,,
colonias_3394,colonias,3394,VALLE DE ORIENTE,,false,false,,
colonias_3395,colonias,3395,RIVERAS DEL VALLE ETAPA II,,false,false,,
colonias_3396,colonias,3396,AMPLIACION LOMA BLANCA,,false,false,,
colonias_3397,colonias,3397,SIN COLONIA,,false,false,,
colonias_3398,colonias,3398,LOMA BLANCA,,false,false,,
colonias_3399,colonias,3399,EL SAUZAL,,false,false,,
colonias_3400,colonias,3400,CARLOS CHAVIRA,,false,false,,
colonias_3401,colonias,3401,PARAJE DE ORIENTE,,false,false,,
colonias_3402,colonias,3402,VISTAS DE ZARAGOZA,,false,false,,
colonias_3403,colonias,3403,PARAJE DE SAN JUAN,,false,false,,
colonias_3404,colonias,3404,PARAJE DE SAN ISIDRO,,false,false,,
colonias_3405,colonias,3405,SENDEROS DE SAN ISIDRO,,false,false,,
colonias_3406,colonias,3406,PORTAL DEL ROBLE,,false,false,,
colonias_3407,colonias,3407,HACIENDA SANTA FE,,false,false,,
colonias_3408,colonias,3408,LOMAS DEL DESIERTO,,false,false,,
colonias_3409,colonias,3409,PUERTO CASTILLA,,false,false,,
colonias_3410,colonias,3410,URBIVILLA DEL CEDRO II ETAPA VII,,false,false,,
colonias_3411,colonias,3411,CERRADA DEL PARQUE,,false,false,,
colonias_3412,colonias,3412,URBIVILLA BONITA,,false,false,,
colonias_3413,colonias,3413,CERRADA DEL PARQUE I,,false,false,,
colonias_3414,colonias,3414,CERRADA DEL PARQUE III,,false,false,,
colonias_3415,colonias,3415,CERRADA DEL PARQUE II,,false,false,,
colonias_3416,colonias,3416,CERRADA DEL PARQUE IV,,false,false,,
colonias_3417,colonias,3417,CERRADA DEL PARQUE V,,false,false,,
colonias_3418,colonias,3418,PARQUE EL MIRADOR,,false,false,,
colonias_3419,colonias,3419,CERRADA DEL PARQUE VIII,,false,false,,
colonias_3420,colonias,3420,CERRADA DEL PARQUE II,,false,false,,
colonias_3421,colonias,3421,CERRADA DEL PARQUE VII,,false,false,,
colonias_3422,colonias,3422,JOSE SULAIMAN,,false,false,,
colonias_3423,colonias,3423,SIN NOMBRE,,false,false,,
colonias_3426,colonias,3426,LUIS REY,,false,false,,
colonias_3427,colonias,3427,JARDINES DE SAN PATRICIO V,,false,false,,
colonias_3428,colonias,3428,EJIDO SALVARCAR JUAREZ (PARTIDO SENECU),,false,false,,
colonias_3429,colonias,3429,PALERMO RESIDENCIAL,,false,false,,
colonias_3450,colonias,3450,ARENAS I,,false,false,,
colonias_3451,colonias,3451,LAS ROSAS,,false,false,,
colonias_3452,colonias,3452,REAL ACEQUIAS,,false,false,,
colonias_3453,colonias,3453,CALZADA,,false,false,,
colonias_3454,colonias,3454,EL CHAMIZAL,,false,false,,
colonias_3455,colonias,3455,ENRRAMADA DEL BOSQUE,,false,false,,
colonias_3457,colonias,3457,BOSQUES DE MAPLE,,false,false,,
colonias_3458,colonias,3458,LA ENRAMADA CONDOMINIO C3,,false,false,,
colonias_3463,colonias,3463,OMEGA,,false,false,,
colonias_3464,colonias,3464,URANGA UNZUETA,,false,false,,
colonias_3465,colonias,3465,RICARDO MONTOYA,,false,false,,
colonias_3466,colonias,3466,UNIVERSIDAD,,false,false,,
colonias_3467,colonias,3467,KALI RESIDENCIAL,,false,false,,
colonias_3468,colonias,3468,EJIDO SALVARCAR,,false,false,,
colonias_3469,colonias,3469,CERRO SANTO,,false,false,,
colonias_3470,colonias,3470,RESIDENCIAL DEL VALLE II,,false,false,,
colonias_3471,colonias,3471,CERRADAS DEL VALLE I (CERRADA DEL AGUILA REAL),,false,false,,
colonias_3472,colonias,3472,CERRADAS DEL VALLE I (CERRADA DEL GAVILAN),,false,false,,
colonias_3473,colonias,3473,CERRADAS DEL VALLE I (CERRADA DEL PAVO REAL),,false,false,,
colonias_3474,colonias,3474,CERRADAS DEL VALLE II (CERRADA DEL AGUILA IMPERIAL),,false,false,,
colonias_3477,colonias,3477,EJIDO SENECU,,false,false,,
colonias_3483,colonias,3483,ALTARIA 3(RESIDENCIAL HARMONI ETAPA 4),,false,false,,
colonias_720,colonias,720,ESPERANZA,,false,false,,
colonias_721,colonias,721,PRESIDENTES,,false,false,,
colonias_799,colonias,799,TIERRA Y LIBERTAD,,false,false,,
colonias_995,colonias,995,CENTRO,,false,false,,
colonias_1048,colonias,1048,SAN JOSE,,false,false,,
colonias_598,colonias,598,PRESIDENTES,,false,false,,
colonias_599,colonias,599,CENTRO,,false,false,,
colonias_870,colonias,870,SIN NOMBRE,,false,false,,
colonias_1109,colonias,1109,SANTA MARIA,,false,false,,
colonias_1110,colonias,1110,MOLINA ENRIQUEZ,,false,false,,
colonias_1111,colonias,1111,SANTA ANA DE ABAJO,,false,false,,
colonias_1112,colonias,1112,EL CAIRO,,false,false,,
colonias_1113,colonias,1113,EL PORVENIR,,false,false,,
colonias_1114,colonias,1114,SALAICES,,false,false,,
colonias_2701,colonias,2701,AMIGOS,,false,false,,
colonias_601,colonias,601,EL OSO,,false,false,,
colonias_602,colonias,602,VISTA HERMOSA,,false,false,,
colonias_603,colonias,603,EL ESTADIO,,false,false,,
colonias_604,colonias,604,CERRO DE LA CRUZ,,false,false,,
colonias_605,colonias,605,SAN JOSE,,false,false,,
colonias_606,colonias,606,CAMPESINA,,false,false,,
colonias_607,colonias,607,CENTRO,,false,false,,
colonias_608,colonias,608,OBRERA,,false,false,,
colonias_609,colonias,609,LOPEZ,,false,false,,
colonias_610,colonias,610,PACIFICO,,false,false,,
colonias_611,colonias,611,SANTUARIO,,false,false,,
colonias_612,colonias,612,LOS OASIS,,false,false,,
colonias_613,colonias,613,INTERNACIONAL,,false,false,,
colonias_614,colonias,614,BOSQUES DE CHIHUAHUA,,false,false,,
colonias_615,colonias,615,AMERICANO,,false,false,,
colonias_804,colonias,804,NICOLAS BRAVO,,false,false,,
colonias_806,colonias,806,LAS VARAS,,false,false,,
colonias_991,colonias,991,SIN NOMBRE,,false,false,,
colonias_1005,colonias,1005,MESA DEL HURACAN,,false,false,,
colonias_1006,colonias,1006,CHIHUAHUITA,,false,false,,
colonias_1305,colonias,1305,EL ALAMILLO,,false,false,,
colonias_1306,colonias,1306,PRESON DE TORO,,false,false,,
colonias_1307,colonias,1307,LA NORTEï¿½A,,false,false,,
colonias_1308,colonias,1308,CHUHUICHUPA,,false,false,,
colonias_1309,colonias,1309,Aï¿½O DE HIDALGO,,false,false,,
colonias_1533,colonias,1533,NUEVO MADERA,,false,false,,
colonias_1534,colonias,1534,NAHUERACHI,,false,false,,
colonias_1535,colonias,1535,EJIDO TRES OJITOS,,false,false,,
colonias_1536,colonias,1536,NUEVO PRESON DE GOLONDRINAS,,false,false,,
colonias_1537,colonias,1537,GUADALUPE VICTORIA,,false,false,,
colonias_1634,colonias,1634,EL LARGO,,false,false,,
colonias_1815,colonias,1815,LAS QUINIENTAS,,false,false,,
colonias_1878,colonias,1878,PRESA DE GOLONDRINAS,,false,false,,
colonias_2329,colonias,2329,SOCORRO RIVERA,,false,false,,
colonias_2408,colonias,2408,NOROESTE,,false,false,,
colonias_565,colonias,565,CENTRO,,false,false,,
colonias_873,colonias,873,CENTRO,,false,false,,
colonias_2625,colonias,2625,PETRONILO ESTRADA,,false,false,,
colonias_1541,colonias,1541,TEJOLOCACHI,,false,false,,
colonias_1543,colonias,1543,BUENAVISTA,,false,false,,
colonias_1757,colonias,1757,LAS HUERTAS,,false,false,,
colonias_1758,colonias,1758,MATACHI,,false,false,,
colonias_1124,colonias,1124,SANTA ROSALIA,,false,false,,
colonias_1125,colonias,1125,VALSEQUILLO,,false,false,,
colonias_1126,colonias,1126,CIENEGA DE CENICEROS DE ABAJO,,false,false,,
colonias_1127,colonias,1127,CIENEGA DE CENICEROS DE ARRIBA,,false,false,,
colonias_1128,colonias,1128,EL VERANO,,false,false,,
colonias_1130,colonias,1130,INDEPENDENCIA Y REFORMA (LOS CHARCOS),,false,false,,
colonias_1844,colonias,1844,SIN NOMBRE,,false,false,,
colonias_2244,colonias,2244,CENTRO,,false,false,,
colonias_2245,colonias,2245,AEROPUERTO,,false,false,,
colonias_2246,colonias,2246,LAS RANAS,,false,false,,
colonias_2247,colonias,2247,HEROES DE LA REVOLUCION,,false,false,,
colonias_2248,colonias,2248,MAGISTERIAL,,false,false,,
colonias_2249,colonias,2249,BELLAVISTA,,false,false,,
colonias_2250,colonias,2250,OBRERA,,false,false,,
colonias_690,colonias,690,DEPORTIVA,,false,false,,
colonias_691,colonias,691,SAN FELIPE,,false,false,,
colonias_692,colonias,692,AMPL SAN FELIPE,,false,false,,
colonias_693,colonias,693,SAN FRANCISCO,,false,false,,
colonias_694,colonias,694,BARRIO NUEVO,,false,false,,
colonias_695,colonias,695,PEDREGAL,,false,false,,
colonias_696,colonias,696,MARIA DE LOS ANGELES,,false,false,,
colonias_697,colonias,697,DEL BOSQUE,,false,false,,
colonias_698,colonias,698,SAN JOSE,,false,false,,
colonias_699,colonias,699,MEOQUI RESIDENCIAL,,false,false,,
colonias_700,colonias,700,JARDINES DEL SANTUARIO,,false,false,,
colonias_701,colonias,701,VILLAS SAN PEDRO,,false,false,,
colonias_702,colonias,702,CTM (CONSUELO),,false,false,,
colonias_703,colonias,703,LOS NOGALES,,false,false,,
colonias_704,colonias,704,JUAN PABLO,,false,false,,
colonias_705,colonias,705,GENARO VAZQUEZ,,false,false,,
colonias_706,colonias,706,LOS ALUXES,,false,false,,
colonias_707,colonias,707,1o DE MAYO,,false,false,,
colonias_708,colonias,708,AMPL SAN ANTONIO,,false,false,,
colonias_709,colonias,709,MAGISTERIAL,,false,false,,
colonias_710,colonias,710,SAN ANTONIO,,false,false,,
colonias_711,colonias,711,UNIDAD,,false,false,,
colonias_712,colonias,712,VILLEZCAS,,false,false,,
colonias_713,colonias,713,CARMEN (CTM),,false,false,,
colonias_714,colonias,714,FRANCISCO VILLA,,false,false,,
colonias_715,colonias,715,OBRERA,,false,false,,
colonias_716,colonias,716,CENTRO,,false,false,,
colonias_717,colonias,717,SANTO NIï¿½O,,false,false,,
colonias_718,colonias,718,MEZA,,false,false,,
colonias_719,colonias,719,LAZARO CARDENAS,,false,false,,
colonias_755,colonias,755,FRANCISCO PORTILLO,,false,false,,
colonias_876,colonias,876,ESTACION CONSUELO CENTRO,,false,false,,
colonias_1049,colonias,1049,FELIPE ANGELES,,false,false,,
colonias_1050,colonias,1050,EMILIANO ZAPATA,,false,false,,
colonias_1160,colonias,1160,POTRERO DEL LLANO,,false,false,,
colonias_1175,colonias,1175,10 DE MAYO,,false,false,,
colonias_1176,colonias,1176,NUEVO SAN LUCAS,,false,false,,
colonias_1177,colonias,1177,LOS GARCIA,,false,false,,
colonias_1178,colonias,1178,EL MOLINO RINCONEï¿½O,,false,false,,
colonias_1179,colonias,1179,LOMAS DEL CONSUELO,,false,false,,
colonias_1180,colonias,1180,EL TORREON,,false,false,,
colonias_1181,colonias,1181,NUEVO LORETO,,false,false,,
colonias_1650,colonias,1650,GUADALUPE VICTORIA,,false,false,,
colonias_1651,colonias,1651,LORETO,,false,false,,
colonias_1652,colonias,1652,LAS PUENTES,,false,false,,
colonias_1653,colonias,1653,GRAN MORELOS,,false,false,,
colonias_2028,colonias,2028,RINCON DEL BOSQUE,,false,false,,
colonias_2029,colonias,2029,SAN FRANCISCO,,false,false,,
colonias_2030,colonias,2030,MISION SAN PABLO,,false,false,,
colonias_2302,colonias,2302,JARDINES DE SAN PABLO,,false,false,,
colonias_2496,colonias,2496,III SIGLO,,false,false,,
colonias_2528,colonias,2528,CAMINO REAL,,false,false,,
colonias_2563,colonias,2563,LOS SICOMOROS,,false,false,,
colonias_2630,colonias,2630,EL RINCON,,false,false,,
colonias_2948,colonias,2948,TIERRA Y LIBERTAD,,false,false,,
colonias_3002,colonias,3002,LOS AGAVES,,false,false,,
colonias_3003,colonias,3003,EL MIRADOR,,false,false,,
colonias_3008,colonias,3008,23 DE JULIO,,false,false,,
colonias_805,colonias,805,MORELOS,,false,false,,
colonias_564,colonias,564,CENTRO,,false,false,,
colonias_802,colonias,802,EL TERRERO,,false,false,,
colonias_803,colonias,803,OSCAR SOTO MAYNEZ,,false,false,,
colonias_1013,colonias,1013,LAS CRUCES,,false,false,,
colonias_1014,colonias,1014,LA HACIENDA,,false,false,,
colonias_1015,colonias,1015,CENTRO O PLAZA,,false,false,,
colonias_1016,colonias,1016,PUEBLO VIEJO,,false,false,,
colonias_1544,colonias,1544,GOMEZ Y GOMEZ,,false,false,,
colonias_1545,colonias,1545,ADOLFO RUIZ CORTINEZ,,false,false,,
colonias_1546,colonias,1546,EL CENTAURO,,false,false,,
colonias_1548,colonias,1548,RODRIGO M QUEVEDO,,false,false,,
colonias_1549,colonias,1549,INDEPENDENCIA,,false,false,,
colonias_1550,colonias,1550,GILBERTO FLORES M,,false,false,,
colonias_1552,colonias,1552,DIVISION DEL NORTE,,false,false,,
colonias_1554,colonias,1554,GUADALUPE VICTORIA,,false,false,,
colonias_1555,colonias,1555,EL PACIFICO,,false,false,,
colonias_1556,colonias,1556,ORIENTE,,false,false,,
colonias_1557,colonias,1557,CASAS COLORADAS,,false,false,,
colonias_1558,colonias,1558,CERRITOS DE ABAJO,,false,false,,
colonias_1559,colonias,1559,CERRITOS DE ENMEDIO,,false,false,,
colonias_1560,colonias,1560,LA GUAJOLOTA,,false,false,,
colonias_1561,colonias,1561,EL OSO,,false,false,,
colonias_1562,colonias,1562,ARROYO DE ENCINOS,,false,false,,
colonias_1563,colonias,1563,SANTA GERTRUDIS DE ABAJO,,false,false,,
colonias_1564,colonias,1564,SANTA GERTRUDIS DE ARRIBA,,false,false,,
colonias_1565,colonias,1565,PROGRESO,,false,false,,
colonias_1566,colonias,1566,SANTA CLARA,,false,false,,
colonias_1567,colonias,1567,SANTA CATALINA DE VILLELAS,,false,false,,
colonias_1568,colonias,1568,BENITO JUAREZ,,false,false,,
colonias_1569,colonias,1569,OJOS AZULES,,false,false,,
colonias_1570,colonias,1570,NUEVO NAMIQUIPA,,false,false,,
colonias_1649,colonias,1649,EL MOLINO,,false,false,,
colonias_938,colonias,938,CENTRO,,false,false,,
colonias_177,colonias,177,NUEVA DUBLAN,,false,false,,
colonias_188,colonias,188,COBRA,,false,false,,
colonias_190,colonias,190,BUROCRATA,,false,false,,
colonias_194,colonias,194,LAGUNAS,,false,false,,
colonias_209,colonias,209,MAGISTERIAL,,false,false,,
colonias_230,colonias,230,HEROES DE LA REFORMA,,false,false,,
colonias_498,colonias,498,ARBOLEDAS,,false,false,,
colonias_499,colonias,499,ENCINOS,,false,false,,
colonias_500,colonias,500,NUEVO TRIUNFO,,false,false,,
colonias_501,colonias,501,LUIS DONALDO COLOSIO,,false,false,,
colonias_503,colonias,503,VILLA HERMOSA,,false,false,,
colonias_504,colonias,504,JARAMILLO,,false,false,,
colonias_507,colonias,507,INDUSTRIAL,,false,false,,
colonias_510,colonias,510,LOS ARCOS,,false,false,,
colonias_513,colonias,513,LA NOGALERA,,false,false,,
colonias_514,colonias,514,PRIMERO DE MAYO,,false,false,,
colonias_516,colonias,516,SAN ISIDRO,,false,false,,
colonias_519,colonias,519,CENTRO,,false,false,,
colonias_990,colonias,990,SIN NOMBRE,,false,false,,
colonias_1001,colonias,1001,PRI,,false,false,,
colonias_1008,colonias,1008,LOS NOGALES,,false,false,,
colonias_1010,colonias,1010,JUAN JOSE SALAS,,false,false,,
colonias_1017,colonias,1017,BENITO JUAREZ,,false,false,,
colonias_1018,colonias,1018,TIERRA Y LIBERTAD,,false,false,,
colonias_1019,colonias,1019,JARDINES,,false,false,,
colonias_1020,colonias,1020,PAQUIME,,false,false,,
colonias_1021,colonias,1021,ALAMEDAS,,false,false,,
colonias_1022,colonias,1022,DUBLAN,,false,false,,
colonias_1023,colonias,1023,FRANCISCO VILLA,,false,false,,
colonias_1024,colonias,1024,ACCION POPULAR,,false,false,,
colonias_1025,colonias,1025,BENITO JUAREZ,,false,false,,
colonias_1026,colonias,1026,EMILIANO ZAPATA,,false,false,,
colonias_1054,colonias,1054,HACIENDAS DE SAN ISIDRO,,false,false,,
colonias_1055,colonias,1055,VISTA DEL SOL,,false,false,,
colonias_1231,colonias,1231,EJIDO HIDALGO,,false,false,,
colonias_1232,colonias,1232,SECCION HIDALGO,,false,false,,
colonias_1615,colonias,1615,FRANCISCO I MADERO,,false,false,,
colonias_1705,colonias,1705,JUAN JOSE SALAS,,false,false,,
colonias_1707,colonias,1707,JUAN JOSE SALAS,,false,false,,
colonias_1730,colonias,1730,LA VICTORIA,,false,false,,
colonias_1731,colonias,1731,COLINAS DEL SUR,,false,false,,
colonias_1732,colonias,1732,REAL DEL BOSQUE,,false,false,,
colonias_1850,colonias,1850,VILLAHERMOSA,,false,false,,
colonias_1851,colonias,1851,AEROPUERTO,,false,false,,
colonias_1852,colonias,1852,REGIDORES,,false,false,,
colonias_1958,colonias,1958,JUAN PABLO II,,false,false,,
colonias_1959,colonias,1959,CHE GUEVARA,,false,false,,
colonias_2006,colonias,2006,VILLAS DEL TECNOLOGICO,,false,false,,
colonias_2073,colonias,2073,MISIONES,,false,false,,
colonias_2412,colonias,2412,PRADERAS DEL ORIENTE,,false,false,,
colonias_2420,colonias,2420,HEROES DE LA REFORMA,,false,false,,
colonias_2424,colonias,2424,OBRERA,,false,false,,
colonias_2497,colonias,2497,JESUS GOMEZ,,false,false,,
colonias_2572,colonias,2572,CDP,,false,false,,
colonias_2597,colonias,2597,DIVISION DEL NORTE,,false,false,,
colonias_2748,colonias,2748,MIGUEL SIGALA,,false,false,,
colonias_2788,colonias,2788,CDP LOS NOGALES,,false,false,,
colonias_3117,colonias,3117,PUESTA DEL SOL,,false,false,,
colonias_3118,colonias,3118,BENEDICTO XV,,false,false,,
colonias_3163,colonias,3163,BUENA FE,,false,false,,
colonias_563,colonias,563,CENTRO,,false,false,,
colonias_1234,colonias,1234,CAJURICHI,,false,false,,
colonias_1235,colonias,1235,HUAJUMAR,,false,false,,
colonias_1236,colonias,1236,BASASEACHI,,false,false,,
colonias_750,colonias,750,CAï¿½ADA ANCHA,,false,false,,
colonias_751,colonias,751,PORFIRIO ORNELAS,,false,false,,
colonias_752,colonias,752,MAGISTERIAL,,false,false,,
colonias_753,colonias,753,LINDA VISTA,,false,false,,
colonias_754,colonias,754,DEPORTIVA,,false,false,,
colonias_792,colonias,792,LOMAS CTM,,false,false,,
colonias_793,colonias,793,2 DE OCTUBRE,,false,false,,
colonias_794,colonias,794,SAN JOSE,,false,false,,
colonias_795,colonias,795,CONSTITUCION,,false,false,,
colonias_796,colonias,796,EMILIANO ZAPATA,,false,false,,
colonias_858,colonias,858,HEROES NACIONALES,,false,false,,
colonias_859,colonias,859,MODERNA,,false,false,,
colonias_860,colonias,860,FOVISSSTE RIO BRAVO,,false,false,,
colonias_861,colonias,861,CENTRO,,false,false,,
colonias_997,colonias,997,FRONTERIZA,,false,false,,
colonias_1587,colonias,1587,PROGRESO,,false,false,,
colonias_1739,colonias,1739,2 DE OCTUBRE,,false,false,,
colonias_1740,colonias,1740,FRANCISCO VILLA,,false,false,,
colonias_1890,colonias,1890,VILLAS DEL PEGUIS,,false,false,,
colonias_2513,colonias,2513,LOMAS DEL CONCHOS,,false,false,,
colonias_2516,colonias,2516,ALGODONERO (MAGISTERIAL),,false,false,,
colonias_2620,colonias,2620,REFORMA,,false,false,,
colonias_2621,colonias,2621,INDUSTRIAL,,false,false,,
colonias_2622,colonias,2622,TECNOLOGICO,,false,false,,
colonias_2623,colonias,2623,LA ESTACION CH-P,,false,false,,
colonias_2624,colonias,2624,MANUEL BERNARDO AGUIRRE,,false,false,,
colonias_2626,colonias,2626,SOLES,,false,false,,
colonias_2627,colonias,2627,LA PISTA,,false,false,,
colonias_2628,colonias,2628,JUMANOS,,false,false,,
colonias_2629,colonias,2629,LAS LOMAS,,false,false,,
colonias_2666,colonias,2666,INDUSTRIAL,,false,false,,
colonias_925,colonias,925,CENTRO,,false,false,,
colonias_1284,colonias,1284,SAN JOSE DE PAREDES,,false,false,,
colonias_1286,colonias,1286,GUADALUPE VICTORIA,,false,false,,
colonias_1287,colonias,1287,FRANCISCO SARABIA,,false,false,,
colonias_1637,colonias,1637,ESPERANZA,,false,false,,
colonias_3038,colonias,3038,CENTRO,,false,false,,
colonias_3039,colonias,3039,EMILIANO ZAPATA,,false,false,,
colonias_3040,colonias,3040,PASEOS DE SAN IGNACIO,,false,false,,
colonias_573,colonias,573,CENTRO,,false,false,,
colonias_1196,colonias,1196,LA NUEVA PAZ,,false,false,,
colonias_1262,colonias,1262,SAINAPUCHI,,false,false,,
colonias_1263,colonias,1263,SANDOVAL,,false,false,,
colonias_1265,colonias,1265,LOS BELTRANES,,false,false,,
colonias_1269,colonias,1269,BARRIO LA ESTACION,,false,false,,
colonias_1270,colonias,1270,LA DESPEDIDA,,false,false,,
colonias_2564,colonias,2564,ARROYO FELIX DE ABAJO,,false,false,,
colonias_2940,colonias,2940,NORIA DE ALDANA,,false,false,,
colonias_688,colonias,688,TAPACOLMES,,false,false,,
colonias_689,colonias,689,1o DE MAYO,,false,false,,
colonias_878,colonias,878,CONGREGACION ORTIZ,,false,false,,
colonias_1155,colonias,1155,SALON DE ACTOS,,false,false,,
colonias_1157,colonias,1157,SANTA RITA DE CASIA,,false,false,,
colonias_1158,colonias,1158,BARRANCO BLANCO,,false,false,,
colonias_1182,colonias,1182,LOMA LINDA,,false,false,,
colonias_1183,colonias,1183,ORINDA,,false,false,,
colonias_1622,colonias,1622,EL MOLINO,,false,false,,
colonias_1623,colonias,1623,LA GARITA,,false,false,,
colonias_1624,colonias,1624,KILOMETRO 99,,false,false,,
colonias_1625,colonias,1625,EXHACIENDA DELICIAS,,false,false,,
colonias_1626,colonias,1626,PRI,,false,false,,
colonias_1627,colonias,1627,VICTOR ROSALES,,false,false,,
colonias_1628,colonias,1628,CENTRO,,false,false,,
colonias_1629,colonias,1629,ACCION NACIONAL,,false,false,,
colonias_2045,colonias,2045,BENITO JUAREZ,,false,false,,
colonias_2476,colonias,2476,JAVIER URRUTIA,,false,false,,
colonias_3116,colonias,3116,BENITO JUAREZ,,false,false,,
colonias_856,colonias,856,CENTRO,,false,false,,
colonias_1071,colonias,1071,JUAN MENDOZA,,false,false,,
colonias_1072,colonias,1072,RANCHERIA GUADALUPE,,false,false,,
colonias_1073,colonias,1073,LOS MORALES,,false,false,,
colonias_1074,colonias,1074,SAN JAVIER,,false,false,,
colonias_1075,colonias,1075,VALLE DE OLIVOS,,false,false,,
colonias_569,colonias,569,CENTRO,,false,false,,
colonias_1294,colonias,1294,GUADALUPE,,false,false,,
colonias_1295,colonias,1295,OJO DE AGUA,,false,false,,
colonias_1296,colonias,1296,SANTA ROSA MARIA,,false,false,,
colonias_1297,colonias,1297,SAUCERIA,,false,false,,
colonias_1298,colonias,1298,SAGUARICHI,,false,false,,
colonias_1299,colonias,1299,AVENDAï¿½OS,,false,false,,
colonias_1300,colonias,1300,ABAJO,,false,false,,
colonias_2042,colonias,2042,LA CLINICA,,false,false,,
colonias_2043,colonias,2043,LA PRESA,,false,false,,
colonias_2044,colonias,2044,LA CONASUPO,,false,false,,
colonias_2046,colonias,2046,SANTA ANA,,false,false,,
colonias_923,colonias,923,CENTRO,,false,false,,
colonias_928,colonias,928,BOQUILLA DE CONCHOS,,false,false,,
colonias_3448,colonias,3448,EL 28,,false,false,,
colonias_966,colonias,966,20 DE NOVIEMBRE,,false,false,,
colonias_967,colonias,967,CUADRILLAS VERDES,,false,false,,
colonias_968,colonias,968,5 DE MAYO,,false,false,,
colonias_969,colonias,969,12 DE OCTUBRE,,false,false,,
colonias_970,colonias,970,SANTA CRUZ,,false,false,,
colonias_971,colonias,971,CORDON DE INDE,,false,false,,
colonias_972,colonias,972,INDE,,false,false,,
colonias_973,colonias,973,GUILLERMO BACA,,false,false,,
colonias_974,colonias,974,MAGISTERIAL,,false,false,,
colonias_975,colonias,975,ZACATECAS,,false,false,,
colonias_976,colonias,976,SAN ANTONIO,,false,false,,
colonias_977,colonias,977,INDUSTRIAS,,false,false,,
colonias_978,colonias,978,15 DE MAYO,,false,false,,
colonias_979,colonias,979,EMILIANO ZAPATA,,false,false,,
colonias_980,colonias,980,CENTRO,,false,false,,
colonias_1079,colonias,1079,LA CASITA,,false,false,,
colonias_1080,colonias,1080,LA BOQUILLA,,false,false,,
colonias_1081,colonias,1081,SAN JOSE DE LOS BAYLON,,false,false,,
colonias_2440,colonias,2440,PASO DE MOLINA,,false,false,,
colonias_616,colonias,616,PRADO DE LOS ANGELES,,false,false,,
colonias_617,colonias,617,EL NOGAL,,false,false,,
colonias_618,colonias,618,FRANCISCO I MADERO,,false,false,,
colonias_619,colonias,619,CALIFORNIA,,false,false,,
colonias_621,colonias,621,SAN ANTONIO,,false,false,,
colonias_623,colonias,623,TECOLOTES,,false,false,,
colonias_624,colonias,624,INDUSTRIAL MINERA MEXICO,,false,false,,
colonias_625,colonias,625,FELIPE ANGELES,,false,false,,
colonias_626,colonias,626,MELCHOR OCAMPO,,false,false,,
colonias_629,colonias,629,MOCTEZUMA,,false,false,,
colonias_630,colonias,630,NIï¿½O ARTILLERO,,false,false,,
colonias_631,colonias,631,11 DE JULIO,,false,false,,
colonias_632,colonias,632,GUILLERMO PRIETO,,false,false,,
colonias_635,colonias,635,EL RANCHITO (SAN LORENZO),,false,false,,
colonias_639,colonias,639,JESUS GARCIA,,false,false,,
colonias_645,colonias,645,CENTRO,,false,false,,
colonias_1082,colonias,1082,CORRAL DE PIEDRA,,false,false,,
colonias_1083,colonias,1083,PUNTO ALEGRE,,false,false,,
colonias_1084,colonias,1084,CASA COLORADA,,false,false,,
colonias_1984,colonias,1984,GUADALUPE VICTORIA,,false,false,,
colonias_1985,colonias,1985,LEON GUZMAN,,false,false,,
colonias_1986,colonias,1986,LA DESCUBRIDORA,,false,false,,
colonias_1987,colonias,1987,EL VENTEO,,false,false,,
colonias_2065,colonias,2065,21 DE MARZO,,false,false,,
colonias_2438,colonias,2438,EL ZENZONTLE,,false,false,,
colonias_2441,colonias,2441,EMPALME AGUILERA,,false,false,,
colonias_2442,colonias,2442,SAN PEDRO,,false,false,,
colonias_2446,colonias,2446,EL ALAMITO (LOS TUBOS),,false,false,,
colonias_2447,colonias,2447,LAS CABRAS,,false,false,,
colonias_2963,colonias,2963,LAS FLORES,,false,false,,
colonias_574,colonias,574,CENTRO,,false,false,,
colonias_1282,colonias,1282,EJIDO EL TORREON,,false,false,,
colonias_1283,colonias,1283,MENDOCEï¿½O,,false,false,,
colonias_1285,colonias,1285,SAN ANTONIO DE LOS CHACON,,false,false,,
colonias_1288,colonias,1288,EL CHAMIZAL,,false,false,,
colonias_1290,colonias,1290,SAN JOSE DE HERNANDEZ,,false,false,,
colonias_1291,colonias,1291,BABONOYABA,,false,false,,
colonias_1292,colonias,1292,SAN JUAN DE LA VERACRUZ,,false,false,,
colonias_1293,colonias,1293,LA JOYA,,false,false,,
colonias_2640,colonias,2640,SAN JOSE DEL SITIO,,false,false,,
colonias_620,colonias,620,VICENTE GUERRERO,,false,false,,
colonias_622,colonias,622,ESTACION SAUCILLO,,false,false,,
colonias_627,colonias,627,PABLO GOMEZ,,false,false,,
colonias_628,colonias,628,INFONAVIT RIO CONCHOS,,false,false,,
colonias_633,colonias,633,ALTAVISTA,,false,false,,
colonias_634,colonias,634,PRI,,false,false,,
colonias_636,colonias,636,LUIS DONALDO COLOSIO,,false,false,,
colonias_637,colonias,637,CARLOS CHAVIRA,,false,false,,
colonias_638,colonias,638,SAUCILLO 2000,,false,false,,
colonias_640,colonias,640,GUADALUPE,,false,false,,
colonias_641,colonias,641,ARBOLEDA,,false,false,,
colonias_642,colonias,642,AGUSTIN MELGAR,,false,false,,
colonias_643,colonias,643,CENTRO,,false,false,,
colonias_644,colonias,644,SAN ANTONIO,,false,false,,
colonias_927,colonias,927,ESTACION CONCHOS,,false,false,,
colonias_1057,colonias,1057,TIERRA NUEVA,,false,false,,
colonias_1088,colonias,1088,LOMA CHICA ALTAMIRANO,,false,false,,
colonias_1184,colonias,1184,LAS ALVAREï¿½AS,,false,false,,
colonias_1185,colonias,1185,EL GOMEï¿½O,,false,false,,
colonias_1186,colonias,1186,KILOMETRO 59,,false,false,,
colonias_1187,colonias,1187,ANCON DE CARROS,,false,false,,
colonias_1188,colonias,1188,PUERTO DEL TORO,,false,false,,
colonias_1664,colonias,1664,LAS VARAS,,false,false,,
colonias_1833,colonias,1833,LAS PARRITAS,,false,false,,
colonias_1834,colonias,1834,NAICA,,false,false,,
colonias_1835,colonias,1835,HACIENDA SAN MARCOS,,false,false,,
colonias_1836,colonias,1836,RANCHITO DE ARMENDARIZ,,false,false,,
colonias_1837,colonias,1837,BENITO JUAREZ,,false,false,,
colonias_1840,colonias,1840,ORRANTEï¿½O,,false,false,,
colonias_1869,colonias,1869,MIRADOR,,false,false,,
colonias_1950,colonias,1950,LAS ACEQUIAS,,false,false,,
colonias_2462,colonias,2462,SANTO NIï¿½O,,false,false,,
colonias_2712,colonias,2712,LOS NOGALES,,false,false,,
colonias_2713,colonias,2713,CRISTOBAL COLON,,false,false,,
colonias_2777,colonias,2777,SAN ANDRES,,false,false,,
colonias_2832,colonias,2832,SAN MARTIN,,false,false,,
colonias_3035,colonias,3035,LAS VARAS,,false,false,,
colonias_3046,colonias,3046,ORRANTEï¿½O,,false,false,,
colonias_3343,colonias,3343,LA AURORA,,false,false,,
colonias_3344,colonias,3344,MANUEL MELENDEZ,,false,false,,
colonias_3347,colonias,3347,LAZARO CARDENAS,,false,false,,
colonias_3348,colonias,3348,JARDINES,,false,false,,
colonias_572,colonias,572,LA ESTACION,,false,false,,
colonias_575,colonias,575,CENTRO,,false,false,,
colonias_1538,colonias,1538,AGUA DE LOS LEONES,,false,false,,
colonias_1539,colonias,1539,YEPOMERA,,false,false,,
colonias_1540,colonias,1540,SAN ISIDRO DE LOMAS,,false,false,,
colonias_1542,colonias,1542,COCOMORACHI,,false,false,,
colonias_2388,colonias,2388,RINCON DE LA CONCHA,,false,false,,
colonias_646,colonias,646,JERUSALEM,,false,false,,
colonias_647,colonias,647,HIDALGO,,false,false,,
colonias_648,colonias,648,DE ABAJO,,false,false,,
colonias_649,colonias,649,DE LOS HOYOS,,false,false,,
colonias_650,colonias,650,LOS OLIVAS,,false,false,,
colonias_651,colonias,651,BLANCO,,false,false,,
colonias_1069,colonias,1069,SAN MATEO,,false,false,,
colonias_1070,colonias,1070,VAQUETEROS,,false,false,,
colonias_1076,colonias,1076,EJIDO EL ALAMO,,false,false,,
colonias_571,colonias,571,CENTRO,,false,false,,
colonias_1278,colonias,1278,BAHUICHIVO,,false,false,,
colonias_1279,colonias,1279,CUITECO,,false,false,,
colonias_1280,colonias,1280,SAN RAFAEL,,false,false,,
colonias_2776,colonias,2776,AREPONAPUCHI,,false,false,,
colonias_2873,colonias,2873,CEROCAHUI,,false,false,,
colonias_578,colonias,578,CENTRO,,false,false,,
colonias_857,colonias,857,CENTRO,,false,false,,
colonias_1131,colonias,1131,RANCHERIA VALERIO,,false,false,,
colonias_1132,colonias,1132,EL VELDUQUE,,false,false,,
colonias_1133,colonias,1133,NOGALEJO,,false,false,,
colonias_1134,colonias,1134,MONTE REDONDO,,false,false,,
colonias_1135,colonias,1135,SEPULVEDEï¿½O,,false,false,,
colonias_1136,colonias,1136,GUILLERMO QUEVEDO,,false,false,,
colonias_1137,colonias,1137,GUADALUPE VICTORIA,,false,false,,
colonias_1138,colonias,1138,LA JABONERA,,false,false,,
colonias_1139,colonias,1139,AGOSTADERO DE ABAJO,,false,false,,
colonias_1140,colonias,1140,ANGEL POSADA,,false,false,,
colonias_1141,colonias,1141,GALVAN,,false,false,,
colonias_1142,colonias,1142,EMILIANO ZAPATA,,false,false,,
colonias_1143,colonias,1143,FRANCO,,false,false,,
colonias_1144,colonias,1144,SAN FELIPE DE JESUS,,false,false,,
colonias_2444,colonias,2444,SALITRILLO,,false,false,,
colonias_2445,colonias,2445,LA JABONERA,,false,false,,
cp_1,cp,1,CP 31850,,false,false,,
cp_2,cp,2,CP 32980,,false,false,,
cp_3,cp,3,CP 32534,,false,false,,
cp_4,cp,4,CP 33378,,false,false,,
cp_5,cp,5,CP 33188,,false,false,,
cp_6,cp,6,CP 33379,,false,false,,
cp_7,cp,7,CP 33237,,false,false,,
cp_8,cp,8,CP 33224,,false,false,,
cp_9,cp,9,CP 33226,,false,false,,
cp_10,cp,10,CP 33228,,false,false,,
cp_11,cp,11,CP 33220,,false,false,,
cp_12,cp,12,CP 33227,,false,false,,
cp_13,cp,13,CP 33215,,false,false,,
cp_14,cp,14,CP 33217,,false,false,,
cp_15,cp,15,CP 32818,,false,false,,
cp_16,cp,16,CP 32880,,false,false,,
cp_17,cp,17,CP 32882,,false,false,,
cp_18,cp,18,CP 32675,,false,false,,
cp_19,cp,19,CP 32983,,false,false,,
cp_20,cp,20,CP 31857,,false,false,,
cp_21,cp,21,CP 33476,,false,false,,
cp_22,cp,22,CP 32178,,false,false,,
cp_23,cp,23,CP 33906,,false,false,,
cp_24,cp,24,CP 31855,,false,false,,
cp_25,cp,25,CP 33910,,false,false,,
cp_26,cp,26,CP 33907,,false,false,,
cp_27,cp,27,CP 33915,,false,false,,
cp_28,cp,28,CP 32594,,false,false,,
cp_29,cp,29,CP 31863,,false,false,,
cp_30,cp,30,CP 32720,,false,false,,
cp_31,cp,31,CP 32110,,false,false,,
cp_32,cp,32,CP 33270,,false,false,,
cp_33,cp,33,CP 32050,,false,false,,
cp_34,cp,34,CP 33594,,false,false,,
cp_35,cp,35,CP 32896,,false,false,,
cp_36,cp,36,CP 32883,,false,false,,
cp_37,cp,37,CP 32886,,false,false,,
cp_38,cp,38,CP 32897,,false,false,,
cp_39,cp,39,CP 32887,,false,false,,
cp_40,cp,40,CP 32888,,false,false,,
cp_41,cp,41,CP 32889,,false,false,,
cp_42,cp,42,CP 32894,,false,false,,
cp_43,cp,43,CP 32905,,false,false,,
cp_44,cp,44,CP 33870,,false,false,,
cp_45,cp,45,CP 33423,,false,false,,
cp_46,cp,46,CP 33424,,false,false,,
cp_47,cp,47,CP 33553,,false,false,,
cp_48,cp,48,CP 32647,,false,false,,
cp_49,cp,49,CP 32640,,false,false,,
cp_50,cp,50,CP 33426,,false,false,,
cp_51,cp,51,CP 33444,,false,false,,
cp_52,cp,52,CP 33422,,false,false,,
cp_53,cp,53,CP 33443,,false,false,,
cp_54,cp,54,CP 33421,,false,false,,
cp_55,cp,55,CP 33432,,false,false,,
cp_56,cp,56,CP 33430,,false,false,,
cp_57,cp,57,CP 33435,,false,false,,
cp_58,cp,58,CP 33420,,false,false,,
cp_59,cp,59,CP 33425,,false,false,,
cp_60,cp,60,CP 32924,,false,false,,
cp_61,cp,61,CP 31611,,false,false,,
cp_62,cp,62,CP 31612,,false,false,,
cp_63,cp,63,CP 31617,,false,false,,
cp_64,cp,64,CP 32676,,false,false,,
cp_65,cp,65,CP 33132,,false,false,,
cp_66,cp,66,CP 33131,,false,false,,
cp_67,cp,67,CP 33139,,false,false,,
cp_68,cp,68,CP 33824,,false,false,,
cp_69,cp,69,CP 32598,,false,false,,
cp_70,cp,70,CP 33905,,false,false,,
cp_71,cp,71,CP 32310,,false,false,,
cp_72,cp,72,CP 32417,,false,false,,
cp_73,cp,73,CP 32575,,false,false,,
cp_74,cp,74,CP 33315,,false,false,,
cp_75,cp,75,CP 32215,,false,false,,
cp_76,cp,76,CP 32577,,false,false,,
cp_77,cp,77,CP 31624,,false,false,,
cp_78,cp,78,CP 31623,,false,false,,
cp_79,cp,79,CP 33273,,false,false,,
cp_80,cp,80,CP 33277,,false,false,,
cp_81,cp,81,CP 33276,,false,false,,
cp_82,cp,82,CP 32590,,false,false,,
cp_83,cp,83,CP 32599,,false,false,,
cp_84,cp,84,CP 32576,,false,false,,
cp_85,cp,85,CP 33274,,false,false,,
cp_86,cp,86,CP 32553,,false,false,,
cp_87,cp,87,CP 32550,,false,false,,
cp_88,cp,88,CP 33700,,false,false,,
cp_89,cp,89,CP 33739,,false,false,,
cp_90,cp,90,CP 33253,,false,false,,
cp_91,cp,91,CP 33257,,false,false,,
cp_92,cp,92,CP 33275,,false,false,,
cp_93,cp,93,CP 33196,,false,false,,
cp_94,cp,94,CP 32982,,false,false,,
cp_95,cp,95,CP 32985,,false,false,,
cp_96,cp,96,CP 33770,,false,false,,
cp_97,cp,97,CP 33777,,false,false,,
cp_98,cp,98,CP 33776,,false,false,,
cp_99,cp,99,CP 33759,,false,false,,
cp_100,cp,100,CP 32405,,false,false,,
cp_101,cp,101,CP 32403,,false,false,,
cp_102,cp,102,CP 33740,,false,false,,
cp_103,cp,103,CP 33737,,false,false,,
cp_104,cp,104,CP 32448,,false,false,,
cp_105,cp,105,CP 32408,,false,false,,
cp_106,cp,106,CP 33407,,false,false,,
cp_107,cp,107,CP 33304,,false,false,,
cp_108,cp,108,CP 33678,,false,false,,
cp_109,cp,109,CP 33309,,false,false,,
cp_110,cp,110,CP 31613,,false,false,,
cp_111,cp,111,CP 31217,,false,false,,
cp_112,cp,112,CP 32543,,false,false,,
cp_113,cp,113,CP 31542,,false,false,,
cp_114,cp,114,CP 33310,,false,false,,
cp_115,cp,115,CP 33313,,false,false,,
cp_116,cp,116,CP 33314,,false,false,,
cp_117,cp,117,CP 31610,,false,false,,
cp_118,cp,118,CP 31608,,false,false,,
cp_119,cp,119,CP 31607,,false,false,,
cp_120,cp,120,CP 31614,,false,false,,
cp_121,cp,121,CP 33683,,false,false,,
cp_122,cp,122,CP 33690,,false,false,,
cp_123,cp,123,CP 32996,,false,false,,
cp_124,cp,124,CP 32695,,false,false,,
cp_125,cp,125,CP 32992,,false,false,,
cp_126,cp,126,CP 32994,,false,false,,
cp_127,cp,127,CP 32472,,false,false,,
cp_128,cp,128,CP 32986,,false,false,,
cp_129,cp,129,CP 32997,,false,false,,
cp_130,cp,130,CP 32548,,false,false,,
cp_131,cp,131,CP 32995,,false,false,,
cp_132,cp,132,CP 32545,,false,false,,
cp_133,cp,133,CP 32984,,false,false,,
cp_134,cp,134,CP 32354,,false,false,,
cp_135,cp,135,CP 33963,,false,false,,
cp_136,cp,136,CP 33245,,false,false,,
cp_137,cp,137,CP 33246,,false,false,,
cp_138,cp,138,CP 33240,,false,false,,
cp_139,cp,139,CP 31573,,false,false,,
cp_140,cp,140,CP 31579,,false,false,,
cp_141,cp,141,CP 33249,,false,false,,
cp_142,cp,142,CP 33250,,false,false,,
cp_143,cp,143,CP 32697,,false,false,,
cp_144,cp,144,CP 33306,,false,false,,
cp_145,cp,145,CP 33318,,false,false,,
cp_146,cp,146,CP 33300,,false,false,,
cp_147,cp,147,CP 33195,,false,false,,
cp_148,cp,148,CP 33197,,false,false,,
cp_149,cp,149,CP 31629,,false,false,,
cp_150,cp,150,CP 31627,,false,false,,
cp_151,cp,151,CP 31978,,false,false,,
cp_152,cp,152,CP 31977,,false,false,,
cp_153,cp,153,CP 31979,,false,false,,
cp_154,cp,154,CP 31609,,false,false,,
cp_155,cp,155,CP 31455,,false,false,,
cp_156,cp,156,CP 33680,,false,false,,
cp_157,cp,157,CP 33190,,false,false,,
cp_158,cp,158,CP 33960,,false,false,,
cp_159,cp,159,CP 33966,,false,false,,
cp_160,cp,160,CP 33964,,false,false,,
cp_161,cp,161,CP 33965,,false,false,,
cp_162,cp,162,CP 33961,,false,false,,
cp_163,cp,163,CP 33962,,false,false,,
cp_164,cp,164,CP 31127,,false,false,,
cp_165,cp,165,CP 31124,,false,false,,
cp_166,cp,166,CP 31415,,false,false,,
cp_167,cp,167,CP 32814,,false,false,,
cp_168,cp,168,CP 32677,,false,false,,
cp_169,cp,169,CP 32670,,false,false,,
cp_170,cp,170,CP 32234,,false,false,,
cp_171,cp,171,CP 32812,,false,false,,
cp_172,cp,172,CP 33696,,false,false,,
cp_173,cp,173,CP 33840,,false,false,,
cp_174,cp,174,CP 31029,,false,false,,
cp_175,cp,175,CP 33077,,false,false,,
cp_176,cp,176,CP 31528,,false,false,,
cp_177,cp,177,CP 33307,,false,false,,
cp_178,cp,178,CP 31515,,false,false,,
cp_179,cp,179,CP 33410,,false,false,,
cp_180,cp,180,CP 32785,,false,false,,
cp_181,cp,181,CP 33301,,false,false,,
cp_182,cp,182,CP 32389,,false,false,,
cp_183,cp,183,CP 33303,,false,false,,
cp_184,cp,184,CP 32380,,false,false,,
cp_185,cp,185,CP 33149,,false,false,,
cp_186,cp,186,CP 31526,,false,false,,
cp_187,cp,187,CP 33363,,false,false,,
cp_188,cp,188,CP 31524,,false,false,,
cp_189,cp,189,CP 31136,,false,false,,
cp_190,cp,190,CP 33114,,false,false,,
cp_191,cp,191,CP 33654,,false,false,,
cp_192,cp,192,CP 33652,,false,false,,
cp_193,cp,193,CP 33666,,false,false,,
cp_194,cp,194,CP 33660,,false,false,,
cp_195,cp,195,CP 33655,,false,false,,
cp_196,cp,196,CP 31604,,false,false,,
cp_197,cp,197,CP 32726,,false,false,,
cp_198,cp,198,CP 33256,,false,false,,
cp_199,cp,199,CP 31140,,false,false,,
cp_200,cp,200,CP 31144,,false,false,,
cp_201,cp,201,CP 33890,,false,false,,
cp_202,cp,202,CP 32674,,false,false,,
cp_203,cp,203,CP 33244,,false,false,,
cp_204,cp,204,CP 33259,,false,false,,
cp_205,cp,205,CP 33251,,false,false,,
cp_206,cp,206,CP 33247,,false,false,,
cp_207,cp,207,CP 32736,,false,false,,
cp_208,cp,208,CP 32109,,false,false,,
cp_209,cp,209,CP 32737,,false,false,,
cp_210,cp,210,CP 33193,,false,false,,
cp_211,cp,211,CP 31555,,false,false,,
cp_212,cp,212,CP 31550,,false,false,,
cp_213,cp,213,CP 33248,,false,false,,
cp_214,cp,214,CP 33243,,false,false,,
cp_215,cp,215,CP 32735,,false,false,,
cp_216,cp,216,CP 32721,,false,false,,
cp_217,cp,217,CP 32706,,false,false,,
cp_218,cp,218,CP 32733,,false,false,,
cp_219,cp,219,CP 33693,,false,false,,
cp_220,cp,220,CP 33692,,false,false,,
cp_221,cp,221,CP 33682,,false,false,,
cp_222,cp,222,CP 33681,,false,false,,
cp_223,cp,223,CP 33687,,false,false,,
cp_224,cp,224,CP 33686,,false,false,,
cp_225,cp,225,CP 33697,,false,false,,
cp_226,cp,226,CP 33684,,false,false,,
cp_227,cp,227,CP 33694,,false,false,,
cp_228,cp,228,CP 33695,,false,false,,
cp_229,cp,229,CP 32913,,false,false,,
cp_230,cp,230,CP 32907,,false,false,,
cp_231,cp,231,CP 33969,,false,false,,
cp_232,cp,232,CP 33968,,false,false,,
cp_233,cp,233,CP 33183,,false,false,,
cp_234,cp,234,CP 31517,,false,false,,
cp_235,cp,235,CP 32917,,false,false,,
cp_236,cp,236,CP 31667,,false,false,,
cp_237,cp,237,CP 32906,,false,false,,
cp_238,cp,238,CP 32912,,false,false,,
cp_239,cp,239,CP 31992,,false,false,,
cp_240,cp,240,CP 31998,,false,false,,
cp_241,cp,241,CP 31574,,false,false,,
cp_242,cp,242,CP 31605,,false,false,,
cp_243,cp,243,CP 31606,,false,false,,
cp_244,cp,244,CP 31618,,false,false,,
cp_245,cp,245,CP 32703,,false,false,,
cp_246,cp,246,CP 33186,,false,false,,
cp_247,cp,247,CP 33198,,false,false,,
cp_248,cp,248,CP 33194,,false,false,,
cp_249,cp,249,CP 32741,,false,false,,
cp_250,cp,250,CP 31146,,false,false,,
cp_251,cp,251,CP 31150,,false,false,,
cp_252,cp,252,CP 33020,,false,false,,
cp_253,cp,253,CP 31993,,false,false,,
cp_254,cp,254,CP 31996,,false,false,,
cp_255,cp,255,CP 31997,,false,false,,
cp_256,cp,256,CP 31135,,false,false,,
cp_257,cp,257,CP 31134,,false,false,,
cp_258,cp,258,CP 31994,,false,false,,
cp_259,cp,259,CP 31995,,false,false,,
cp_260,cp,260,CP 31990,,false,false,,
cp_261,cp,261,CP 33085,,false,false,,
cp_262,cp,262,CP 31976,,false,false,,
cp_263,cp,263,CP 31974,,false,false,,
cp_264,cp,264,CP 33886,,false,false,,
cp_265,cp,265,CP 32790,,false,false,,
cp_266,cp,266,CP 32793,,false,false,,
cp_267,cp,267,CP 32797,,false,false,,
cp_268,cp,268,CP 32471,,false,false,,
cp_269,cp,269,CP 32507,,false,false,,
cp_270,cp,270,CP 33626,,false,false,,
cp_271,cp,271,CP 31973,,false,false,,
cp_272,cp,272,CP 31758,,false,false,,
cp_273,cp,273,CP 31778,,false,false,,
cp_274,cp,274,CP 31760,,false,false,,
cp_275,cp,275,CP 32934,,false,false,,
cp_276,cp,276,CP 32933,,false,false,,
cp_277,cp,277,CP 33632,,false,false,,
cp_278,cp,278,CP 32795,,false,false,,
cp_279,cp,279,CP 32796,,false,false,,
cp_280,cp,280,CP 32794,,false,false,,
cp_281,cp,281,CP 31590,,false,false,,
cp_282,cp,282,CP 31984,,false,false,,
cp_283,cp,283,CP 31987,,false,false,,
cp_284,cp,284,CP 31985,,false,false,,
cp_285,cp,285,CP 32948,,false,false,,
cp_286,cp,286,CP 32742,,false,false,,
cp_287,cp,287,CP 31532,,false,false,,
cp_288,cp,288,CP 32530,,false,false,,
cp_289,cp,289,CP 31552,,false,false,,
cp_290,cp,290,CP 33858,,false,false,,
cp_291,cp,291,CP 32947,,false,false,,
cp_292,cp,292,CP 32944,,false,false,,
cp_293,cp,293,CP 33630,,false,false,,
cp_294,cp,294,CP 33633,,false,false,,
cp_295,cp,295,CP 31520,,false,false,,
cp_296,cp,296,CP 31967,,false,false,,
cp_297,cp,297,CP 32663,,false,false,,
cp_298,cp,298,CP 31580,,false,false,,
cp_299,cp,299,CP 33116,,false,false,,
cp_300,cp,300,CP 33066,,false,false,,
cp_301,cp,301,CP 31980,,false,false,,
cp_302,cp,302,CP 32668,,false,false,,
cp_303,cp,303,CP 31986,,false,false,,
cp_304,cp,304,CP 31983,,false,false,,
cp_305,cp,305,CP 32800,,false,false,,
cp_306,cp,306,CP 33634,,false,false,,
cp_307,cp,307,CP 33635,,false,false,,
cp_308,cp,308,CP 33636,,false,false,,
cp_309,cp,309,CP 31183,,false,false,,
cp_310,cp,310,CP 33185,,false,false,,
cp_311,cp,311,CP 32422,,false,false,,
cp_312,cp,312,CP 32946,,false,false,,
cp_313,cp,313,CP 32939,,false,false,,
cp_314,cp,314,CP 32923,,false,false,,
cp_315,cp,315,CP 32920,,false,false,,
cp_316,cp,316,CP 32925,,false,false,,
cp_317,cp,317,CP 31314,,false,false,,
cp_318,cp,318,CP 32740,,false,false,,
cp_319,cp,319,CP 32743,,false,false,,
cp_320,cp,320,CP 32745,,false,false,,
cp_321,cp,321,CP 33769,,false,false,,
cp_322,cp,322,CP 32777,,false,false,,
cp_323,cp,323,CP 32789,,false,false,,
cp_324,cp,324,CP 32780,,false,false,,
cp_325,cp,325,CP 32704,,false,false,,
cp_326,cp,326,CP 33536,,false,false,,
cp_327,cp,327,CP 33538,,false,false,,
cp_328,cp,328,CP 33760,,false,false,,
cp_329,cp,329,CP 33768,,false,false,,
cp_330,cp,330,CP 33779,,false,false,,
cp_331,cp,331,CP 33720,,false,false,,
cp_332,cp,332,CP 31964,,false,false,,
cp_333,cp,333,CP 31962,,false,false,,
cp_334,cp,334,CP 33765,,false,false,,
cp_335,cp,335,CP 31143,,false,false,,
cp_336,cp,336,CP 31655,,false,false,,
cp_337,cp,337,CP 32823,,false,false,,
cp_338,cp,338,CP 32824,,false,false,,
cp_339,cp,339,CP 32826,,false,false,,
cp_340,cp,340,CP 32827,,false,false,,
cp_341,cp,341,CP 32815,,false,false,,
cp_342,cp,342,CP 32847,,false,false,,
cp_343,cp,343,CP 32830,,false,false,,
cp_344,cp,344,CP 32833,,false,false,,
cp_345,cp,345,CP 32832,,false,false,,
cp_346,cp,346,CP 32834,,false,false,,
cp_347,cp,347,CP 32820,,false,false,,
cp_348,cp,348,CP 32840,,false,false,,
cp_349,cp,349,CP 32825,,false,false,,
cp_350,cp,350,CP 32750,,false,false,,
cp_351,cp,351,CP 33531,,false,false,,
cp_352,cp,352,CP 33535,,false,false,,
cp_353,cp,353,CP 31313,,false,false,,
cp_354,cp,354,CP 32628,,false,false,,
cp_355,cp,355,CP 33637,,false,false,,
cp_356,cp,356,CP 33534,,false,false,,
cp_357,cp,357,CP 33539,,false,false,,
cp_358,cp,358,CP 33537,,false,false,,
cp_359,cp,359,CP 33530,,false,false,,
cp_360,cp,360,CP 31030,,false,false,,
cp_361,cp,361,CP 31120,,false,false,,
cp_362,cp,362,CP 31902,,false,false,,
cp_363,cp,363,CP 33557,,false,false,,
cp_364,cp,364,CP 33552,,false,false,,
cp_365,cp,365,CP 33550,,false,false,,
cp_366,cp,366,CP 33554,,false,false,,
cp_367,cp,367,CP 33556,,false,false,,
cp_368,cp,368,CP 33555,,false,false,,
cp_369,cp,369,CP 33551,,false,false,,
cp_370,cp,370,CP 31625,,false,false,,
cp_371,cp,371,CP 31034,,false,false,,
cp_372,cp,372,CP 31130,,false,false,,
cp_373,cp,373,CP 32943,,false,false,,
cp_374,cp,374,CP 33937,,false,false,,
cp_375,cp,375,CP 33939,,false,false,,
cp_376,cp,376,CP 31632,,false,false,,
cp_377,cp,377,CP 31620,,false,false,,
cp_378,cp,378,CP 32744,,false,false,,
cp_379,cp,379,CP 32746,,false,false,,
cp_380,cp,380,CP 33337,,false,false,,
cp_381,cp,381,CP 33336,,false,false,,
cp_382,cp,382,CP 32891,,false,false,,
cp_383,cp,383,CP 32910,,false,false,,
cp_384,cp,384,CP 33105,,false,false,,
cp_385,cp,385,CP 33930,,false,false,,
cp_386,cp,386,CP 33936,,false,false,,
cp_387,cp,387,CP 32767,,false,false,,
cp_388,cp,388,CP 32760,,false,false,,
cp_389,cp,389,CP 32766,,false,false,,
cp_390,cp,390,CP 33335,,false,false,,
cp_391,cp,391,CP 31173,,false,false,,
cp_392,cp,392,CP 31628,,false,false,,
cp_393,cp,393,CP 31074,,false,false,,
cp_394,cp,394,CP 33000,,false,false,,
cp_395,cp,395,CP 31304,,false,false,,
cp_396,cp,396,CP 31414,,false,false,,
cp_397,cp,397,CP 31416,,false,false,,
cp_398,cp,398,CP 33928,,false,false,,
cp_399,cp,399,CP 33644,,false,false,,
cp_400,cp,400,CP 31370,,false,false,,
cp_401,cp,401,CP 31100,,false,false,,
cp_402,cp,402,CP 31107,,false,false,,
cp_403,cp,403,CP 32419,,false,false,,
cp_404,cp,404,CP 33922,,false,false,,
cp_405,cp,405,CP 31104,,false,false,,
cp_406,cp,406,CP 32404,,false,false,,
cp_407,cp,407,CP 32685,,false,false,,
cp_408,cp,408,CP 31883,,false,false,,
cp_409,cp,409,CP 31063,,false,false,,
cp_410,cp,410,CP 31180,,false,false,,
cp_411,cp,411,CP 31470,,false,false,,
cp_412,cp,412,CP 31050,,false,false,,
cp_413,cp,413,CP 32565,,false,false,,
cp_414,cp,414,CP 33643,,false,false,,
cp_415,cp,415,CP 33647,,false,false,,
cp_416,cp,416,CP 33490,,false,false,,
cp_417,cp,417,CP 33334,,false,false,,
cp_418,cp,418,CP 31200,,false,false,,
cp_419,cp,419,CP 31203,,false,false,,
cp_420,cp,420,CP 31204,,false,false,,
cp_421,cp,421,CP 33646,,false,false,,
cp_422,cp,422,CP 33124,,false,false,,
cp_423,cp,423,CP 33125,,false,false,,
cp_424,cp,424,CP 33498,,false,false,,
cp_425,cp,425,CP 33485,,false,false,,
cp_426,cp,426,CP 33595,,false,false,,
cp_427,cp,427,CP 31386,,false,false,,
cp_428,cp,428,CP 31106,,false,false,,
cp_429,cp,429,CP 31650,,false,false,,
cp_430,cp,430,CP 31460,,false,false,,
cp_431,cp,431,CP 33484,,false,false,,
cp_432,cp,432,CP 33748,,false,false,,
cp_433,cp,433,CP 32586,,false,false,,
cp_434,cp,434,CP 32410,,false,false,,
cp_435,cp,435,CP 31215,,false,false,,
cp_436,cp,436,CP 32414,,false,false,,
cp_437,cp,437,CP 32320,,false,false,,
cp_438,cp,438,CP 33133,,false,false,,
cp_439,cp,439,CP 33135,,false,false,,
cp_440,cp,440,CP 33136,,false,false,,
cp_441,cp,441,CP 32952,,false,false,,
cp_442,cp,442,CP 32964,,false,false,,
cp_443,cp,443,CP 32965,,false,false,,
cp_444,cp,444,CP 32975,,false,false,,
cp_445,cp,445,CP 32966,,false,false,,
cp_446,cp,446,CP 32967,,false,false,,
cp_447,cp,447,CP 32974,,false,false,,
cp_448,cp,448,CP 32973,,false,false,,
cp_449,cp,449,CP 32970,,false,false,,
cp_450,cp,450,CP 32963,,false,false,,
cp_451,cp,451,CP 33483,,false,false,,
cp_452,cp,452,CP 33137,,false,false,,
cp_453,cp,453,CP 32951,,false,false,,
cp_454,cp,454,CP 32957,,false,false,,
cp_455,cp,455,CP 32953,,false,false,,
cp_456,cp,456,CP 32956,,false,false,,
cp_457,cp,457,CP 32958,,false,false,,
cp_458,cp,458,CP 32954,,false,false,,
cp_459,cp,459,CP 32960,,false,false,,
cp_460,cp,460,CP 31881,,false,false,,
cp_461,cp,461,CP 31894,,false,false,,
cp_462,cp,462,CP 31886,,false,false,,
cp_463,cp,463,CP 31880,,false,false,,
cp_464,cp,464,CP 31885,,false,false,,
cp_465,cp,465,CP 31884,,false,false,,
cp_466,cp,466,CP 33593,,false,false,,
cp_467,cp,467,CP 31653,,false,false,,
cp_468,cp,468,CP 33180,,false,false,,
cp_469,cp,469,CP 33985,,false,false,,
cp_470,cp,470,CP 33980,,false,false,,
cp_471,cp,471,CP 31887,,false,false,,
cp_472,cp,472,CP 31820,,false,false,,
cp_473,cp,473,CP 33827,,false,false,,
cp_474,cp,474,CP 33058,,false,false,,
cp_475,cp,475,CP 33069,,false,false,,
cp_476,cp,476,CP 33040,,false,false,,
cp_477,cp,477,CP 33068,,false,false,,
cp_478,cp,478,CP 33597,,false,false,,
cp_479,cp,479,CP 32926,,false,false,,
cp_480,cp,480,CP 33059,,false,false,,
cp_481,cp,481,CP 33089,,false,false,,
cp_482,cp,482,CP 33067,,false,false,,
cp_483,cp,483,CP 33029,,false,false,,
cp_484,cp,484,CP 33078,,false,false,,
cp_485,cp,485,CP 33013,,false,false,,
cp_486,cp,486,CP 33016,,false,false,,
cp_487,cp,487,CP 33086,,false,false,,
cp_488,cp,488,CP 33087,,false,false,,
cp_489,cp,489,CP 33080,,false,false,,
cp_490,cp,490,CP 32918,,false,false,,
cp_491,cp,491,CP 31523,,false,false,,
cp_492,cp,492,CP 31105,,false,false,,
cp_493,cp,493,CP 31500,,false,false,,
cp_494,cp,494,CP 33600,,false,false,,
cp_495,cp,495,CP 33730,,false,false,,
cp_496,cp,496,CP 33724,,false,false,,
cp_497,cp,497,CP 31824,,false,false,,
cp_498,cp,498,CP 31829,,false,false,,
cp_499,cp,499,CP 33710,,false,false,,
cp_500,cp,500,CP 31560,,false,false,,
cp_501,cp,501,CP 31544,,false,false,,
cp_502,cp,502,CP 33590,,false,false,,
cp_503,cp,503,CP 31904,,false,false,,
cp_504,cp,504,CP 31915,,false,false,,
cp_505,cp,505,CP 31910,,false,false,,
cp_506,cp,506,CP 33601,,false,false,,
cp_507,cp,507,CP 33603,,false,false,,
cp_508,cp,508,CP 33565,,false,false,,
cp_509,cp,509,CP 33576,,false,false,,
cp_510,cp,510,CP 33575,,false,false,,
cp_511,cp,511,CP 31789,,false,false,,
cp_512,cp,512,CP 31572,,false,false,,
cp_513,cp,513,CP 31570,,false,false,,
cp_514,cp,514,CP 32520,,false,false,,
cp_515,cp,515,CP 31828,,false,false,,
cp_516,cp,516,CP 31834,,false,false,,
cp_517,cp,517,CP 31832,,false,false,,
cp_518,cp,518,CP 31837,,false,false,,
cp_519,cp,519,CP 33123,,false,false,,
cp_520,cp,520,CP 33605,,false,false,,
cp_521,cp,521,CP 33128,,false,false,,
cp_522,cp,522,CP 32694,,false,false,,
cp_523,cp,523,CP 31975,,false,false,,
cp_524,cp,524,CP 31970,,false,false,,
cp_525,cp,525,CP 33620,,false,false,,
cp_526,cp,526,CP 31911,,false,false,,
cp_527,cp,527,CP 31905,,false,false,,
cp_528,cp,528,CP 31908,,false,false,,
cp_529,cp,529,CP 31901,,false,false,,
cp_530,cp,530,CP 33144,,false,false,,
cp_531,cp,531,CP 33147,,false,false,,
cp_532,cp,532,CP 33778,,false,false,,
cp_533,cp,533,CP 33127,,false,false,,
cp_534,cp,534,CP 33126,,false,false,,
cp_535,cp,535,CP 32390,,false,false,,
cp_536,cp,536,CP 33623,,false,false,,
cp_537,cp,537,CP 32658,,false,false,,
cp_538,cp,538,CP 32654,,false,false,,
cp_539,cp,539,CP 33918,,false,false,,
cp_540,cp,540,CP 32618,,false,false,,
cp_541,cp,541,CP 32609,,false,false,,
cp_542,cp,542,CP 32606,,false,false,,
cp_543,cp,543,CP 33264,,false,false,,
cp_544,cp,544,CP 33262,,false,false,,
cp_545,cp,545,CP 33261,,false,false,,
cp_546,cp,546,CP 33269,,false,false,,
cp_547,cp,547,CP 33260,,false,false,,
cp_548,cp,548,CP 33266,,false,false,,
cp_549,cp,549,CP 33263,,false,false,,
cp_550,cp,550,CP 33265,,false,false,,
cp_551,cp,551,CP 33267,,false,false,,
cp_552,cp,552,CP 33268,,false,false,,
cp_553,cp,553,CP 33604,,false,false,,
cp_554,cp,554,CP 33606,,false,false,,
cp_555,cp,555,CP 31683,,false,false,,
cp_556,cp,556,CP 31991,,false,false,,
cp_557,cp,557,CP 32539,,false,false,,
cp_558,cp,558,CP 32446,,false,false,,
cp_559,cp,559,CP 32537,,false,false,,
cp_560,cp,560,CP 32667,,false,false,,
cp_561,cp,561,CP 32696,,false,false,,
cp_562,cp,562,CP 32693,,false,false,,
cp_563,cp,563,CP 33286,,false,false,,
cp_564,cp,564,CP 33173,,false,false,,
cp_565,cp,565,CP 33607,,false,false,,
cp_566,cp,566,CP 32563,,false,false,,
cp_567,cp,567,CP 32580,,false,false,,
cp_568,cp,568,CP 32585,,false,false,,
cp_569,cp,569,CP 31672,,false,false,,
cp_570,cp,570,CP 32690,,false,false,,
cp_571,cp,571,CP 32557,,false,false,,
cp_572,cp,572,CP 32652,,false,false,,
cp_573,cp,573,CP 33010,,false,false,,
cp_574,cp,574,CP 33014,,false,false,,
cp_575,cp,575,CP 31674,,false,false,,
cp_576,cp,576,CP 31671,,false,false,,
cp_577,cp,577,CP 33170,,false,false,,
cp_578,cp,578,CP 33608,,false,false,,
cp_579,cp,579,CP 33611,,false,false,,
cp_580,cp,580,CP 33614,,false,false,,
cp_581,cp,581,CP 31516,,false,false,,
cp_582,cp,582,CP 32449,,false,false,,
cp_583,cp,583,CP 32600,,false,false,,
cp_584,cp,584,CP 33176,,false,false,,
cp_585,cp,585,CP 33178,,false,false,,
cp_586,cp,586,CP 33179,,false,false,,
cp_587,cp,587,CP 33177,,false,false,,
cp_588,cp,588,CP 33174,,false,false,,
cp_589,cp,589,CP 33175,,false,false,,
cp_590,cp,590,CP 31529,,false,false,,
cp_591,cp,591,CP 31600,,false,false,,
cp_592,cp,592,CP 31543,,false,false,,
cp_593,cp,593,CP 32535,,false,false,,
cp_594,cp,594,CP 32505,,false,false,,
cp_595,cp,595,CP 32509,,false,false,,
cp_596,cp,596,CP 32040,,false,false,,
cp_597,cp,597,CP 33163,,false,false,,
cp_598,cp,598,CP 33160,,false,false,,
cp_599,cp,599,CP 33164,,false,false,,
cp_600,cp,600,CP 31699,,false,false,,
cp_601,cp,601,CP 31698,,false,false,,
cp_602,cp,602,CP 31684,,false,false,,
cp_603,cp,603,CP 33487,,false,false,,
cp_604,cp,604,CP 33486,,false,false,,
cp_605,cp,605,CP 33488,,false,false,,
cp_606,cp,606,CP 31126,,false,false,,
cp_607,cp,607,CP 32435,,false,false,,
cp_608,cp,608,CP 32430,,false,false,,
cp_609,cp,609,CP 32416,,false,false,,
cp_610,cp,610,CP 32280,,false,false,,
cp_611,cp,611,CP 33480,,false,false,,
cp_612,cp,612,CP 33913,,false,false,,
cp_613,cp,613,CP 32434,,false,false,,
cp_614,cp,614,CP 32315,,false,false,,
cp_615,cp,615,CP 32250,,false,false,,
cp_616,cp,616,CP 32340,,false,false,,
cp_617,cp,617,CP 32300,,false,false,,
cp_618,cp,618,CP 32190,,false,false,,
cp_619,cp,619,CP 32160,,false,false,,
cp_620,cp,620,CP 32150,,false,false,,
cp_621,cp,621,CP 32127,,false,false,,
cp_622,cp,622,CP 32223,,false,false,,
cp_623,cp,623,CP 33830,,false,false,,
cp_624,cp,624,CP 33814,,false,false,,
cp_625,cp,625,CP 32665,,false,false,,
cp_626,cp,626,CP 32100,,false,false,,
cp_627,cp,627,CP 32020,,false,false,,
cp_628,cp,628,CP 32060,,false,false,,
cp_629,cp,629,CP 32010,,false,false,,
cp_630,cp,630,CP 32000,,false,false,,
cp_631,cp,631,CP 32470,,false,false,,
cp_632,cp,632,CP 33914,,false,false,,
cp_633,cp,633,CP 32030,,false,false,,
cp_634,cp,634,CP 31615,,false,false,,
cp_635,cp,635,CP 33990,,false,false,,
cp_636,cp,636,CP 33993,,false,false,,
cp_637,cp,637,CP 33994,,false,false,,
cp_638,cp,638,CP 33992,,false,false,,
cp_639,cp,639,CP 33991,,false,false,,
cp_640,cp,640,CP 33999,,false,false,,
cp_641,cp,641,CP 33477,,false,false,,
cp_642,cp,642,CP 33470,,false,false,,
cp_643,cp,643,CP 33749,,false,false,,
cp_644,cp,644,CP 32688,,false,false,,
cp_645,cp,645,CP 33419,,false,false,,
cp_646,cp,646,CP 32425,,false,false,,
cp_647,cp,647,CP 33669,,false,false,,
cp_648,cp,648,CP 33663,,false,false,,
cp_649,cp,649,CP 33657,,false,false,,
cp_650,cp,650,CP 33166,,false,false,,
cp_651,cp,651,CP 33168,,false,false,,
cp_652,cp,652,CP 33167,,false,false,,
cp_653,cp,653,CP 31695,,false,false,,
cp_654,cp,654,CP 33474,,false,false,,
cp_655,cp,655,CP 33475,,false,false,,
cp_656,cp,656,CP 32457,,false,false,,
cp_657,cp,657,CP 33345,,false,false,,
cp_658,cp,658,CP 33820,,false,false,,
cp_659,cp,659,CP 33998,,false,false,,
cp_660,cp,660,CP 33165,,false,false,,
cp_661,cp,661,CP 33995,,false,false,,
cp_662,cp,662,CP 33495,,false,false,,
cp_663,cp,663,CP 33496,,false,false,,
cp_664,cp,664,CP 33493,,false,false,,
cp_665,cp,665,CP 33494,,false,false,,
cp_666,cp,666,CP 31064,,false,false,,
cp_667,cp,667,CP 31137,,false,false,,
cp_668,cp,668,CP 33617,,false,false,,
cp_669,cp,669,CP 32607,,false,false,,
cp_670,cp,670,CP 32080,,false,false,,
cp_671,cp,671,CP 33857,,false,false,,
cp_672,cp,672,CP 31690,,false,false,,
cp_673,cp,673,CP 33473,,false,false,,
cp_674,cp,674,CP 33818,,false,false,,
cp_675,cp,675,CP 33839,,false,false,,
cp_676,cp,676,CP 33497,,false,false,,
cp_677,cp,677,CP 33519,,false,false,,
cp_678,cp,678,CP 33518,,false,false,,
cp_679,cp,679,CP 32587,,false,false,,
cp_680,cp,680,CP 32574,,false,false,,
cp_681,cp,681,CP 32070,,false,false,,
cp_682,cp,682,CP 33612,,false,false,,
cp_683,cp,683,CP 33516,,false,false,,
cp_684,cp,684,CP 32725,,false,false,,
cp_685,cp,685,CP 31689,,false,false,,
cp_686,cp,686,CP 31697,,false,false,,
cp_687,cp,687,CP 31777,,false,false,,
cp_688,cp,688,CP 33151,,false,false,,
cp_689,cp,689,CP 33150,,false,false,,
cp_690,cp,690,CP 33158,,false,false,,
cp_691,cp,691,CP 33157,,false,false,,
cp_692,cp,692,CP 33610,,false,false,,
cp_693,cp,693,CP 33613,,false,false,,
cp_694,cp,694,CP 33615,,false,false,,
cp_695,cp,695,CP 33616,,false,false,,
cp_696,cp,696,CP 33618,,false,false,,
cp_697,cp,697,CP 31076,,false,false,,
cp_698,cp,698,CP 31694,,false,false,,
cp_699,cp,699,CP 31687,,false,false,,
cp_700,cp,700,CP 31693,,false,false,,
cp_701,cp,701,CP 31688,,false,false,,
cp_702,cp,702,CP 31696,,false,false,,
cp_703,cp,703,CP 31931,,false,false,,
cp_704,cp,704,CP 31934,,false,false,,
cp_705,cp,705,CP 31930,,false,false,,
cp_706,cp,706,CP 31213,,false,false,,
cp_707,cp,707,CP 33653,,false,false,,
cp_708,cp,708,CP 33284,,false,false,,
cp_709,cp,709,CP 33285,,false,false,,
cp_710,cp,710,CP 33155,,false,false,,
cp_711,cp,711,CP 33671,,false,false,,
cp_712,cp,712,CP 33673,,false,false,,
cp_713,cp,713,CP 33679,,false,false,,
cp_714,cp,714,CP 31673,,false,false,,
cp_715,cp,715,CP 32816,,false,false,,
cp_716,cp,716,CP 31670,,false,false,,
cp_717,cp,717,CP 31676,,false,false,,
cp_718,cp,718,CP 31663,,false,false,,
cp_719,cp,719,CP 33154,,false,false,,
cp_720,cp,720,CP 33159,,false,false,,
cp_721,cp,721,CP 33156,,false,false,,
cp_722,cp,722,CP 33153,,false,false,,
cp_723,cp,723,CP 32153,,false,false,,
cp_724,cp,724,CP 33848,,false,false,,
cp_725,cp,725,CP 32651,,false,false,,
cp_726,cp,726,CP 31210,,false,false,,
cp_727,cp,727,CP 31633,,false,false,,
cp_728,cp,728,CP 31634,,false,false,,
cp_729,cp,729,CP 31626,,false,false,,
cp_730,cp,730,CP 33863,,false,false,,
cp_731,cp,731,CP 33418,,false,false,,
cp_732,cp,732,CP 31660,,false,false,,
cp_733,cp,733,CP 31666,,false,false,,
cp_734,cp,734,CP 31664,,false,false,,
cp_735,cp,735,CP 31214,,false,false,,
cp_736,cp,736,CP 33030,,false,false,,
cp_737,cp,737,CP 32617,,false,false,,
cp_738,cp,738,CP 31675,,false,false,,
cp_739,cp,739,CP 31678,,false,false,,
cp_740,cp,740,CP 31677,,false,false,,
cp_741,cp,741,CP 33451,,false,false,,
cp_742,cp,742,CP 33296,,false,false,,
cp_743,cp,743,CP 33513,,false,false,,
cp_744,cp,744,CP 33506,,false,false,,
cp_745,cp,745,CP 33515,,false,false,,
cp_746,cp,746,CP 33517,,false,false,,
cp_747,cp,747,CP 33503,,false,false,,
cp_748,cp,748,CP 33500,,false,false,,
cp_749,cp,749,CP 33860,,false,false,,
cp_750,cp,750,CP 32439,,false,false,,
cp_751,cp,751,CP 32090,,false,false,,
cp_752,cp,752,CP 31114,,false,false,,
cp_753,cp,753,CP 33975,,false,false,,
cp_754,cp,754,CP 33977,,false,false,,
cp_755,cp,755,CP 32440,,false,false,,
cp_756,cp,756,CP 31060,,false,false,,
cp_757,cp,757,CP 32500,,false,false,,
cp_758,cp,758,CP 32452,,false,false,,
cp_759,cp,759,CP 32451,,false,false,,
cp_760,cp,760,CP 32620,,false,false,,
cp_761,cp,761,CP 31719,,false,false,,
cp_762,cp,762,CP 33823,,false,false,,
cp_763,cp,763,CP 33850,,false,false,,
cp_764,cp,764,CP 33454,,false,false,,
cp_765,cp,765,CP 33297,,false,false,,
cp_766,cp,766,CP 33298,,false,false,,
cp_767,cp,767,CP 31630,,false,false,,
cp_768,cp,768,CP 33978,,false,false,,
cp_769,cp,769,CP 33540,,false,false,,
cp_770,cp,770,CP 32724,,false,false,,
cp_771,cp,771,CP 33880,,false,false,,
cp_772,cp,772,CP 33465,,false,false,,
cp_773,cp,773,CP 33464,,false,false,,
cp_774,cp,774,CP 33293,,false,false,,
cp_775,cp,775,CP 33283,,false,false,,
cp_776,cp,776,CP 33288,,false,false,,
cp_777,cp,777,CP 33970,,false,false,,
cp_778,cp,778,CP 33973,,false,false,,
cp_779,cp,779,CP 33976,,false,false,,
cp_780,cp,780,CP 32398,,false,false,,
cp_781,cp,781,CP 32648,,false,false,,
cp_782,cp,782,CP 32319,,false,false,,
cp_783,cp,783,CP 33460,,false,false,,
cp_784,cp,784,CP 33463,,false,false,,
cp_785,cp,785,CP 33457,,false,false,,
cp_786,cp,786,CP 33294,,false,false,,
cp_787,cp,787,CP 33295,,false,false,,
cp_788,cp,788,CP 33292,,false,false,,
cp_789,cp,789,CP 31116,,false,false,,
cp_790,cp,790,CP 33884,,false,false,,
cp_791,cp,791,CP 33656,,false,false,,
cp_792,cp,792,CP 33466,,false,false,,
cp_793,cp,793,CP 33281,,false,false,,
cp_794,cp,794,CP 33233,,false,false,,
cp_795,cp,795,CP 33235,,false,false,,
cp_796,cp,796,CP 33236,,false,false,,
cp_797,cp,797,CP 32107,,false,false,,
cp_798,cp,798,CP 33544,,false,false,,
cp_799,cp,799,CP 33547,,false,false,,
cp_800,cp,800,CP 31804,,false,false,,
cp_801,cp,801,CP 32540,,false,false,,
cp_802,cp,802,CP 31522,,false,false,,
cp_803,cp,803,CP 33816,,false,false,,
cp_804,cp,804,CP 33455,,false,false,,
cp_805,cp,805,CP 33456,,false,false,,
cp_806,cp,806,CP 33462,,false,false,,
cp_807,cp,807,CP 33453,,false,false,,
cp_808,cp,808,CP 33450,,false,false,,
cp_809,cp,809,CP 31813,,false,false,,
cp_810,cp,810,CP 31803,,false,false,,
cp_811,cp,811,CP 31730,,false,false,,
cp_812,cp,812,CP 31644,,false,false,,
cp_813,cp,813,CP 32210,,false,false,,
cp_814,cp,814,CP 32130,,false,false,,
cp_815,cp,815,CP 32140,,false,false,,
cp_816,cp,816,CP 31205,,false,false,,
cp_817,cp,817,CP 31534,,false,false,,
cp_818,cp,818,CP 32220,,false,false,,
cp_819,cp,819,CP 33458,,false,false,,
cp_820,cp,820,CP 33459,,false,false,,
cp_821,cp,821,CP 33469,,false,false,,
cp_822,cp,822,CP 33467,,false,false,,
cp_823,cp,823,CP 31647,,false,false,,
cp_824,cp,824,CP 31646,,false,false,,
cp_825,cp,825,CP 31645,,false,false,,
cp_826,cp,826,CP 33234,,false,false,,
cp_827,cp,827,CP 33230,,false,false,,
cp_828,cp,828,CP 33205,,false,false,,
cp_829,cp,829,CP 32230,,false,false,,
cp_830,cp,830,CP 32402,,false,false,,
cp_831,cp,831,CP 32317,,false,false,,
cp_832,cp,832,CP 33625,,false,false,,
cp_833,cp,833,CP 33548,,false,false,,
cp_834,cp,834,CP 33543,,false,false,,
cp_835,cp,835,CP 33545,,false,false,,
cp_836,cp,836,CP 32950,,false,false,,
cp_837,cp,837,CP 31710,,false,false,,
cp_838,cp,838,CP 32699,,false,false,,
cp_839,cp,839,CP 32424,,false,false,,
cp_840,cp,840,CP 32217,,false,false,,
cp_841,cp,841,CP 31170,,false,false,,
cp_842,cp,842,CP 33624,,false,false,,
cp_843,cp,843,CP 32299,,false,false,,
cp_844,cp,844,CP 32538,,false,false,,
cp_845,cp,845,CP 32625,,false,false,,
cp_846,cp,846,CP 32295,,false,false,,
cp_847,cp,847,CP 32722,,false,false,,
cp_848,cp,848,CP 33232,,false,false,,
cp_849,cp,849,CP 31020,,false,false,,
cp_850,cp,850,CP 32649,,false,false,,
cp_851,cp,851,CP 31965,,false,false,,
cp_852,cp,852,CP 31963,,false,false,,
cp_853,cp,853,CP 33826,,false,false,,
cp_854,cp,854,CP 31643,,false,false,,
cp_855,cp,855,CP 32544,,false,false,,
cp_856,cp,856,CP 31960,,false,false,,
cp_857,cp,857,CP 33400,,false,false,,
cp_858,cp,858,CP 33403,,false,false,,
cp_859,cp,859,CP 33409,,false,false,,
cp_860,cp,860,CP 33404,,false,false,,
cp_861,cp,861,CP 33405,,false,false,,
cp_862,cp,862,CP 33406,,false,false,,
cp_863,cp,863,CP 33650,,false,false,,
cp_864,cp,864,CP 31640,,false,false,,
cp_865,cp,865,CP 31898,,false,false,,
cp_866,cp,866,CP 31893,,false,false,,
cp_867,cp,867,CP 31896,,false,false,,
cp_868,cp,868,CP 33206,,false,false,,
cp_869,cp,869,CP 33204,,false,false,,
cp_870,cp,870,CP 31783,,false,false,,
cp_871,cp,871,CP 33108,,false,false,,
cp_872,cp,872,CP 33596,,false,false,,
cp_873,cp,873,CP 31897,,false,false,,
cp_874,cp,874,CP 31895,,false,false,,
cp_875,cp,875,CP 31890,,false,false,,
cp_876,cp,876,CP 32662,,false,false,,
cp_877,cp,877,CP 31350,,false,false,,
cp_878,cp,878,CP 33983,,false,false,,
cp_879,cp,879,CP 31851,,false,false,,
cp_880,cp,880,CP 31856,,false,false,,
cp_881,cp,881,CP 31755,,false,false,,
cp_882,cp,882,CP 33967,,false,false,,
cp_883,cp,883,CP 33376,,false,false,,
cp_884,cp,884,CP 33107,,false,false,,
cp_885,cp,885,CP 33346,,false,false,,
cp_886,cp,886,CP 31861,,false,false,,
cp_887,cp,887,CP 33356,,false,false,,
cp_888,cp,888,CP 31805,,false,false,,
cp_889,cp,889,CP 31780,,false,false,,
cp_890,cp,890,CP 33355,,false,false,,
cp_891,cp,891,CP 33415,,false,false,,
cp_892,cp,892,CP 33416,,false,false,,
cp_893,cp,893,CP 33408,,false,false,,
cp_894,cp,894,CP 33413,,false,false,,
cp_895,cp,895,CP 31864,,false,false,,
cp_896,cp,896,CP 33201,,false,false,,
cp_897,cp,897,CP 32108,,false,false,,
cp_898,cp,898,CP 31125,,false,false,,
cp_899,cp,899,CP 31807,,false,false,,
cp_900,cp,900,CP 31806,,false,false,,
cp_901,cp,901,CP 31810,,false,false,,
cp_902,cp,902,CP 31959,,false,false,,
cp_903,cp,903,CP 31186,,false,false,,
cp_904,cp,904,CP 33996,,false,false,,
cp_905,cp,905,CP 33316,,false,false,,
cp_906,cp,906,CP 33317,,false,false,,
cp_907,cp,907,CP 33347,,false,false,,
cp_908,cp,908,CP 31956,,false,false,,
cp_909,cp,909,CP 31375,,false,false,,
cp_910,cp,910,CP 33997,,false,false,,
cp_911,cp,911,CP 31953,,false,false,,
cp_912,cp,912,CP 31955,,false,false,,
cp_913,cp,913,CP 33324,,false,false,,
cp_914,cp,914,CP 33902,,false,false,,
cp_915,cp,915,CP 33106,,false,false,,
cp_916,cp,916,CP 33896,,false,false,,
cp_917,cp,917,CP 33100,,false,false,,
cp_918,cp,918,CP 33113,,false,false,,
cp_919,cp,919,CP 33093,,false,false,,
cp_920,cp,920,CP 33038,,false,false,,
cp_921,cp,921,CP 33360,,false,false,,
cp_922,cp,922,CP 33397,,false,false,,
cp_923,cp,923,CP 33039,,false,false,,
cp_924,cp,924,CP 33398,,false,false,,
cp_925,cp,925,CP 33393,,false,false,,
cp_926,cp,926,CP 33390,,false,false,,
cp_927,cp,927,CP 33385,,false,false,,
cp_928,cp,928,CP 33384,,false,false,,
cp_929,cp,929,CP 33387,,false,false,,
cp_930,cp,930,CP 33383,,false,false,,
cp_931,cp,931,CP 33396,,false,false,,
cp_932,cp,932,CP 33380,,false,false,,
cp_933,cp,933,CP 33386,,false,false,,
cp_934,cp,934,CP 32420,,false,false,,
cp_935,cp,935,CP 31873,,false,false,,
cp_936,cp,936,CP 31891,,false,false,,
cp_937,cp,937,CP 31870,,false,false,,
cp_938,cp,938,CP 31874,,false,false,,
cp_939,cp,939,CP 31160,,false,false,,
cp_940,cp,940,CP 33370,,false,false,,
cp_941,cp,941,CP 33549,,false,false,,
cp_942,cp,942,CP 33546,,false,false,,
cp_943,cp,943,CP 33367,,false,false,,
cp_944,cp,944,CP 33366,,false,false,,
cp_945,cp,945,CP 33364,,false,false,,
cp_946,cp,946,CP 33365,,false,false,,
cp_947,cp,947,CP 33664,,false,false,,
cp_948,cp,948,CP 33667,,false,false,,
cp_949,cp,949,CP 33651,,false,false,,
cp_950,cp,950,CP 33665,,false,false,,
cp_951,cp,951,CP 33372,,false,false,,
cp_952,cp,952,CP 33340,,false,false,,
cp_953,cp,953,CP 33342,,false,false,,
cp_954,cp,954,CP 33344,,false,false,,
cp_955,cp,955,CP 33343,,false,false,,
cp_956,cp,956,CP 33353,,false,false,,
cp_957,cp,957,CP 33354,,false,false,,
cp_958,cp,958,CP 33350,,false,false,,
cp_959,cp,959,CP 33434,,false,false,,
cp_960,cp,960,CP 31876,,false,false,,
cp_961,cp,961,CP 31877,,false,false,,
cp_962,cp,962,CP 31115,,false,false,,
cp_963,cp,963,CP 31954,,false,false,,
cp_964,cp,964,CP 31958,,false,false,,
cp_965,cp,965,CP 31957,,false,false,,
cp_966,cp,966,CP 31945,,false,false,,
cp_967,cp,967,CP 31950,,false,false,,
cp_968,cp,968,CP 31947,,false,false,,
cp_969,cp,969,CP 33873,,false,false,,
cp_970,cp,970,CP 33908,,false,false,,
cp_971,cp,971,CP 33394,,false,false,,
cp_972,cp,972,CP 33395,,false,false,,
cp_973,cp,973,CP 33373,,false,false,,
cp_974,cp,974,CP 33374,,false,false,,
cp_975,cp,975,CP 33375,,false,false,,
cp_976,cp,976,CP 33433,,false,false,,
cp_977,cp,977,CP 31842,,false,false,,
cp_978,cp,978,CP 33200,,false,false,,
cp_979,cp,979,CP 32813,,false,false,,
cp_980,cp,980,CP 31943,,false,false,,
cp_981,cp,981,CP 31944,,false,false,,
cp_982,cp,982,CP 31940,,false,false,,
cp_983,cp,983,CP 31942,,false,false,,
cp_984,cp,984,CP 31946,,false,false,,
cp_985,cp,985,CP 33945,,false,false,,
cp_986,cp,986,CP 33946,,false,false,,
cp_987,cp,987,CP 33879,,false,false,,
cp_988,cp,988,CP 33947,,false,false,,
cp_989,cp,989,CP 31207,,false,false,,
cp_990,cp,990,CP 31216,,false,false,,
cp_991,cp,991,CP 31206,,false,false,,
cp_992,cp,992,CP 33120,,false,false,,
cp_993,cp,993,CP 31849,,false,false,,
cp_994,cp,994,CP 33203,,false,false,,
cp_995,cp,995,CP 33940,,false,false,,
cp_996,cp,996,CP 33944,,false,false,,
cp_997,cp,997,CP 33750,,false,false,,
cp_998,cp,998,CP 33431,,false,false,,
cp_999,cp,999,CP 31844,,false,false,,
cp_1000,cp,1000,CP 31845,,false,false,,
cp_1001,cp,1001,CP 31847,,false,false,,
cp_1002,cp,1002,CP 31220,,false,false,,
cp_1003,cp,1003,CP 31450,,false,false,,
cp_1004,cp,1004,CP 33950,,false,false,,
cp_1005,cp,1005,CP 33957,,false,false,,
cp_1006,cp,1006,CP 33956,,false,false,,
cp_1007,cp,1007,CP 33955,,false,false,,
cp_1008,cp,1008,CP 33953,,false,false,,
cp_1009,cp,1009,CP 31000,,false,false,,
cp_1010,cp,1010,CP 33130,,false,false,,
cp_1011,cp,1011,CP 33440,,false,false,,
cp_1012,cp,1012,CP 32890,,false,false,,
cp_1013,cp,1013,CP 32895,,false,false,,
cp_1014,cp,1014,CP 32864,,false,false,,
cp_1015,cp,1015,CP 32863,,false,false,,
cp_1016,cp,1016,CP 32852,,false,false,,
cp_1017,cp,1017,CP 32857,,false,false,,
cp_1018,cp,1018,CP 32858,,false,false,,
cp_1019,cp,1019,CP 32855,,false,false,,
cp_1020,cp,1020,CP 32853,,false,false,,
cp_1021,cp,1021,CP 32850,,false,false,,
cp_1022,cp,1022,CP 32856,,false,false,,
cp_1023,cp,1023,CP 33954,,false,false,,
cp_1024,cp,1024,CP 32893,,false,false,,
cp_1025,cp,1025,CP 32546,,false,false,,
cp_1026,cp,1026,CP 32866,,false,false,,
cp_1027,cp,1027,CP 33238,,false,false,,
cp_1028,cp,1028,CP 33584,,false,false,,
cp_1029,cp,1029,CP 31665,,false,false,,
cp_1030,cp,1030,CP 32865,,false,false,,
cp_1031,cp,1031,CP 32854,,false,false,,
cp_1032,cp,1032,CP 32859,,false,false,,
cp_1033,cp,1033,CP 32860,,false,false,,
cp_1034,cp,1034,CP 32988,,false,false,,
cp_1035,cp,1035,CP 32423,,false,false,,
cp_1036,cp,1036,CP 32409,,false,false,,
cp_1037,cp,1037,CP 32469,,false,false,,
cp_1038,cp,1038,CP 32510,,false,false,,
cp_1039,cp,1039,CP 32519,,false,false,,
cp_1040,cp,1040,CP 32120,,false,false,,
cp_1041,cp,1041,CP 32437,,false,false,,
cp_1042,cp,1042,CP 32630,,false,false,,
cp_1043,cp,1043,CP 32260,,false,false,,
cp_1044,cp,1044,CP 32584,,false,false,,
cp_1045,cp,1045,CP 32270,,false,false,,
cp_1046,cp,1046,CP 32560,,false,false,,
cp_1047,cp,1047,CP 32401,,false,false,,
cp_1048,cp,1048,CP 32400,,false,false,,
cp_1049,cp,1049,CP 32460,,false,false,,
cp_1050,cp,1050,CP 32427,,false,false,,
cp_1051,cp,1051,CP 32583,,false,false,,
cp_1052,cp,1052,CP 32450,,false,false,,
cp_1053,cp,1053,CP 31310,,false,false,,
cp_1054,cp,1054,CP 31300,,false,false,,
cp_1055,cp,1055,CP 32692,,false,false,,
cp_1056,cp,1056,CP 31376,,false,false,,
cp_1057,cp,1057,CP 31384,,false,false,,
cp_1058,cp,1058,CP 32945,,false,false,,
cp_1059,cp,1059,CP 31065,,false,false,,
cp_1060,cp,1060,CP 32900,,false,false,,
cp_1061,cp,1061,CP 31153,,false,false,,
cp_1062,cp,1062,CP 31067,,false,false,,
cp_1063,cp,1063,CP 31621,,false,false,,
cp_1064,cp,1064,CP 31622,,false,false,,
cp_1065,cp,1065,CP 32903,,false,false,,
cp_1066,cp,1066,CP 32902,,false,false,,
cp_1067,cp,1067,CP 31385,,false,false,,
cp_1068,cp,1068,CP 32914,,false,false,,
cp_1069,cp,1069,CP 31410,,false,false,,
cp_1070,cp,1070,CP 32350,,false,false,,
cp_1071,cp,1071,CP 31054,,false,false,,
cp_1072,cp,1072,CP 33065,,false,false,,
cp_1073,cp,1073,CP 33063,,false,false,,
cp_1074,cp,1074,CP 33060,,false,false,,
cp_1075,cp,1075,CP 33076,,false,false,,
cp_1076,cp,1076,CP 33070,,false,false,,
cp_1077,cp,1077,CP 33090,,false,false,,
cp_1078,cp,1078,CP 33019,,false,false,,
cp_1079,cp,1079,CP 33018,,false,false,,
cp_1080,cp,1080,CP 33050,,false,false,,
cp_1081,cp,1081,CP 33084,,false,false,,
cp_1082,cp,1082,CP 31533,,false,false,,
cp_1083,cp,1083,CP 31530,,false,false,,
cp_1084,cp,1084,CP 31540,,false,false,,
cp_1085,cp,1085,CP 31527,,false,false,,
cp_1086,cp,1086,CP 32370,,false,false,,
cp_1087,cp,1087,CP 32616,,false,false,,
cp_1088,cp,1088,CP 32664,,false,false,,
cp_1089,cp,1089,CP 32659,,false,false,,
cp_1090,cp,1090,CP 32573,,false,false,,
cp_1091,cp,1091,CP 32680,,false,false,,
cp_1092,cp,1092,CP 32660,,false,false,,
cp_1093,cp,1093,CP 32653,,false,false,,
cp_1094,cp,1094,CP 32629,,false,false,,
cp_1095,cp,1095,CP 32459,,false,false,,
cp_1096,cp,1096,CP 32415,,false,false,,
cp_1097,cp,1097,CP 32360,,false,false,,
cp_1098,cp,1098,CP 32349,,false,false,,
cp_1099,cp,1099,CP 32376,,false,false,,
cp_1100,cp,1100,CP 32240,,false,false,,
cp_1101,cp,1101,CP 32330,,false,false,,
cp_1102,cp,1102,CP 32200,,false,false,,
cp_1103,cp,1103,CP 32177,,false,false,,
cp_1104,cp,1104,CP 32170,,false,false,,
cp_1105,cp,1105,CP 32650,,false,false,,
cp_1106,cp,1106,CP 32605,,false,false,,
cp_1107,cp,1107,CP 32679,,false,false,,
cp_1108,cp,1108,CP 31735,,false,false,,
cp_1109,cp,1109,CP 32698,,false,false,,
cp_1110,cp,1110,CP 33856,,false,false,,
cp_1111,cp,1111,CP 33810,,false,false,,
cp_1112,cp,1112,CP 33800,,false,false,,
cp_1113,cp,1113,CP 33846,,false,false,,
cp_1114,cp,1114,CP 33834,,false,false,,
cp_1115,cp,1115,CP 33825,,false,false,,
cp_1116,cp,1116,CP 33885,,false,false,,
cp_1117,cp,1117,CP 33916,,false,false,,
cp_1118,cp,1118,CP 33917,,false,false,,
cp_1119,cp,1119,CP 31750,,false,false,,
cp_1120,cp,1120,CP 31720,,false,false,,
cp_1121,cp,1121,CP 31831,,false,false,,
cp_1122,cp,1122,CP 31825,,false,false,,
cp_1123,cp,1123,CP 31835,,false,false,,
cp_1124,cp,1124,CP 31830,,false,false,,
cp_1125,cp,1125,CP 31840,,false,false,,
cp_1126,cp,1126,CP 31848,,false,false,,
cp_1127,cp,1127,CP 31843,,false,false,,
cp_1128,cp,1128,CP 31846,,false,false,,
cp_1129,cp,1129,CP 33627,,false,false,,
cp_1130,cp,1130,CP 33987,,false,false,,
cp_1131,cp,1131,CP 33984,,false,false,,
cp_1132,cp,1132,CP 33585,,false,false,,
cp_1133,cp,1133,CP 33586,,false,false,,
cp_1134,cp,1134,CP 33587,,false,false,,
cp_1135,cp,1135,CP 33583,,false,false,,
cp_1136,cp,1136,CP 33580,,false,false,,
cp_1137,cp,1137,CP 33138,,false,false,,
cp_1138,cp,1138,CP 33815,,false,false,,
cp_1139,cp,1139,CP 33115,,false,false,,
cp_1140,cp,1140,CP 33903,,false,false,,
cp_1141,cp,1141,CP 33900,,false,false,,
cp_1142,cp,1142,CP 33875,,false,false,,
cp_1143,cp,1143,CP 33110,,false,false,,
cp_1144,cp,1144,CP 33117,,false,false,,
cp_1145,cp,1145,CP 33104,,false,false,,
cp_1146,cp,1146,CP 33017,,false,false,,
cp_1147,cp,1147,CP 33904,,false,false,,
cp_1148,cp,1148,CP 33088,,false,false,,
cp_1149,cp,1149,CP 33023,,false,false,,
cp_1150,cp,1150,CP 33103,,false,false,,
cp_1151,cp,1151,CP 33399,,false,false,,
cp_1152,cp,1152,CP 33377,,false,false,,
cp_1153,cp,1153,CP 33305,,false,false,,
cp_1154,cp,1154,CP 33357,,false,false,,
cp_1155,cp,1155,CP 31899,,false,false,,
cp_1156,cp,1156,CP 31858,,false,false,,
cp_1157,cp,1157,CP 31859,,false,false,,
cp_1158,cp,1158,CP 31862,,false,false,,
cp_1159,cp,1159,CP 31860,,false,false,,
cp_1160,cp,1160,CP 31853,,false,false,,
cp_1161,cp,1161,CP 31875,,false,false,,
cp_1162,cp,1162,CP 31900,,false,false,,
cp_1163,cp,1163,CP 33280,,false,false,,
cp_1164,cp,1164,CP 33299,,false,false,,
cp_1165,cp,1165,CP 33214,,false,false,,
cp_1166,cp,1166,CP 33210,,false,false,,
cp_1167,cp,1167,CP 33207,,false,false,,
cp_1168,cp,1168,CP 33202,,false,false,,
cp_1169,cp,1169,CP 33216,,false,false,,
cp_1170,cp,1170,CP 32949,,false,false,,
cp_1171,cp,1171,CP 32932,,false,false,,
cp_1172,cp,1172,CP 32930,,false,false,,
cp_1173,cp,1173,CP 33142,,false,false,,
cp_1174,cp,1174,CP 33148,,false,false,,
cp_1175,cp,1175,CP 33140,,false,false,,
cp_1176,cp,1176,CP 33146,,false,false,,
cp_1177,cp,1177,CP 33145,,false,false,,
cp_1178,cp,1178,CP 31854,,false,false,,
cp_1179,cp,1179,CP 32159,,false,false,,
cp_1180,cp,1180,CP 32180,,false,false,,
cp_1181,cp,1181,CP 32290,,false,false,,
cp_1182,cp,1182,CP 32730,,false,false,,
cp_1183,cp,1183,CP 32734,,false,false,,
cp_1184,cp,1184,CP 32579,,false,false,,
cp_1185,cp,1185,CP 33929,,false,false,,
cp_1186,cp,1186,CP 33920,,false,false,,
cp_1187,cp,1187,CP 33926,,false,false,,
cp_1188,cp,1188,CP 33927,,false,false,,
cp_1189,cp,1189,CP 33924,,false,false,,
cp_1190,cp,1190,CP 33925,,false,false,,
cp_1191,cp,1191,CP 33923,,false,false,,
cp_1192,cp,1192,CP 33676,,false,false,,
cp_1193,cp,1193,CP 33670,,false,false,,
cp_1194,cp,1194,CP 33677,,false,false,,
cp_1195,cp,1195,CP 33674,,false,false,,
cp_1196,cp,1196,CP 33675,,false,false,,
cp_1197,cp,1197,CP 31631,,false,false,,
cp_1198,cp,1198,CP 31122,,false,false,,
cp_1199,cp,1199,CP 31123,,false,false,,
cp_1200,cp,1200,CP 31390,,false,false,,
cp_1201,cp,1201,CP 31654,,false,false,,
cp_1202,cp,1202,CP 31657,,false,false,,
cp_1203,cp,1203,CP 31656,,false,false,,
cp_1204,cp,1204,CP 31658,,false,false,,
cp_1205,cp,1205,CP 31652,,false,false,,
cp_1206,cp,1206,CP 33563,,false,false,,
cp_1207,cp,1207,CP 33577,,false,false,,
cp_1208,cp,1208,CP 31680,,false,false,,
cp_1209,cp,1209,CP 31685,,false,false,,
cp_1210,cp,1210,CP 31686,,false,false,,
cp_1211,cp,1211,CP 31681,,false,false,,
cp_1212,cp,1212,CP 31929,,false,false,,
cp_1213,cp,1213,CP 31922,,false,false,,
cp_1214,cp,1214,CP 31935,,false,false,,
cp_1215,cp,1215,CP 31936,,false,false,,
cp_1216,cp,1216,CP 31928,,false,false,,
cp_1217,cp,1217,CP 31924,,false,false,,
cp_1218,cp,1218,CP 31927,,false,false,,
cp_1219,cp,1219,CP 31923,,false,false,,
cp_1220,cp,1220,CP 31920,,false,false,,
cp_1221,cp,1221,CP 31921,,false,false,,
cp_1222,cp,1222,CP 31933,,false,false,,
cp_1223,cp,1223,CP 33974,,false,false,,
cp_1224,cp,1224,CP 33986,,false,false,,
cp_1225,cp,1225,CP 32885,,false,false,,
cp_1226,cp,1226,CP 32884,,false,false,,
cp_1227,cp,1227,CP 33645,,false,false,,
cp_1228,cp,1228,CP 33640,,false,false,,
cp_1229,cp,1229,CP 33570,,false,false,,
cp_1230,cp,1230,CP 33573,,false,false,,
cp_1231,cp,1231,CP 33568,,false,false,,
cp_1232,cp,1232,CP 33560,,false,false,,
cp_1233,cp,1233,CP 33567,,false,false,,
cp_1234,cp,1234,CP 33566,,false,false,,
cp_1235,cp,1235,CP 33574,,false,false,,
cp_1236,cp,1236,CP 33564,,false,false,,
cp_1237,cp,1237,CP 33187,,false,false,,
cp_1238,cp,1238,CP 33184,,false,false,,
cp_1239,cp,1239,CP 32774,,false,false,,
cp_1240,cp,1240,CP 32770,,false,false,,
cp_1241,cp,1241,CP 32765,,false,false,,
cp_1242,cp,1242,CP 31513,,false,false,,
cp_1243,cp,1243,CP 31510,,false,false,,
cp_1244,cp,1244,CP 31512,,false,false,,
cp_1245,cp,1245,CP 31691,,false,false,,
cp_1246,cp,1246,CP 33505,,false,false,,
cp_1247,cp,1247,CP 33504,,false,false,,
cp_1248,cp,1248,CP 31704,,false,false,,
cp_1249,cp,1249,CP 31770,,false,false,,
cp_1250,cp,1250,CP 31700,,false,false,,
cp_1251,cp,1251,CP 33514,,false,false,,
cp_1252,cp,1252,CP 33502,,false,false,,
cp_1253,cp,1253,CP 32955,,false,false,,
cp_1254,cp,1254,CP 33943,,false,false,,
cp_1255,cp,1255,CP 32987,,false,false,,
cp_1256,cp,1256,CP 32989,,false,false,,
cp_1257,cp,1257,CP 32998,,false,false,,
cp_1258,cp,1258,CP 33330,,false,false,,
cp_1259,cp,1259,CP 33333,,false,false,,
cp_1260,cp,1260,CP 33327,,false,false,,
cp_1261,cp,1261,CP 33323,,false,false,,
cp_1262,cp,1262,CP 33320,,false,false,,
cp_1263,cp,1263,CP 33325,,false,false,,
cp_1264,cp,1264,CP 33326,,false,false,,
cp_1265,cp,1265,CP 31456,,false,false,,
cp_1266,cp,1266,CP 31453,,false,false,,
cp_1267,cp,1267,CP 32536,,false,false,,
cp_1268,cp,1268,CP 32528,,false,false,,
cp_1269,cp,1269,CP 31075,,false,false,,
cp_1270,cp,1270,CP 31066,,false,false,,
cp_1271,cp,1271,CP 31380,,false,false,,
cp_1272,cp,1272,CP 31110,,false,false,,
cp_1273,cp,1273,CP 31184,,false,false,,
distrito_local_1,distrito_local,1,Distrito Local 1,,false,false,,
distrito_local_2,distrito_local,2,Distrito Local 2,,false,false,,
distrito_local_3,distrito_local,3,Distrito Local 3,,false,false,,
distrito_local_4,distrito_local,4,Distrito Local 4,,false,false,,
distrito_local_5,distrito_local,5,Distrito Local 5,,false,false,,
distrito_local_6,distrito_local,6,Distrito Local 6,,false,false,,
distrito_local_7,distrito_local,7,Distrito Local 7,,false,false,,
distrito_local_8,distrito_local,8,Distrito Local 8,,false,false,,
distrito_local_9,distrito_local,9,Distrito Local 9,,false,false,,
distrito_local_10,distrito_local,10,Distrito Local 10,,false,false,,
distrito_local_11,distrito_local,11,Distrito Local 11,,false,false,,
distrito_local_12,distrito_local,12,Distrito Local 12,,false,false,,
distrito_local_13,distrito_local,13,Distrito Local 13,,false,false,,
distrito_local_14,distrito_local,14,Distrito Local 14,,false,false,,
distrito_local_15,distrito_local,15,Distrito Local 15,,false,false,,
distrito_local_16,distrito_local,16,Distrito Local 16,,false,false,,
distrito_local_17,distrito_local,17,Distrito Local 17,,false,false,,
distrito_local_18,distrito_local,18,Distrito Local 18,,false,false,,
distrito_local_19,distrito_local,19,Distrito Local 19,,false,false,,
distrito_local_20,distrito_local,20,Distrito Local 20,,false,false,,
distrito_local_21,distrito_local,21,Distrito Local 21,,false,false,,
distrito_local_22,distrito_local,22,Distrito Local 22,,false,false,,
distrito_federal_1,distrito_federal,1,Distrito Federal 1,,false,false,,
distrito_federal_10,distrito_federal,10,Distrito Federal 10,,false,false,,
distrito_federal_3,distrito_federal,3,Distrito Federal 3,,false,false,,
distrito_federal_4,distrito_federal,4,Distrito Federal 4,,false,false,,
distrito_federal_5,distrito_federal,5,Distrito Federal 5,,false,false,,
distrito_federal_6,distrito_federal,6,Distrito Federal 6,,false,false,,
distrito_federal_7,distrito_federal,7,Distrito Federal 7,,false,false,,
distrito_federal_8,distrito_federal,8,Distrito Federal 8,,false,false,,
distrito_federal_9,distrito_federal,9,Distrito Federal 9,,false,false,,
casillas_1911_B_1,casillas,1911_B_1,Casilla B - Sección 1911,,false,false,,
casillas_1911_C1_2,casillas,1911_C1_2,Casilla C1 - Sección 1911,,false,false,,
casillas_2815_B_3,casillas,2815_B_3,Casilla B - Sección 2815,,false,false,,
casillas_2815_C1_4,casillas,2815_C1_4,Casilla C1 - Sección 2815,,false,false,,
casillas_2815_C10_5,casillas,2815_C10_5,Casilla C10 - Sección 2815,,false,false,,
casillas_2815_C11_6,casillas,2815_C11_6,Casilla C11 - Sección 2815,,false,false,,
casillas_2815_C12_7,casillas,2815_C12_7,Casilla C12 - Sección 2815,,false,false,,
casillas_2815_C13_8,casillas,2815_C13_8,Casilla C13 - Sección 2815,,false,false,,
casillas_2815_C14_9,casillas,2815_C14_9,Casilla C14 - Sección 2815,,false,false,,
casillas_2815_C15_10,casillas,2815_C15_10,Casilla C15 - Sección 2815,,false,false,,
casillas_2815_C16_11,casillas,2815_C16_11,Casilla C16 - Sección 2815,,false,false,,
casillas_2815_C17_12,casillas,2815_C17_12,Casilla C17 - Sección 2815,,false,false,,
casillas_2815_C18_13,casillas,2815_C18_13,Casilla C18 - Sección 2815,,false,false,,
casillas_2815_C2_14,casillas,2815_C2_14,Casilla C2 - Sección 2815,,false,false,,
casillas_2815_C3_15,casillas,2815_C3_15,Casilla C3 - Sección 2815,,false,false,,
casillas_2815_C4_16,casillas,2815_C4_16,Casilla C4 - Sección 2815,,false,false,,
casillas_2815_C5_17,casillas,2815_C5_17,Casilla C5 - Sección 2815,,false,false,,
casillas_2815_C6_18,casillas,2815_C6_18,Casilla C6 - Sección 2815,,false,false,,
casillas_2815_C7_19,casillas,2815_C7_19,Casilla C7 - Sección 2815,,false,false,,
casillas_2815_C8_20,casillas,2815_C8_20,Casilla C8 - Sección 2815,,false,false,,
casillas_2815_C9_21,casillas,2815_C9_21,Casilla C9 - Sección 2815,,false,false,,
casillas_2815_S1_22,casillas,2815_S1_22,Casilla S1 - Sección 2815,,false,false,,
casillas_2816_B_23,casillas,2816_B_23,Casilla B - Sección 2816,,false,false,,
casillas_2816_C1_24,casillas,2816_C1_24,Casilla C1 - Sección 2816,,false,false,,
casillas_2817_B_25,casillas,2817_B_25,Casilla B - Sección 2817,,false,false,,
casillas_2817_C1_26,casillas,2817_C1_26,Casilla C1 - Sección 2817,,false,false,,
casillas_2824_B_27,casillas,2824_B_27,Casilla B - Sección 2824,,false,false,,
casillas_2824_C1_28,casillas,2824_C1_28,Casilla C1 - Sección 2824,,false,false,,
casillas_2829_B_29,casillas,2829_B_29,Casilla B - Sección 2829,,false,false,,
casillas_2829_C1_30,casillas,2829_C1_30,Casilla C1 - Sección 2829,,false,false,,
casillas_1817_B_31,casillas,1817_B_31,Casilla B - Sección 1817,,false,false,,
casillas_1818_B_32,casillas,1818_B_32,Casilla B - Sección 1818,,false,false,,
casillas_1819_B_33,casillas,1819_B_33,Casilla B - Sección 1819,,false,false,,
casillas_1820_B_34,casillas,1820_B_34,Casilla B - Sección 1820,,false,false,,
casillas_1821_B_35,casillas,1821_B_35,Casilla B - Sección 1821,,false,false,,
casillas_1821_C1_36,casillas,1821_C1_36,Casilla C1 - Sección 1821,,false,false,,
casillas_1835_B_37,casillas,1835_B_37,Casilla B - Sección 1835,,false,false,,
casillas_1836_B_38,casillas,1836_B_38,Casilla B - Sección 1836,,false,false,,
casillas_1837_B_39,casillas,1837_B_39,Casilla B - Sección 1837,,false,false,,
casillas_1837_C1_40,casillas,1837_C1_40,Casilla C1 - Sección 1837,,false,false,,
casillas_1838_B_41,casillas,1838_B_41,Casilla B - Sección 1838,,false,false,,
casillas_1838_C1_42,casillas,1838_C1_42,Casilla C1 - Sección 1838,,false,false,,
casillas_1839_B_43,casillas,1839_B_43,Casilla B - Sección 1839,,false,false,,
casillas_1840_B_44,casillas,1840_B_44,Casilla B - Sección 1840,,false,false,,
casillas_1850_B_45,casillas,1850_B_45,Casilla B - Sección 1850,,false,false,,
casillas_1851_B_46,casillas,1851_B_46,Casilla B - Sección 1851,,false,false,,
casillas_1851_C1_47,casillas,1851_C1_47,Casilla C1 - Sección 1851,,false,false,,
casillas_1851_C2_48,casillas,1851_C2_48,Casilla C2 - Sección 1851,,false,false,,
casillas_1851_C3_49,casillas,1851_C3_49,Casilla C3 - Sección 1851,,false,false,,
casillas_1895_B_50,casillas,1895_B_50,Casilla B - Sección 1895,,false,false,,
casillas_1896_B_51,casillas,1896_B_51,Casilla B - Sección 1896,,false,false,,
casillas_1896_C1_52,casillas,1896_C1_52,Casilla C1 - Sección 1896,,false,false,,
casillas_1897_B_53,casillas,1897_B_53,Casilla B - Sección 1897,,false,false,,
casillas_1806_B_54,casillas,1806_B_54,Casilla B - Sección 1806,,false,false,,
casillas_1807_B_55,casillas,1807_B_55,Casilla B - Sección 1807,,false,false,,
casillas_1807_C1_56,casillas,1807_C1_56,Casilla C1 - Sección 1807,,false,false,,
casillas_1808_B_57,casillas,1808_B_57,Casilla B - Sección 1808,,false,false,,
casillas_1808_C1_58,casillas,1808_C1_58,Casilla C1 - Sección 1808,,false,false,,
casillas_1809_B_59,casillas,1809_B_59,Casilla B - Sección 1809,,false,false,,
casillas_1810_B_60,casillas,1810_B_60,Casilla B - Sección 1810,,false,false,,
casillas_1812_B_61,casillas,1812_B_61,Casilla B - Sección 1812,,false,false,,
casillas_1812_C1_62,casillas,1812_C1_62,Casilla C1 - Sección 1812,,false,false,,
casillas_1813_B_63,casillas,1813_B_63,Casilla B - Sección 1813,,false,false,,
casillas_1814_B_64,casillas,1814_B_64,Casilla B - Sección 1814,,false,false,,
casillas_1814_C1_65,casillas,1814_C1_65,Casilla C1 - Sección 1814,,false,false,,
casillas_1815_B_66,casillas,1815_B_66,Casilla B - Sección 1815,,false,false,,
casillas_1815_C1_67,casillas,1815_C1_67,Casilla C1 - Sección 1815,,false,false,,
casillas_1816_B_68,casillas,1816_B_68,Casilla B - Sección 1816,,false,false,,
casillas_1822_B_69,casillas,1822_B_69,Casilla B - Sección 1822,,false,false,,
casillas_1823_B_70,casillas,1823_B_70,Casilla B - Sección 1823,,false,false,,
casillas_1824_B_71,casillas,1824_B_71,Casilla B - Sección 1824,,false,false,,
casillas_1825_B_72,casillas,1825_B_72,Casilla B - Sección 1825,,false,false,,
casillas_1825_C1_73,casillas,1825_C1_73,Casilla C1 - Sección 1825,,false,false,,
casillas_1826_B_74,casillas,1826_B_74,Casilla B - Sección 1826,,false,false,,
casillas_1826_C1_75,casillas,1826_C1_75,Casilla C1 - Sección 1826,,false,false,,
casillas_1826_C2_76,casillas,1826_C2_76,Casilla C2 - Sección 1826,,false,false,,
casillas_1826_C3_77,casillas,1826_C3_77,Casilla C3 - Sección 1826,,false,false,,
casillas_1826_C4_78,casillas,1826_C4_78,Casilla C4 - Sección 1826,,false,false,,
casillas_1831_B_79,casillas,1831_B_79,Casilla B - Sección 1831,,false,false,,
casillas_1832_B_80,casillas,1832_B_80,Casilla B - Sección 1832,,false,false,,
casillas_1832_C1_81,casillas,1832_C1_81,Casilla C1 - Sección 1832,,false,false,,
casillas_1833_B_82,casillas,1833_B_82,Casilla B - Sección 1833,,false,false,,
casillas_1834_C1_83,casillas,1834_C1_83,Casilla C1 - Sección 1834,,false,false,,
casillas_1834_B_84,casillas,1834_B_84,Casilla B - Sección 1834,,false,false,,
casillas_1841_B_85,casillas,1841_B_85,Casilla B - Sección 1841,,false,false,,
casillas_1842_C1_86,casillas,1842_C1_86,Casilla C1 - Sección 1842,,false,false,,
casillas_1842_B_87,casillas,1842_B_87,Casilla B - Sección 1842,,false,false,,
casillas_1843_B_88,casillas,1843_B_88,Casilla B - Sección 1843,,false,false,,
casillas_1844_B_89,casillas,1844_B_89,Casilla B - Sección 1844,,false,false,,
casillas_1844_C1_90,casillas,1844_C1_90,Casilla C1 - Sección 1844,,false,false,,
casillas_1845_B_91,casillas,1845_B_91,Casilla B - Sección 1845,,false,false,,
casillas_1845_C1_92,casillas,1845_C1_92,Casilla C1 - Sección 1845,,false,false,,
casillas_1846_B_93,casillas,1846_B_93,Casilla B - Sección 1846,,false,false,,
casillas_1846_C1_94,casillas,1846_C1_94,Casilla C1 - Sección 1846,,false,false,,
casillas_1847_B_95,casillas,1847_B_95,Casilla B - Sección 1847,,false,false,,
casillas_1848_B_96,casillas,1848_B_96,Casilla B - Sección 1848,,false,false,,
casillas_1849_B_97,casillas,1849_B_97,Casilla B - Sección 1849,,false,false,,
casillas_1852_B_98,casillas,1852_B_98,Casilla B - Sección 1852,,false,false,,
casillas_1853_B_99,casillas,1853_B_99,Casilla B - Sección 1853,,false,false,,
casillas_1854_B_100,casillas,1854_B_100,Casilla B - Sección 1854,,false,false,,
casillas_1854_C1_101,casillas,1854_C1_101,Casilla C1 - Sección 1854,,false,false,,
casillas_1855_B_102,casillas,1855_B_102,Casilla B - Sección 1855,,false,false,,
casillas_1855_C1_103,casillas,1855_C1_103,Casilla C1 - Sección 1855,,false,false,,
casillas_1856_B_104,casillas,1856_B_104,Casilla B - Sección 1856,,false,false,,
casillas_1866_C1_105,casillas,1866_C1_105,Casilla C1 - Sección 1866,,false,false,,
casillas_1866_B_106,casillas,1866_B_106,Casilla B - Sección 1866,,false,false,,
casillas_1867_B_107,casillas,1867_B_107,Casilla B - Sección 1867,,false,false,,
casillas_1868_B_108,casillas,1868_B_108,Casilla B - Sección 1868,,false,false,,
casillas_1868_C1_109,casillas,1868_C1_109,Casilla C1 - Sección 1868,,false,false,,
casillas_1869_B_110,casillas,1869_B_110,Casilla B - Sección 1869,,false,false,,
casillas_1869_C1_111,casillas,1869_C1_111,Casilla C1 - Sección 1869,,false,false,,
casillas_1870_B_112,casillas,1870_B_112,Casilla B - Sección 1870,,false,false,,
casillas_1877_B_113,casillas,1877_B_113,Casilla B - Sección 1877,,false,false,,
casillas_1877_C1_114,casillas,1877_C1_114,Casilla C1 - Sección 1877,,false,false,,
casillas_1877_C2_115,casillas,1877_C2_115,Casilla C2 - Sección 1877,,false,false,,
casillas_1877_C3_116,casillas,1877_C3_116,Casilla C3 - Sección 1877,,false,false,,
casillas_1878_B_117,casillas,1878_B_117,Casilla B - Sección 1878,,false,false,,
casillas_1878_C1_118,casillas,1878_C1_118,Casilla C1 - Sección 1878,,false,false,,
casillas_1878_C2_119,casillas,1878_C2_119,Casilla C2 - Sección 1878,,false,false,,
casillas_1878_C3_120,casillas,1878_C3_120,Casilla C3 - Sección 1878,,false,false,,
casillas_1879_C2_121,casillas,1879_C2_121,Casilla C2 - Sección 1879,,false,false,,
casillas_1879_B_122,casillas,1879_B_122,Casilla B - Sección 1879,,false,false,,
casillas_1879_C1_123,casillas,1879_C1_123,Casilla C1 - Sección 1879,,false,false,,
casillas_1879_C3_124,casillas,1879_C3_124,Casilla C3 - Sección 1879,,false,false,,
casillas_1880_B_125,casillas,1880_B_125,Casilla B - Sección 1880,,false,false,,
casillas_1880_C1_126,casillas,1880_C1_126,Casilla C1 - Sección 1880,,false,false,,
casillas_1881_B_127,casillas,1881_B_127,Casilla B - Sección 1881,,false,false,,
casillas_1882_B_128,casillas,1882_B_128,Casilla B - Sección 1882,,false,false,,
casillas_1883_B_129,casillas,1883_B_129,Casilla B - Sección 1883,,false,false,,
casillas_1883_C1_130,casillas,1883_C1_130,Casilla C1 - Sección 1883,,false,false,,
casillas_1891_B_131,casillas,1891_B_131,Casilla B - Sección 1891,,false,false,,
casillas_1891_C1_132,casillas,1891_C1_132,Casilla C1 - Sección 1891,,false,false,,
casillas_1892_C1_133,casillas,1892_C1_133,Casilla C1 - Sección 1892,,false,false,,
casillas_1892_C2_134,casillas,1892_C2_134,Casilla C2 - Sección 1892,,false,false,,
casillas_1892_B_135,casillas,1892_B_135,Casilla B - Sección 1892,,false,false,,
casillas_1893_B_136,casillas,1893_B_136,Casilla B - Sección 1893,,false,false,,
casillas_1894_B_137,casillas,1894_B_137,Casilla B - Sección 1894,,false,false,,
casillas_1898_B_138,casillas,1898_B_138,Casilla B - Sección 1898,,false,false,,
casillas_1899_B_139,casillas,1899_B_139,Casilla B - Sección 1899,,false,false,,
casillas_1900_B_140,casillas,1900_B_140,Casilla B - Sección 1900,,false,false,,
casillas_1900_C1_141,casillas,1900_C1_141,Casilla C1 - Sección 1900,,false,false,,
casillas_1901_B_142,casillas,1901_B_142,Casilla B - Sección 1901,,false,false,,
casillas_1901_C1_143,casillas,1901_C1_143,Casilla C1 - Sección 1901,,false,false,,
casillas_1902_B_144,casillas,1902_B_144,Casilla B - Sección 1902,,false,false,,
casillas_1902_C1_145,casillas,1902_C1_145,Casilla C1 - Sección 1902,,false,false,,
casillas_1903_B_146,casillas,1903_B_146,Casilla B - Sección 1903,,false,false,,
casillas_1903_C1_147,casillas,1903_C1_147,Casilla C1 - Sección 1903,,false,false,,
casillas_1904_B_148,casillas,1904_B_148,Casilla B - Sección 1904,,false,false,,
casillas_1904_C1_149,casillas,1904_C1_149,Casilla C1 - Sección 1904,,false,false,,
casillas_1905_B_150,casillas,1905_B_150,Casilla B - Sección 1905,,false,false,,
casillas_1906_C1_151,casillas,1906_C1_151,Casilla C1 - Sección 1906,,false,false,,
casillas_1906_B_152,casillas,1906_B_152,Casilla B - Sección 1906,,false,false,,
casillas_1907_B_153,casillas,1907_B_153,Casilla B - Sección 1907,,false,false,,
casillas_1907_C1_154,casillas,1907_C1_154,Casilla C1 - Sección 1907,,false,false,,
casillas_1907_C2_155,casillas,1907_C2_155,Casilla C2 - Sección 1907,,false,false,,
casillas_1908_B_156,casillas,1908_B_156,Casilla B - Sección 1908,,false,false,,
casillas_1908_C1_157,casillas,1908_C1_157,Casilla C1 - Sección 1908,,false,false,,
casillas_1909_B_158,casillas,1909_B_158,Casilla B - Sección 1909,,false,false,,
casillas_1910_B_159,casillas,1910_B_159,Casilla B - Sección 1910,,false,false,,
casillas_1912_B_160,casillas,1912_B_160,Casilla B - Sección 1912,,false,false,,
casillas_1912_C1_161,casillas,1912_C1_161,Casilla C1 - Sección 1912,,false,false,,
casillas_1917_B_162,casillas,1917_B_162,Casilla B - Sección 1917,,false,false,,
casillas_1917_C1_163,casillas,1917_C1_163,Casilla C1 - Sección 1917,,false,false,,
casillas_1918_B_164,casillas,1918_B_164,Casilla B - Sección 1918,,false,false,,
casillas_1918_C1_165,casillas,1918_C1_165,Casilla C1 - Sección 1918,,false,false,,
casillas_1919_B_166,casillas,1919_B_166,Casilla B - Sección 1919,,false,false,,
casillas_1919_C1_167,casillas,1919_C1_167,Casilla C1 - Sección 1919,,false,false,,
casillas_1919_C2_168,casillas,1919_C2_168,Casilla C2 - Sección 1919,,false,false,,
casillas_1919_S1_169,casillas,1919_S1_169,Casilla S1 - Sección 1919,,false,false,,
casillas_1920_B_170,casillas,1920_B_170,Casilla B - Sección 1920,,false,false,,
casillas_1920_C1_171,casillas,1920_C1_171,Casilla C1 - Sección 1920,,false,false,,
casillas_1921_B_172,casillas,1921_B_172,Casilla B - Sección 1921,,false,false,,
casillas_1921_C1_173,casillas,1921_C1_173,Casilla C1 - Sección 1921,,false,false,,
casillas_1922_B_174,casillas,1922_B_174,Casilla B - Sección 1922,,false,false,,
casillas_1923_B_175,casillas,1923_B_175,Casilla B - Sección 1923,,false,false,,
casillas_1923_C1_176,casillas,1923_C1_176,Casilla C1 - Sección 1923,,false,false,,
casillas_1924_B_177,casillas,1924_B_177,Casilla B - Sección 1924,,false,false,,
casillas_1924_C1_178,casillas,1924_C1_178,Casilla C1 - Sección 1924,,false,false,,
casillas_1925_B_179,casillas,1925_B_179,Casilla B - Sección 1925,,false,false,,
casillas_1925_C1_180,casillas,1925_C1_180,Casilla C1 - Sección 1925,,false,false,,
casillas_1926_B_181,casillas,1926_B_181,Casilla B - Sección 1926,,false,false,,
casillas_1926_C1_182,casillas,1926_C1_182,Casilla C1 - Sección 1926,,false,false,,
casillas_1927_B_183,casillas,1927_B_183,Casilla B - Sección 1927,,false,false,,
casillas_1927_C1_184,casillas,1927_C1_184,Casilla C1 - Sección 1927,,false,false,,
casillas_1928_B_185,casillas,1928_B_185,Casilla B - Sección 1928,,false,false,,
casillas_1928_C1_186,casillas,1928_C1_186,Casilla C1 - Sección 1928,,false,false,,
casillas_2711_B_187,casillas,2711_B_187,Casilla B - Sección 2711,,false,false,,
casillas_2711_C1_188,casillas,2711_C1_188,Casilla C1 - Sección 2711,,false,false,,
casillas_2711_C10_189,casillas,2711_C10_189,Casilla C10 - Sección 2711,,false,false,,
casillas_2711_C11_190,casillas,2711_C11_190,Casilla C11 - Sección 2711,,false,false,,
casillas_2711_C12_191,casillas,2711_C12_191,Casilla C12 - Sección 2711,,false,false,,
casillas_2711_C13_192,casillas,2711_C13_192,Casilla C13 - Sección 2711,,false,false,,
casillas_2711_C2_193,casillas,2711_C2_193,Casilla C2 - Sección 2711,,false,false,,
casillas_2711_C3_194,casillas,2711_C3_194,Casilla C3 - Sección 2711,,false,false,,
casillas_2711_C4_195,casillas,2711_C4_195,Casilla C4 - Sección 2711,,false,false,,
casillas_2711_C5_196,casillas,2711_C5_196,Casilla C5 - Sección 2711,,false,false,,
casillas_2711_C6_197,casillas,2711_C6_197,Casilla C6 - Sección 2711,,false,false,,
casillas_2711_C7_198,casillas,2711_C7_198,Casilla C7 - Sección 2711,,false,false,,
casillas_2711_C8_199,casillas,2711_C8_199,Casilla C8 - Sección 2711,,false,false,,
casillas_2711_C9_200,casillas,2711_C9_200,Casilla C9 - Sección 2711,,false,false,,
casillas_2712_B_201,casillas,2712_B_201,Casilla B - Sección 2712,,false,false,,
casillas_2712_C1_202,casillas,2712_C1_202,Casilla C1 - Sección 2712,,false,false,,
casillas_2713_C2_203,casillas,2713_C2_203,Casilla C2 - Sección 2713,,false,false,,
casillas_2713_B_204,casillas,2713_B_204,Casilla B - Sección 2713,,false,false,,
casillas_2713_C1_205,casillas,2713_C1_205,Casilla C1 - Sección 2713,,false,false,,
casillas_2713_C3_206,casillas,2713_C3_206,Casilla C3 - Sección 2713,,false,false,,
casillas_2713_C4_207,casillas,2713_C4_207,Casilla C4 - Sección 2713,,false,false,,
casillas_2714_B_208,casillas,2714_B_208,Casilla B - Sección 2714,,false,false,,
casillas_2714_C1_209,casillas,2714_C1_209,Casilla C1 - Sección 2714,,false,false,,
casillas_2752_B_210,casillas,2752_B_210,Casilla B - Sección 2752,,false,false,,
casillas_2752_C1_211,casillas,2752_C1_211,Casilla C1 - Sección 2752,,false,false,,
casillas_2752_C2_212,casillas,2752_C2_212,Casilla C2 - Sección 2752,,false,false,,
casillas_2752_C3_213,casillas,2752_C3_213,Casilla C3 - Sección 2752,,false,false,,
casillas_2753_B_214,casillas,2753_B_214,Casilla B - Sección 2753,,false,false,,
casillas_2753_C1_215,casillas,2753_C1_215,Casilla C1 - Sección 2753,,false,false,,
casillas_2754_B_216,casillas,2754_B_216,Casilla B - Sección 2754,,false,false,,
casillas_2754_C1_217,casillas,2754_C1_217,Casilla C1 - Sección 2754,,false,false,,
casillas_2755_B_218,casillas,2755_B_218,Casilla B - Sección 2755,,false,false,,
casillas_2755_C1_219,casillas,2755_C1_219,Casilla C1 - Sección 2755,,false,false,,
casillas_2756_B_220,casillas,2756_B_220,Casilla B - Sección 2756,,false,false,,
casillas_2756_C1_221,casillas,2756_C1_221,Casilla C1 - Sección 2756,,false,false,,
casillas_2757_B_222,casillas,2757_B_222,Casilla B - Sección 2757,,false,false,,
casillas_2757_C1_223,casillas,2757_C1_223,Casilla C1 - Sección 2757,,false,false,,
casillas_2758_B_224,casillas,2758_B_224,Casilla B - Sección 2758,,false,false,,
casillas_2758_C1_225,casillas,2758_C1_225,Casilla C1 - Sección 2758,,false,false,,
casillas_2759_B_226,casillas,2759_B_226,Casilla B - Sección 2759,,false,false,,
casillas_2759_C1_227,casillas,2759_C1_227,Casilla C1 - Sección 2759,,false,false,,
casillas_2760_B_228,casillas,2760_B_228,Casilla B - Sección 2760,,false,false,,
casillas_2760_C1_229,casillas,2760_C1_229,Casilla C1 - Sección 2760,,false,false,,
casillas_2761_B_230,casillas,2761_B_230,Casilla B - Sección 2761,,false,false,,
casillas_2761_C1_231,casillas,2761_C1_231,Casilla C1 - Sección 2761,,false,false,,
casillas_2761_C2_232,casillas,2761_C2_232,Casilla C2 - Sección 2761,,false,false,,
casillas_2761_C3_233,casillas,2761_C3_233,Casilla C3 - Sección 2761,,false,false,,
casillas_2762_B_234,casillas,2762_B_234,Casilla B - Sección 2762,,false,false,,
casillas_2762_C1_235,casillas,2762_C1_235,Casilla C1 - Sección 2762,,false,false,,
casillas_2763_B_236,casillas,2763_B_236,Casilla B - Sección 2763,,false,false,,
casillas_2763_C1_237,casillas,2763_C1_237,Casilla C1 - Sección 2763,,false,false,,
casillas_2764_C1_238,casillas,2764_C1_238,Casilla C1 - Sección 2764,,false,false,,
casillas_2764_B_239,casillas,2764_B_239,Casilla B - Sección 2764,,false,false,,
casillas_2765_B_240,casillas,2765_B_240,Casilla B - Sección 2765,,false,false,,
casillas_2765_C1_241,casillas,2765_C1_241,Casilla C1 - Sección 2765,,false,false,,
casillas_2766_B_242,casillas,2766_B_242,Casilla B - Sección 2766,,false,false,,
casillas_2766_C1_243,casillas,2766_C1_243,Casilla C1 - Sección 2766,,false,false,,
casillas_2767_B_244,casillas,2767_B_244,Casilla B - Sección 2767,,false,false,,
casillas_2767_C1_245,casillas,2767_C1_245,Casilla C1 - Sección 2767,,false,false,,
casillas_2768_B_246,casillas,2768_B_246,Casilla B - Sección 2768,,false,false,,
casillas_2768_C1_247,casillas,2768_C1_247,Casilla C1 - Sección 2768,,false,false,,
casillas_2769_B_248,casillas,2769_B_248,Casilla B - Sección 2769,,false,false,,
casillas_2769_C1_249,casillas,2769_C1_249,Casilla C1 - Sección 2769,,false,false,,
casillas_2770_B_250,casillas,2770_B_250,Casilla B - Sección 2770,,false,false,,
casillas_2770_C1_251,casillas,2770_C1_251,Casilla C1 - Sección 2770,,false,false,,
casillas_2771_B_252,casillas,2771_B_252,Casilla B - Sección 2771,,false,false,,
casillas_2771_C1_253,casillas,2771_C1_253,Casilla C1 - Sección 2771,,false,false,,
casillas_2772_B_254,casillas,2772_B_254,Casilla B - Sección 2772,,false,false,,
casillas_2772_C1_255,casillas,2772_C1_255,Casilla C1 - Sección 2772,,false,false,,
casillas_2773_B_256,casillas,2773_B_256,Casilla B - Sección 2773,,false,false,,
casillas_2773_C1_257,casillas,2773_C1_257,Casilla C1 - Sección 2773,,false,false,,
casillas_2802_C1_258,casillas,2802_C1_258,Casilla C1 - Sección 2802,,false,false,,
casillas_2802_B_259,casillas,2802_B_259,Casilla B - Sección 2802,,false,false,,
casillas_2803_B_260,casillas,2803_B_260,Casilla B - Sección 2803,,false,false,,
casillas_2803_C1_261,casillas,2803_C1_261,Casilla C1 - Sección 2803,,false,false,,
casillas_2804_B_262,casillas,2804_B_262,Casilla B - Sección 2804,,false,false,,
casillas_2804_C1_263,casillas,2804_C1_263,Casilla C1 - Sección 2804,,false,false,,
casillas_2805_B_264,casillas,2805_B_264,Casilla B - Sección 2805,,false,false,,
casillas_2805_C1_265,casillas,2805_C1_265,Casilla C1 - Sección 2805,,false,false,,
casillas_2806_B_266,casillas,2806_B_266,Casilla B - Sección 2806,,false,false,,
casillas_2806_C1_267,casillas,2806_C1_267,Casilla C1 - Sección 2806,,false,false,,
casillas_2807_B_268,casillas,2807_B_268,Casilla B - Sección 2807,,false,false,,
casillas_2807_C1_269,casillas,2807_C1_269,Casilla C1 - Sección 2807,,false,false,,
casillas_2808_B_270,casillas,2808_B_270,Casilla B - Sección 2808,,false,false,,
casillas_2808_C1_271,casillas,2808_C1_271,Casilla C1 - Sección 2808,,false,false,,
casillas_2809_B_272,casillas,2809_B_272,Casilla B - Sección 2809,,false,false,,
casillas_2809_C1_273,casillas,2809_C1_273,Casilla C1 - Sección 2809,,false,false,,
casillas_2810_B_274,casillas,2810_B_274,Casilla B - Sección 2810,,false,false,,
casillas_2810_C1_275,casillas,2810_C1_275,Casilla C1 - Sección 2810,,false,false,,
casillas_2810_C2_276,casillas,2810_C2_276,Casilla C2 - Sección 2810,,false,false,,
casillas_2811_B_277,casillas,2811_B_277,Casilla B - Sección 2811,,false,false,,
casillas_2811_C1_278,casillas,2811_C1_278,Casilla C1 - Sección 2811,,false,false,,
casillas_2811_C10_279,casillas,2811_C10_279,Casilla C10 - Sección 2811,,false,false,,
casillas_2811_C11_280,casillas,2811_C11_280,Casilla C11 - Sección 2811,,false,false,,
casillas_2811_C12_281,casillas,2811_C12_281,Casilla C12 - Sección 2811,,false,false,,
casillas_2811_C2_282,casillas,2811_C2_282,Casilla C2 - Sección 2811,,false,false,,
casillas_2811_C3_283,casillas,2811_C3_283,Casilla C3 - Sección 2811,,false,false,,
casillas_2811_C4_284,casillas,2811_C4_284,Casilla C4 - Sección 2811,,false,false,,
casillas_2811_C5_285,casillas,2811_C5_285,Casilla C5 - Sección 2811,,false,false,,
casillas_2811_C6_286,casillas,2811_C6_286,Casilla C6 - Sección 2811,,false,false,,
casillas_2811_C7_287,casillas,2811_C7_287,Casilla C7 - Sección 2811,,false,false,,
casillas_2811_C8_288,casillas,2811_C8_288,Casilla C8 - Sección 2811,,false,false,,
casillas_2811_C9_289,casillas,2811_C9_289,Casilla C9 - Sección 2811,,false,false,,
casillas_2812_B_290,casillas,2812_B_290,Casilla B - Sección 2812,,false,false,,
casillas_2813_B_291,casillas,2813_B_291,Casilla B - Sección 2813,,false,false,,
casillas_2813_C1_292,casillas,2813_C1_292,Casilla C1 - Sección 2813,,false,false,,
casillas_2814_B_293,casillas,2814_B_293,Casilla B - Sección 2814,,false,false,,
casillas_2814_C1_294,casillas,2814_C1_294,Casilla C1 - Sección 2814,,false,false,,
casillas_2814_C2_295,casillas,2814_C2_295,Casilla C2 - Sección 2814,,false,false,,
casillas_2814_C3_296,casillas,2814_C3_296,Casilla C3 - Sección 2814,,false,false,,
casillas_2814_S1_297,casillas,2814_S1_297,Casilla S1 - Sección 2814,,false,false,,
casillas_2838_B_298,casillas,2838_B_298,Casilla B - Sección 2838,,false,false,,
casillas_2838_C1_299,casillas,2838_C1_299,Casilla C1 - Sección 2838,,false,false,,
casillas_2839_B_300,casillas,2839_B_300,Casilla B - Sección 2839,,false,false,,
casillas_2839_C1_301,casillas,2839_C1_301,Casilla C1 - Sección 2839,,false,false,,
casillas_2840_B_302,casillas,2840_B_302,Casilla B - Sección 2840,,false,false,,
casillas_2840_C1_303,casillas,2840_C1_303,Casilla C1 - Sección 2840,,false,false,,
casillas_2841_B_304,casillas,2841_B_304,Casilla B - Sección 2841,,false,false,,
casillas_2841_C1_305,casillas,2841_C1_305,Casilla C1 - Sección 2841,,false,false,,
casillas_2842_C1_306,casillas,2842_C1_306,Casilla C1 - Sección 2842,,false,false,,
casillas_2842_B_307,casillas,2842_B_307,Casilla B - Sección 2842,,false,false,,
casillas_1857_B_308,casillas,1857_B_308,Casilla B - Sección 1857,,false,false,,
casillas_1857_C1_309,casillas,1857_C1_309,Casilla C1 - Sección 1857,,false,false,,
casillas_1858_B_310,casillas,1858_B_310,Casilla B - Sección 1858,,false,false,,
casillas_1858_C1_311,casillas,1858_C1_311,Casilla C1 - Sección 1858,,false,false,,
casillas_1858_C2_312,casillas,1858_C2_312,Casilla C2 - Sección 1858,,false,false,,
casillas_1859_B_313,casillas,1859_B_313,Casilla B - Sección 1859,,false,false,,
casillas_1860_B_314,casillas,1860_B_314,Casilla B - Sección 1860,,false,false,,
casillas_1860_C1_315,casillas,1860_C1_315,Casilla C1 - Sección 1860,,false,false,,
casillas_1861_B_316,casillas,1861_B_316,Casilla B - Sección 1861,,false,false,,
casillas_1862_B_317,casillas,1862_B_317,Casilla B - Sección 1862,,false,false,,
casillas_1864_B_318,casillas,1864_B_318,Casilla B - Sección 1864,,false,false,,
casillas_1865_B_319,casillas,1865_B_319,Casilla B - Sección 1865,,false,false,,
casillas_1871_B_320,casillas,1871_B_320,Casilla B - Sección 1871,,false,false,,
casillas_1871_C1_321,casillas,1871_C1_321,Casilla C1 - Sección 1871,,false,false,,
casillas_1871_C2_322,casillas,1871_C2_322,Casilla C2 - Sección 1871,,false,false,,
casillas_1872_B_323,casillas,1872_B_323,Casilla B - Sección 1872,,false,false,,
casillas_1885_B_324,casillas,1885_B_324,Casilla B - Sección 1885,,false,false,,
casillas_1885_C1_325,casillas,1885_C1_325,Casilla C1 - Sección 1885,,false,false,,
casillas_1885_C10_326,casillas,1885_C10_326,Casilla C10 - Sección 1885,,false,false,,
casillas_1885_C11_327,casillas,1885_C11_327,Casilla C11 - Sección 1885,,false,false,,
casillas_1885_C2_328,casillas,1885_C2_328,Casilla C2 - Sección 1885,,false,false,,
casillas_1885_C3_329,casillas,1885_C3_329,Casilla C3 - Sección 1885,,false,false,,
casillas_1885_C4_330,casillas,1885_C4_330,Casilla C4 - Sección 1885,,false,false,,
casillas_1885_C5_331,casillas,1885_C5_331,Casilla C5 - Sección 1885,,false,false,,
casillas_1885_C6_332,casillas,1885_C6_332,Casilla C6 - Sección 1885,,false,false,,
casillas_1885_C7_333,casillas,1885_C7_333,Casilla C7 - Sección 1885,,false,false,,
casillas_1885_C8_334,casillas,1885_C8_334,Casilla C8 - Sección 1885,,false,false,,
casillas_1885_C9_335,casillas,1885_C9_335,Casilla C9 - Sección 1885,,false,false,,
casillas_1929_C2_336,casillas,1929_C2_336,Casilla C2 - Sección 1929,,false,false,,
casillas_1929_C3_337,casillas,1929_C3_337,Casilla C3 - Sección 1929,,false,false,,
casillas_1929_B_338,casillas,1929_B_338,Casilla B - Sección 1929,,false,false,,
casillas_1929_C1_339,casillas,1929_C1_339,Casilla C1 - Sección 1929,,false,false,,
casillas_1930_B_340,casillas,1930_B_340,Casilla B - Sección 1930,,false,false,,
casillas_1930_C1_341,casillas,1930_C1_341,Casilla C1 - Sección 1930,,false,false,,
casillas_1930_C2_342,casillas,1930_C2_342,Casilla C2 - Sección 1930,,false,false,,
casillas_1930_C3_343,casillas,1930_C3_343,Casilla C3 - Sección 1930,,false,false,,
casillas_1931_B_344,casillas,1931_B_344,Casilla B - Sección 1931,,false,false,,
casillas_1932_B_345,casillas,1932_B_345,Casilla B - Sección 1932,,false,false,,
casillas_1932_C1_346,casillas,1932_C1_346,Casilla C1 - Sección 1932,,false,false,,
casillas_1932_C2_347,casillas,1932_C2_347,Casilla C2 - Sección 1932,,false,false,,
casillas_1933_B_348,casillas,1933_B_348,Casilla B - Sección 1933,,false,false,,
casillas_1933_C1_349,casillas,1933_C1_349,Casilla C1 - Sección 1933,,false,false,,
casillas_1933_C2_350,casillas,1933_C2_350,Casilla C2 - Sección 1933,,false,false,,
casillas_1933_C3_351,casillas,1933_C3_351,Casilla C3 - Sección 1933,,false,false,,
casillas_1933_C4_352,casillas,1933_C4_352,Casilla C4 - Sección 1933,,false,false,,
casillas_1934_B_353,casillas,1934_B_353,Casilla B - Sección 1934,,false,false,,
casillas_1934_C1_354,casillas,1934_C1_354,Casilla C1 - Sección 1934,,false,false,,
casillas_1935_B_355,casillas,1935_B_355,Casilla B - Sección 1935,,false,false,,
casillas_1935_C1_356,casillas,1935_C1_356,Casilla C1 - Sección 1935,,false,false,,
casillas_1936_B_357,casillas,1936_B_357,Casilla B - Sección 1936,,false,false,,
casillas_1936_C1_358,casillas,1936_C1_358,Casilla C1 - Sección 1936,,false,false,,
casillas_1936_C2_359,casillas,1936_C2_359,Casilla C2 - Sección 1936,,false,false,,
casillas_1936_C3_360,casillas,1936_C3_360,Casilla C3 - Sección 1936,,false,false,,
casillas_1936_C4_361,casillas,1936_C4_361,Casilla C4 - Sección 1936,,false,false,,
casillas_1937_B_362,casillas,1937_B_362,Casilla B - Sección 1937,,false,false,,
casillas_1938_B_363,casillas,1938_B_363,Casilla B - Sección 1938,,false,false,,
casillas_1939_B_364,casillas,1939_B_364,Casilla B - Sección 1939,,false,false,,
casillas_1939_C1_365,casillas,1939_C1_365,Casilla C1 - Sección 1939,,false,false,,
casillas_1939_C2_366,casillas,1939_C2_366,Casilla C2 - Sección 1939,,false,false,,
casillas_1940_B_367,casillas,1940_B_367,Casilla B - Sección 1940,,false,false,,
casillas_1940_C1_368,casillas,1940_C1_368,Casilla C1 - Sección 1940,,false,false,,
casillas_1940_C2_369,casillas,1940_C2_369,Casilla C2 - Sección 1940,,false,false,,
casillas_1940_C3_370,casillas,1940_C3_370,Casilla C3 - Sección 1940,,false,false,,
casillas_1940_C4_371,casillas,1940_C4_371,Casilla C4 - Sección 1940,,false,false,,
casillas_1940_C5_372,casillas,1940_C5_372,Casilla C5 - Sección 1940,,false,false,,
casillas_2715_B_373,casillas,2715_B_373,Casilla B - Sección 2715,,false,false,,
casillas_2715_C1_374,casillas,2715_C1_374,Casilla C1 - Sección 2715,,false,false,,
casillas_2716_B_375,casillas,2716_B_375,Casilla B - Sección 2716,,false,false,,
casillas_2716_C1_376,casillas,2716_C1_376,Casilla C1 - Sección 2716,,false,false,,
casillas_2717_B_377,casillas,2717_B_377,Casilla B - Sección 2717,,false,false,,
casillas_2717_C1_378,casillas,2717_C1_378,Casilla C1 - Sección 2717,,false,false,,
casillas_2718_B_379,casillas,2718_B_379,Casilla B - Sección 2718,,false,false,,
casillas_2718_C1_380,casillas,2718_C1_380,Casilla C1 - Sección 2718,,false,false,,
casillas_2719_B_381,casillas,2719_B_381,Casilla B - Sección 2719,,false,false,,
casillas_2719_C1_382,casillas,2719_C1_382,Casilla C1 - Sección 2719,,false,false,,
casillas_2720_B_383,casillas,2720_B_383,Casilla B - Sección 2720,,false,false,,
casillas_2720_C1_384,casillas,2720_C1_384,Casilla C1 - Sección 2720,,false,false,,
casillas_2721_B_385,casillas,2721_B_385,Casilla B - Sección 2721,,false,false,,
casillas_2722_B_386,casillas,2722_B_386,Casilla B - Sección 2722,,false,false,,
casillas_2722_C1_387,casillas,2722_C1_387,Casilla C1 - Sección 2722,,false,false,,
casillas_2723_B_388,casillas,2723_B_388,Casilla B - Sección 2723,,false,false,,
casillas_2723_C1_389,casillas,2723_C1_389,Casilla C1 - Sección 2723,,false,false,,
casillas_2724_B_390,casillas,2724_B_390,Casilla B - Sección 2724,,false,false,,
casillas_2725_C1_391,casillas,2725_C1_391,Casilla C1 - Sección 2725,,false,false,,
casillas_2725_B_392,casillas,2725_B_392,Casilla B - Sección 2725,,false,false,,
casillas_2726_B_393,casillas,2726_B_393,Casilla B - Sección 2726,,false,false,,
casillas_2726_C1_394,casillas,2726_C1_394,Casilla C1 - Sección 2726,,false,false,,
casillas_2727_B_395,casillas,2727_B_395,Casilla B - Sección 2727,,false,false,,
casillas_2727_C1_396,casillas,2727_C1_396,Casilla C1 - Sección 2727,,false,false,,
casillas_2728_B_397,casillas,2728_B_397,Casilla B - Sección 2728,,false,false,,
casillas_2728_C1_398,casillas,2728_C1_398,Casilla C1 - Sección 2728,,false,false,,
casillas_2729_B_399,casillas,2729_B_399,Casilla B - Sección 2729,,false,false,,
casillas_2729_C1_400,casillas,2729_C1_400,Casilla C1 - Sección 2729,,false,false,,
casillas_2730_B_401,casillas,2730_B_401,Casilla B - Sección 2730,,false,false,,
casillas_2730_C1_402,casillas,2730_C1_402,Casilla C1 - Sección 2730,,false,false,,
casillas_2732_B_403,casillas,2732_B_403,Casilla B - Sección 2732,,false,false,,
casillas_2733_B_404,casillas,2733_B_404,Casilla B - Sección 2733,,false,false,,
casillas_2733_C1_405,casillas,2733_C1_405,Casilla C1 - Sección 2733,,false,false,,
casillas_2737_B_406,casillas,2737_B_406,Casilla B - Sección 2737,,false,false,,
casillas_2737_C1_407,casillas,2737_C1_407,Casilla C1 - Sección 2737,,false,false,,
casillas_2738_B_408,casillas,2738_B_408,Casilla B - Sección 2738,,false,false,,
casillas_2738_C1_409,casillas,2738_C1_409,Casilla C1 - Sección 2738,,false,false,,
casillas_2739_C1_410,casillas,2739_C1_410,Casilla C1 - Sección 2739,,false,false,,
casillas_2739_B_411,casillas,2739_B_411,Casilla B - Sección 2739,,false,false,,
casillas_2740_B_412,casillas,2740_B_412,Casilla B - Sección 2740,,false,false,,
casillas_2740_C1_413,casillas,2740_C1_413,Casilla C1 - Sección 2740,,false,false,,
casillas_2741_B_414,casillas,2741_B_414,Casilla B - Sección 2741,,false,false,,
casillas_2741_C1_415,casillas,2741_C1_415,Casilla C1 - Sección 2741,,false,false,,
casillas_2742_B_416,casillas,2742_B_416,Casilla B - Sección 2742,,false,false,,
casillas_2742_C1_417,casillas,2742_C1_417,Casilla C1 - Sección 2742,,false,false,,
casillas_2743_B_418,casillas,2743_B_418,Casilla B - Sección 2743,,false,false,,
casillas_2743_C1_419,casillas,2743_C1_419,Casilla C1 - Sección 2743,,false,false,,
casillas_2744_B_420,casillas,2744_B_420,Casilla B - Sección 2744,,false,false,,
casillas_2744_C1_421,casillas,2744_C1_421,Casilla C1 - Sección 2744,,false,false,,
casillas_2745_B_422,casillas,2745_B_422,Casilla B - Sección 2745,,false,false,,
casillas_2745_C1_423,casillas,2745_C1_423,Casilla C1 - Sección 2745,,false,false,,
casillas_2746_B_424,casillas,2746_B_424,Casilla B - Sección 2746,,false,false,,
casillas_2746_C1_425,casillas,2746_C1_425,Casilla C1 - Sección 2746,,false,false,,
casillas_2747_B_426,casillas,2747_B_426,Casilla B - Sección 2747,,false,false,,
casillas_2747_C1_427,casillas,2747_C1_427,Casilla C1 - Sección 2747,,false,false,,
casillas_2748_B_428,casillas,2748_B_428,Casilla B - Sección 2748,,false,false,,
casillas_2748_C1_429,casillas,2748_C1_429,Casilla C1 - Sección 2748,,false,false,,
casillas_2749_B_430,casillas,2749_B_430,Casilla B - Sección 2749,,false,false,,
casillas_2749_C1_431,casillas,2749_C1_431,Casilla C1 - Sección 2749,,false,false,,
casillas_2750_B_432,casillas,2750_B_432,Casilla B - Sección 2750,,false,false,,
casillas_2751_C1_433,casillas,2751_C1_433,Casilla C1 - Sección 2751,,false,false,,
casillas_2751_B_434,casillas,2751_B_434,Casilla B - Sección 2751,,false,false,,
casillas_2774_B_435,casillas,2774_B_435,Casilla B - Sección 2774,,false,false,,
casillas_2774_C1_436,casillas,2774_C1_436,Casilla C1 - Sección 2774,,false,false,,
casillas_2775_S1_437,casillas,2775_S1_437,Casilla S1 - Sección 2775,,false,false,,
casillas_2775_B_438,casillas,2775_B_438,Casilla B - Sección 2775,,false,false,,
casillas_2775_C1_439,casillas,2775_C1_439,Casilla C1 - Sección 2775,,false,false,,
casillas_2775_C2_440,casillas,2775_C2_440,Casilla C2 - Sección 2775,,false,false,,
casillas_2776_C1_441,casillas,2776_C1_441,Casilla C1 - Sección 2776,,false,false,,
casillas_2776_B_442,casillas,2776_B_442,Casilla B - Sección 2776,,false,false,,
casillas_2777_B_443,casillas,2777_B_443,Casilla B - Sección 2777,,false,false,,
casillas_2777_C1_444,casillas,2777_C1_444,Casilla C1 - Sección 2777,,false,false,,
casillas_2778_B_445,casillas,2778_B_445,Casilla B - Sección 2778,,false,false,,
casillas_2778_C1_446,casillas,2778_C1_446,Casilla C1 - Sección 2778,,false,false,,
casillas_2779_B_447,casillas,2779_B_447,Casilla B - Sección 2779,,false,false,,
casillas_2779_C1_448,casillas,2779_C1_448,Casilla C1 - Sección 2779,,false,false,,
casillas_2786_B_449,casillas,2786_B_449,Casilla B - Sección 2786,,false,false,,
casillas_2786_C1_450,casillas,2786_C1_450,Casilla C1 - Sección 2786,,false,false,,
casillas_2787_B_451,casillas,2787_B_451,Casilla B - Sección 2787,,false,false,,
casillas_2787_C1_452,casillas,2787_C1_452,Casilla C1 - Sección 2787,,false,false,,
casillas_2788_B_453,casillas,2788_B_453,Casilla B - Sección 2788,,false,false,,
casillas_2788_C1_454,casillas,2788_C1_454,Casilla C1 - Sección 2788,,false,false,,
casillas_2789_B_455,casillas,2789_B_455,Casilla B - Sección 2789,,false,false,,
casillas_2789_C1_456,casillas,2789_C1_456,Casilla C1 - Sección 2789,,false,false,,
casillas_2790_B_457,casillas,2790_B_457,Casilla B - Sección 2790,,false,false,,
casillas_2790_C1_458,casillas,2790_C1_458,Casilla C1 - Sección 2790,,false,false,,
casillas_2791_B_459,casillas,2791_B_459,Casilla B - Sección 2791,,false,false,,
casillas_2791_C1_460,casillas,2791_C1_460,Casilla C1 - Sección 2791,,false,false,,
casillas_2792_C1_461,casillas,2792_C1_461,Casilla C1 - Sección 2792,,false,false,,
casillas_2792_B_462,casillas,2792_B_462,Casilla B - Sección 2792,,false,false,,
casillas_2793_B_463,casillas,2793_B_463,Casilla B - Sección 2793,,false,false,,
casillas_2793_C1_464,casillas,2793_C1_464,Casilla C1 - Sección 2793,,false,false,,
casillas_2794_B_465,casillas,2794_B_465,Casilla B - Sección 2794,,false,false,,
casillas_2794_C1_466,casillas,2794_C1_466,Casilla C1 - Sección 2794,,false,false,,
casillas_2795_B_467,casillas,2795_B_467,Casilla B - Sección 2795,,false,false,,
casillas_2795_C1_468,casillas,2795_C1_468,Casilla C1 - Sección 2795,,false,false,,
casillas_2795_C2_469,casillas,2795_C2_469,Casilla C2 - Sección 2795,,false,false,,
casillas_2796_B_470,casillas,2796_B_470,Casilla B - Sección 2796,,false,false,,
casillas_2796_C1_471,casillas,2796_C1_471,Casilla C1 - Sección 2796,,false,false,,
casillas_2796_C2_472,casillas,2796_C2_472,Casilla C2 - Sección 2796,,false,false,,
casillas_2797_C1_473,casillas,2797_C1_473,Casilla C1 - Sección 2797,,false,false,,
casillas_2797_B_474,casillas,2797_B_474,Casilla B - Sección 2797,,false,false,,
casillas_2798_B_475,casillas,2798_B_475,Casilla B - Sección 2798,,false,false,,
casillas_2799_B_476,casillas,2799_B_476,Casilla B - Sección 2799,,false,false,,
casillas_2799_C1_477,casillas,2799_C1_477,Casilla C1 - Sección 2799,,false,false,,
casillas_2800_B_478,casillas,2800_B_478,Casilla B - Sección 2800,,false,false,,
casillas_2801_B_479,casillas,2801_B_479,Casilla B - Sección 2801,,false,false,,
casillas_2818_B_480,casillas,2818_B_480,Casilla B - Sección 2818,,false,false,,
casillas_2818_C1_481,casillas,2818_C1_481,Casilla C1 - Sección 2818,,false,false,,
casillas_2818_C2_482,casillas,2818_C2_482,Casilla C2 - Sección 2818,,false,false,,
casillas_2818_C3_483,casillas,2818_C3_483,Casilla C3 - Sección 2818,,false,false,,
casillas_2819_B_484,casillas,2819_B_484,Casilla B - Sección 2819,,false,false,,
casillas_2819_C1_485,casillas,2819_C1_485,Casilla C1 - Sección 2819,,false,false,,
casillas_2819_C2_486,casillas,2819_C2_486,Casilla C2 - Sección 2819,,false,false,,
casillas_2819_C3_487,casillas,2819_C3_487,Casilla C3 - Sección 2819,,false,false,,
casillas_2820_C1_488,casillas,2820_C1_488,Casilla C1 - Sección 2820,,false,false,,
casillas_2820_B_489,casillas,2820_B_489,Casilla B - Sección 2820,,false,false,,
casillas_2822_B_490,casillas,2822_B_490,Casilla B - Sección 2822,,false,false,,
casillas_2822_C1_491,casillas,2822_C1_491,Casilla C1 - Sección 2822,,false,false,,
casillas_2823_B_492,casillas,2823_B_492,Casilla B - Sección 2823,,false,false,,
casillas_2823_C1_493,casillas,2823_C1_493,Casilla C1 - Sección 2823,,false,false,,
casillas_2823_C10_494,casillas,2823_C10_494,Casilla C10 - Sección 2823,,false,false,,
casillas_2823_C11_495,casillas,2823_C11_495,Casilla C11 - Sección 2823,,false,false,,
casillas_2823_C12_496,casillas,2823_C12_496,Casilla C12 - Sección 2823,,false,false,,
casillas_2823_C13_497,casillas,2823_C13_497,Casilla C13 - Sección 2823,,false,false,,
casillas_2823_C14_498,casillas,2823_C14_498,Casilla C14 - Sección 2823,,false,false,,
casillas_2823_C2_499,casillas,2823_C2_499,Casilla C2 - Sección 2823,,false,false,,
casillas_2823_C3_500,casillas,2823_C3_500,Casilla C3 - Sección 2823,,false,false,,
casillas_2823_C4_501,casillas,2823_C4_501,Casilla C4 - Sección 2823,,false,false,,
casillas_2823_C5_502,casillas,2823_C5_502,Casilla C5 - Sección 2823,,false,false,,
casillas_2823_C6_503,casillas,2823_C6_503,Casilla C6 - Sección 2823,,false,false,,
casillas_2823_C7_504,casillas,2823_C7_504,Casilla C7 - Sección 2823,,false,false,,
casillas_2823_C8_505,casillas,2823_C8_505,Casilla C8 - Sección 2823,,false,false,,
casillas_2823_C9_506,casillas,2823_C9_506,Casilla C9 - Sección 2823,,false,false,,
casillas_2843_B_507,casillas,2843_B_507,Casilla B - Sección 2843,,false,false,,
casillas_2843_C1_508,casillas,2843_C1_508,Casilla C1 - Sección 2843,,false,false,,
casillas_3320_B_509,casillas,3320_B_509,Casilla B - Sección 3320,,false,false,,
casillas_3320_C1_510,casillas,3320_C1_510,Casilla C1 - Sección 3320,,false,false,,
casillas_3320_C2_511,casillas,3320_C2_511,Casilla C2 - Sección 3320,,false,false,,
casillas_3320_C3_512,casillas,3320_C3_512,Casilla C3 - Sección 3320,,false,false,,
casillas_3321_B_513,casillas,3321_B_513,Casilla B - Sección 3321,,false,false,,
casillas_3321_C1_514,casillas,3321_C1_514,Casilla C1 - Sección 3321,,false,false,,
casillas_3321_C2_515,casillas,3321_C2_515,Casilla C2 - Sección 3321,,false,false,,
casillas_3322_B_516,casillas,3322_B_516,Casilla B - Sección 3322,,false,false,,
casillas_3322_C1_517,casillas,3322_C1_517,Casilla C1 - Sección 3322,,false,false,,
casillas_3322_C2_518,casillas,3322_C2_518,Casilla C2 - Sección 3322,,false,false,,
casillas_3322_C3_519,casillas,3322_C3_519,Casilla C3 - Sección 3322,,false,false,,
casillas_3323_B_520,casillas,3323_B_520,Casilla B - Sección 3323,,false,false,,
casillas_3323_C1_521,casillas,3323_C1_521,Casilla C1 - Sección 3323,,false,false,,
casillas_3323_C2_522,casillas,3323_C2_522,Casilla C2 - Sección 3323,,false,false,,
casillas_3324_B_523,casillas,3324_B_523,Casilla B - Sección 3324,,false,false,,
casillas_3324_C1_524,casillas,3324_C1_524,Casilla C1 - Sección 3324,,false,false,,
casillas_3324_C2_525,casillas,3324_C2_525,Casilla C2 - Sección 3324,,false,false,,
casillas_3325_B_526,casillas,3325_B_526,Casilla B - Sección 3325,,false,false,,
casillas_3325_C1_527,casillas,3325_C1_527,Casilla C1 - Sección 3325,,false,false,,
casillas_3325_C2_528,casillas,3325_C2_528,Casilla C2 - Sección 3325,,false,false,,
casillas_2825_C2_529,casillas,2825_C2_529,Casilla C2 - Sección 2825,,false,false,,
casillas_2825_B_530,casillas,2825_B_530,Casilla B - Sección 2825,,false,false,,
casillas_2825_C1_531,casillas,2825_C1_531,Casilla C1 - Sección 2825,,false,false,,
casillas_2826_B_532,casillas,2826_B_532,Casilla B - Sección 2826,,false,false,,
casillas_2826_C1_533,casillas,2826_C1_533,Casilla C1 - Sección 2826,,false,false,,
casillas_2827_B_534,casillas,2827_B_534,Casilla B - Sección 2827,,false,false,,
casillas_2827_C1_535,casillas,2827_C1_535,Casilla C1 - Sección 2827,,false,false,,
casillas_2937_B_536,casillas,2937_B_536,Casilla B - Sección 2937,,false,false,,
casillas_2937_C1_537,casillas,2937_C1_537,Casilla C1 - Sección 2937,,false,false,,
casillas_2937_C2_538,casillas,2937_C2_538,Casilla C2 - Sección 2937,,false,false,,
casillas_2974_B_539,casillas,2974_B_539,Casilla B - Sección 2974,,false,false,,
casillas_2974_C1_540,casillas,2974_C1_540,Casilla C1 - Sección 2974,,false,false,,
casillas_2974_C2_541,casillas,2974_C2_541,Casilla C2 - Sección 2974,,false,false,,
casillas_2974_C3_542,casillas,2974_C3_542,Casilla C3 - Sección 2974,,false,false,,
casillas_2974_C4_543,casillas,2974_C4_543,Casilla C4 - Sección 2974,,false,false,,
casillas_2974_C5_544,casillas,2974_C5_544,Casilla C5 - Sección 2974,,false,false,,
casillas_2974_C6_545,casillas,2974_C6_545,Casilla C6 - Sección 2974,,false,false,,
casillas_2974_C7_546,casillas,2974_C7_546,Casilla C7 - Sección 2974,,false,false,,
casillas_2974_C8_547,casillas,2974_C8_547,Casilla C8 - Sección 2974,,false,false,,
casillas_2974_C9_548,casillas,2974_C9_548,Casilla C9 - Sección 2974,,false,false,,
casillas_2981_B_549,casillas,2981_B_549,Casilla B - Sección 2981,,false,false,,
casillas_2982_B_550,casillas,2982_B_550,Casilla B - Sección 2982,,false,false,,
casillas_2982_C1_551,casillas,2982_C1_551,Casilla C1 - Sección 2982,,false,false,,
casillas_2985_B_552,casillas,2985_B_552,Casilla B - Sección 2985,,false,false,,
casillas_2987_B_553,casillas,2987_B_553,Casilla B - Sección 2987,,false,false,,
casillas_2988_B_554,casillas,2988_B_554,Casilla B - Sección 2988,,false,false,,
casillas_2989_B_555,casillas,2989_B_555,Casilla B - Sección 2989,,false,false,,
casillas_2989_C1_556,casillas,2989_C1_556,Casilla C1 - Sección 2989,,false,false,,
casillas_2993_B_557,casillas,2993_B_557,Casilla B - Sección 2993,,false,false,,
casillas_2993_C1_558,casillas,2993_C1_558,Casilla C1 - Sección 2993,,false,false,,
casillas_2994_B_559,casillas,2994_B_559,Casilla B - Sección 2994,,false,false,,
casillas_2995_B_560,casillas,2995_B_560,Casilla B - Sección 2995,,false,false,,
casillas_2995_C1_561,casillas,2995_C1_561,Casilla C1 - Sección 2995,,false,false,,
casillas_2999_B_562,casillas,2999_B_562,Casilla B - Sección 2999,,false,false,,
casillas_3000_B_563,casillas,3000_B_563,Casilla B - Sección 3000,,false,false,,
casillas_3001_B_564,casillas,3001_B_564,Casilla B - Sección 3001,,false,false,,
casillas_3003_B_565,casillas,3003_B_565,Casilla B - Sección 3003,,false,false,,
casillas_3005_B_566,casillas,3005_B_566,Casilla B - Sección 3005,,false,false,,
casillas_3006_B_567,casillas,3006_B_567,Casilla B - Sección 3006,,false,false,,
casillas_3007_B_568,casillas,3007_B_568,Casilla B - Sección 3007,,false,false,,
casillas_3008_B_569,casillas,3008_B_569,Casilla B - Sección 3008,,false,false,,
casillas_3009_B_570,casillas,3009_B_570,Casilla B - Sección 3009,,false,false,,
casillas_3010_B_571,casillas,3010_B_571,Casilla B - Sección 3010,,false,false,,
casillas_3010_C1_572,casillas,3010_C1_572,Casilla C1 - Sección 3010,,false,false,,
casillas_3012_B_573,casillas,3012_B_573,Casilla B - Sección 3012,,false,false,,
casillas_3013_B_574,casillas,3013_B_574,Casilla B - Sección 3013,,false,false,,
casillas_3014_B_575,casillas,3014_B_575,Casilla B - Sección 3014,,false,false,,
casillas_3017_B_576,casillas,3017_B_576,Casilla B - Sección 3017,,false,false,,
casillas_3019_B_577,casillas,3019_B_577,Casilla B - Sección 3019,,false,false,,
casillas_1737_B_578,casillas,1737_B_578,Casilla B - Sección 1737,,false,false,,
casillas_1827_B_579,casillas,1827_B_579,Casilla B - Sección 1827,,false,false,,
casillas_1827_C1_580,casillas,1827_C1_580,Casilla C1 - Sección 1827,,false,false,,
casillas_1827_C2_581,casillas,1827_C2_581,Casilla C2 - Sección 1827,,false,false,,
casillas_1827_C3_582,casillas,1827_C3_582,Casilla C3 - Sección 1827,,false,false,,
casillas_1827_C4_583,casillas,1827_C4_583,Casilla C4 - Sección 1827,,false,false,,
casillas_1827_C5_584,casillas,1827_C5_584,Casilla C5 - Sección 1827,,false,false,,
casillas_1827_C6_585,casillas,1827_C6_585,Casilla C6 - Sección 1827,,false,false,,
casillas_1827_C7_586,casillas,1827_C7_586,Casilla C7 - Sección 1827,,false,false,,
casillas_1863_B_587,casillas,1863_B_587,Casilla B - Sección 1863,,false,false,,
casillas_1873_B_588,casillas,1873_B_588,Casilla B - Sección 1873,,false,false,,
casillas_1874_B_589,casillas,1874_B_589,Casilla B - Sección 1874,,false,false,,
casillas_1875_B_590,casillas,1875_B_590,Casilla B - Sección 1875,,false,false,,
casillas_1876_B_591,casillas,1876_B_591,Casilla B - Sección 1876,,false,false,,
casillas_1886_B_592,casillas,1886_B_592,Casilla B - Sección 1886,,false,false,,
casillas_1886_C1_593,casillas,1886_C1_593,Casilla C1 - Sección 1886,,false,false,,
casillas_1888_B_594,casillas,1888_B_594,Casilla B - Sección 1888,,false,false,,
casillas_1888_C1_595,casillas,1888_C1_595,Casilla C1 - Sección 1888,,false,false,,
casillas_1888_C2_596,casillas,1888_C2_596,Casilla C2 - Sección 1888,,false,false,,
casillas_1888_C3_597,casillas,1888_C3_597,Casilla C3 - Sección 1888,,false,false,,
casillas_1889_B_598,casillas,1889_B_598,Casilla B - Sección 1889,,false,false,,
casillas_1889_C1_599,casillas,1889_C1_599,Casilla C1 - Sección 1889,,false,false,,
casillas_1889_C2_600,casillas,1889_C2_600,Casilla C2 - Sección 1889,,false,false,,
casillas_1889_C3_601,casillas,1889_C3_601,Casilla C3 - Sección 1889,,false,false,,
casillas_1889_C4_602,casillas,1889_C4_602,Casilla C4 - Sección 1889,,false,false,,
casillas_1889_C5_603,casillas,1889_C5_603,Casilla C5 - Sección 1889,,false,false,,
casillas_1889_C6_604,casillas,1889_C6_604,Casilla C6 - Sección 1889,,false,false,,
casillas_1889_C7_605,casillas,1889_C7_605,Casilla C7 - Sección 1889,,false,false,,
casillas_2731_C1_606,casillas,2731_C1_606,Casilla C1 - Sección 2731,,false,false,,
casillas_2731_C2_607,casillas,2731_C2_607,Casilla C2 - Sección 2731,,false,false,,
casillas_2731_B_608,casillas,2731_B_608,Casilla B - Sección 2731,,false,false,,
casillas_2734_B_609,casillas,2734_B_609,Casilla B - Sección 2734,,false,false,,
casillas_2734_C1_610,casillas,2734_C1_610,Casilla C1 - Sección 2734,,false,false,,
casillas_2734_C2_611,casillas,2734_C2_611,Casilla C2 - Sección 2734,,false,false,,
casillas_2735_B_612,casillas,2735_B_612,Casilla B - Sección 2735,,false,false,,
casillas_2735_C1_613,casillas,2735_C1_613,Casilla C1 - Sección 2735,,false,false,,
casillas_2736_B_614,casillas,2736_B_614,Casilla B - Sección 2736,,false,false,,
casillas_2736_C1_615,casillas,2736_C1_615,Casilla C1 - Sección 2736,,false,false,,
casillas_2780_B_616,casillas,2780_B_616,Casilla B - Sección 2780,,false,false,,
casillas_2780_C1_617,casillas,2780_C1_617,Casilla C1 - Sección 2780,,false,false,,
casillas_2903_B_618,casillas,2903_B_618,Casilla B - Sección 2903,,false,false,,
casillas_2903_C1_619,casillas,2903_C1_619,Casilla C1 - Sección 2903,,false,false,,
casillas_2904_B_620,casillas,2904_B_620,Casilla B - Sección 2904,,false,false,,
casillas_2905_B_621,casillas,2905_B_621,Casilla B - Sección 2905,,false,false,,
casillas_2906_B_622,casillas,2906_B_622,Casilla B - Sección 2906,,false,false,,
casillas_2906_C1_623,casillas,2906_C1_623,Casilla C1 - Sección 2906,,false,false,,
casillas_2907_B_624,casillas,2907_B_624,Casilla B - Sección 2907,,false,false,,
casillas_2907_C1_625,casillas,2907_C1_625,Casilla C1 - Sección 2907,,false,false,,
casillas_2908_B_626,casillas,2908_B_626,Casilla B - Sección 2908,,false,false,,
casillas_2908_C1_627,casillas,2908_C1_627,Casilla C1 - Sección 2908,,false,false,,
casillas_2909_B_628,casillas,2909_B_628,Casilla B - Sección 2909,,false,false,,
casillas_2909_C1_629,casillas,2909_C1_629,Casilla C1 - Sección 2909,,false,false,,
casillas_2910_B_630,casillas,2910_B_630,Casilla B - Sección 2910,,false,false,,
casillas_2910_C1_631,casillas,2910_C1_631,Casilla C1 - Sección 2910,,false,false,,
casillas_2911_B_632,casillas,2911_B_632,Casilla B - Sección 2911,,false,false,,
casillas_2912_C1_633,casillas,2912_C1_633,Casilla C1 - Sección 2912,,false,false,,
casillas_2912_B_634,casillas,2912_B_634,Casilla B - Sección 2912,,false,false,,
casillas_2913_B_635,casillas,2913_B_635,Casilla B - Sección 2913,,false,false,,
casillas_2913_C1_636,casillas,2913_C1_636,Casilla C1 - Sección 2913,,false,false,,
casillas_2914_B_637,casillas,2914_B_637,Casilla B - Sección 2914,,false,false,,
casillas_2915_B_638,casillas,2915_B_638,Casilla B - Sección 2915,,false,false,,
casillas_2915_C1_639,casillas,2915_C1_639,Casilla C1 - Sección 2915,,false,false,,
casillas_2915_C2_640,casillas,2915_C2_640,Casilla C2 - Sección 2915,,false,false,,
casillas_2916_B_641,casillas,2916_B_641,Casilla B - Sección 2916,,false,false,,
casillas_2916_C1_642,casillas,2916_C1_642,Casilla C1 - Sección 2916,,false,false,,
casillas_2916_C2_643,casillas,2916_C2_643,Casilla C2 - Sección 2916,,false,false,,
casillas_2917_B_644,casillas,2917_B_644,Casilla B - Sección 2917,,false,false,,
casillas_2917_C1_645,casillas,2917_C1_645,Casilla C1 - Sección 2917,,false,false,,
casillas_2917_C2_646,casillas,2917_C2_646,Casilla C2 - Sección 2917,,false,false,,
casillas_2918_B_647,casillas,2918_B_647,Casilla B - Sección 2918,,false,false,,
casillas_2918_C1_648,casillas,2918_C1_648,Casilla C1 - Sección 2918,,false,false,,
casillas_2918_C2_649,casillas,2918_C2_649,Casilla C2 - Sección 2918,,false,false,,
casillas_2919_B_650,casillas,2919_B_650,Casilla B - Sección 2919,,false,false,,
casillas_2919_C1_651,casillas,2919_C1_651,Casilla C1 - Sección 2919,,false,false,,
casillas_2920_C1_652,casillas,2920_C1_652,Casilla C1 - Sección 2920,,false,false,,
casillas_2920_B_653,casillas,2920_B_653,Casilla B - Sección 2920,,false,false,,
casillas_2921_B_654,casillas,2921_B_654,Casilla B - Sección 2921,,false,false,,
casillas_2922_B_655,casillas,2922_B_655,Casilla B - Sección 2922,,false,false,,
casillas_2922_C1_656,casillas,2922_C1_656,Casilla C1 - Sección 2922,,false,false,,
casillas_2923_B_657,casillas,2923_B_657,Casilla B - Sección 2923,,false,false,,
casillas_2924_B_658,casillas,2924_B_658,Casilla B - Sección 2924,,false,false,,
casillas_2924_C1_659,casillas,2924_C1_659,Casilla C1 - Sección 2924,,false,false,,
casillas_2924_C2_660,casillas,2924_C2_660,Casilla C2 - Sección 2924,,false,false,,
casillas_2924_C3_661,casillas,2924_C3_661,Casilla C3 - Sección 2924,,false,false,,
casillas_2924_C4_662,casillas,2924_C4_662,Casilla C4 - Sección 2924,,false,false,,
casillas_2925_B_663,casillas,2925_B_663,Casilla B - Sección 2925,,false,false,,
casillas_2926_B_664,casillas,2926_B_664,Casilla B - Sección 2926,,false,false,,
casillas_2926_C1_665,casillas,2926_C1_665,Casilla C1 - Sección 2926,,false,false,,
casillas_2927_B_666,casillas,2927_B_666,Casilla B - Sección 2927,,false,false,,
casillas_2927_C1_667,casillas,2927_C1_667,Casilla C1 - Sección 2927,,false,false,,
casillas_2928_B_668,casillas,2928_B_668,Casilla B - Sección 2928,,false,false,,
casillas_2928_C1_669,casillas,2928_C1_669,Casilla C1 - Sección 2928,,false,false,,
casillas_2929_B_670,casillas,2929_B_670,Casilla B - Sección 2929,,false,false,,
casillas_2929_C1_671,casillas,2929_C1_671,Casilla C1 - Sección 2929,,false,false,,
casillas_2929_C2_672,casillas,2929_C2_672,Casilla C2 - Sección 2929,,false,false,,
casillas_2929_C3_673,casillas,2929_C3_673,Casilla C3 - Sección 2929,,false,false,,
casillas_2930_B_674,casillas,2930_B_674,Casilla B - Sección 2930,,false,false,,
casillas_2930_C1_675,casillas,2930_C1_675,Casilla C1 - Sección 2930,,false,false,,
casillas_2930_C10_676,casillas,2930_C10_676,Casilla C10 - Sección 2930,,false,false,,
casillas_2930_C11_677,casillas,2930_C11_677,Casilla C11 - Sección 2930,,false,false,,
casillas_2930_C2_678,casillas,2930_C2_678,Casilla C2 - Sección 2930,,false,false,,
casillas_2930_C3_679,casillas,2930_C3_679,Casilla C3 - Sección 2930,,false,false,,
casillas_2930_C4_680,casillas,2930_C4_680,Casilla C4 - Sección 2930,,false,false,,
casillas_2930_C5_681,casillas,2930_C5_681,Casilla C5 - Sección 2930,,false,false,,
casillas_2930_C6_682,casillas,2930_C6_682,Casilla C6 - Sección 2930,,false,false,,
casillas_2930_C7_683,casillas,2930_C7_683,Casilla C7 - Sección 2930,,false,false,,
casillas_2930_C8_684,casillas,2930_C8_684,Casilla C8 - Sección 2930,,false,false,,
casillas_2930_C9_685,casillas,2930_C9_685,Casilla C9 - Sección 2930,,false,false,,
casillas_2931_B_686,casillas,2931_B_686,Casilla B - Sección 2931,,false,false,,
casillas_2931_C1_687,casillas,2931_C1_687,Casilla C1 - Sección 2931,,false,false,,
casillas_2932_B_688,casillas,2932_B_688,Casilla B - Sección 2932,,false,false,,
casillas_2933_B_689,casillas,2933_B_689,Casilla B - Sección 2933,,false,false,,
casillas_2934_C1_690,casillas,2934_C1_690,Casilla C1 - Sección 2934,,false,false,,
casillas_2934_B_691,casillas,2934_B_691,Casilla B - Sección 2934,,false,false,,
casillas_2935_B_692,casillas,2935_B_692,Casilla B - Sección 2935,,false,false,,
casillas_2936_B_693,casillas,2936_B_693,Casilla B - Sección 2936,,false,false,,
casillas_2936_C1_694,casillas,2936_C1_694,Casilla C1 - Sección 2936,,false,false,,
casillas_2938_B_695,casillas,2938_B_695,Casilla B - Sección 2938,,false,false,,
casillas_2939_B_696,casillas,2939_B_696,Casilla B - Sección 2939,,false,false,,
casillas_2940_B_697,casillas,2940_B_697,Casilla B - Sección 2940,,false,false,,
casillas_2941_B_698,casillas,2941_B_698,Casilla B - Sección 2941,,false,false,,
casillas_2941_C1_699,casillas,2941_C1_699,Casilla C1 - Sección 2941,,false,false,,
casillas_2942_B_700,casillas,2942_B_700,Casilla B - Sección 2942,,false,false,,
casillas_2943_B_701,casillas,2943_B_701,Casilla B - Sección 2943,,false,false,,
casillas_2944_B_702,casillas,2944_B_702,Casilla B - Sección 2944,,false,false,,
casillas_2944_C1_703,casillas,2944_C1_703,Casilla C1 - Sección 2944,,false,false,,
casillas_2945_B_704,casillas,2945_B_704,Casilla B - Sección 2945,,false,false,,
casillas_2946_B_705,casillas,2946_B_705,Casilla B - Sección 2946,,false,false,,
casillas_2947_B_706,casillas,2947_B_706,Casilla B - Sección 2947,,false,false,,
casillas_2948_B_707,casillas,2948_B_707,Casilla B - Sección 2948,,false,false,,
casillas_2949_B_708,casillas,2949_B_708,Casilla B - Sección 2949,,false,false,,
casillas_2950_B_709,casillas,2950_B_709,Casilla B - Sección 2950,,false,false,,
casillas_2951_B_710,casillas,2951_B_710,Casilla B - Sección 2951,,false,false,,
casillas_2952_B_711,casillas,2952_B_711,Casilla B - Sección 2952,,false,false,,
casillas_2953_B_712,casillas,2953_B_712,Casilla B - Sección 2953,,false,false,,
casillas_2954_B_713,casillas,2954_B_713,Casilla B - Sección 2954,,false,false,,
casillas_2955_B_714,casillas,2955_B_714,Casilla B - Sección 2955,,false,false,,
casillas_2956_B_715,casillas,2956_B_715,Casilla B - Sección 2956,,false,false,,
casillas_2957_B_716,casillas,2957_B_716,Casilla B - Sección 2957,,false,false,,
casillas_2958_B_717,casillas,2958_B_717,Casilla B - Sección 2958,,false,false,,
casillas_2959_B_718,casillas,2959_B_718,Casilla B - Sección 2959,,false,false,,
casillas_2959_C1_719,casillas,2959_C1_719,Casilla C1 - Sección 2959,,false,false,,
casillas_2960_B_720,casillas,2960_B_720,Casilla B - Sección 2960,,false,false,,
casillas_2961_B_721,casillas,2961_B_721,Casilla B - Sección 2961,,false,false,,
casillas_2962_B_722,casillas,2962_B_722,Casilla B - Sección 2962,,false,false,,
casillas_2962_C1_723,casillas,2962_C1_723,Casilla C1 - Sección 2962,,false,false,,
casillas_2963_B_724,casillas,2963_B_724,Casilla B - Sección 2963,,false,false,,
casillas_2964_B_725,casillas,2964_B_725,Casilla B - Sección 2964,,false,false,,
casillas_2965_B_726,casillas,2965_B_726,Casilla B - Sección 2965,,false,false,,
casillas_2966_B_727,casillas,2966_B_727,Casilla B - Sección 2966,,false,false,,
casillas_2967_B_728,casillas,2967_B_728,Casilla B - Sección 2967,,false,false,,
casillas_2968_B_729,casillas,2968_B_729,Casilla B - Sección 2968,,false,false,,
casillas_2969_B_730,casillas,2969_B_730,Casilla B - Sección 2969,,false,false,,
casillas_2970_B_731,casillas,2970_B_731,Casilla B - Sección 2970,,false,false,,
casillas_2971_B_732,casillas,2971_B_732,Casilla B - Sección 2971,,false,false,,
casillas_2971_C1_733,casillas,2971_C1_733,Casilla C1 - Sección 2971,,false,false,,
casillas_2971_C2_734,casillas,2971_C2_734,Casilla C2 - Sección 2971,,false,false,,
casillas_2971_C3_735,casillas,2971_C3_735,Casilla C3 - Sección 2971,,false,false,,
casillas_2971_C4_736,casillas,2971_C4_736,Casilla C4 - Sección 2971,,false,false,,
casillas_2971_C5_737,casillas,2971_C5_737,Casilla C5 - Sección 2971,,false,false,,
casillas_2972_B_738,casillas,2972_B_738,Casilla B - Sección 2972,,false,false,,
casillas_2973_B_739,casillas,2973_B_739,Casilla B - Sección 2973,,false,false,,
casillas_2973_C1_740,casillas,2973_C1_740,Casilla C1 - Sección 2973,,false,false,,
casillas_2975_B_741,casillas,2975_B_741,Casilla B - Sección 2975,,false,false,,
casillas_3030_B_742,casillas,3030_B_742,Casilla B - Sección 3030,,false,false,,
casillas_3034_B_743,casillas,3034_B_743,Casilla B - Sección 3034,,false,false,,
casillas_3038_B_744,casillas,3038_B_744,Casilla B - Sección 3038,,false,false,,
casillas_3039_B_745,casillas,3039_B_745,Casilla B - Sección 3039,,false,false,,
casillas_3040_B_746,casillas,3040_B_746,Casilla B - Sección 3040,,false,false,,
casillas_3041_B_747,casillas,3041_B_747,Casilla B - Sección 3041,,false,false,,
casillas_3042_B_748,casillas,3042_B_748,Casilla B - Sección 3042,,false,false,,
casillas_3043_B_749,casillas,3043_B_749,Casilla B - Sección 3043,,false,false,,
casillas_3044_B_750,casillas,3044_B_750,Casilla B - Sección 3044,,false,false,,
casillas_3045_B_751,casillas,3045_B_751,Casilla B - Sección 3045,,false,false,,
casillas_3046_B_752,casillas,3046_B_752,Casilla B - Sección 3046,,false,false,,
casillas_3047_B_753,casillas,3047_B_753,Casilla B - Sección 3047,,false,false,,
casillas_3048_B_754,casillas,3048_B_754,Casilla B - Sección 3048,,false,false,,
casillas_3049_B_755,casillas,3049_B_755,Casilla B - Sección 3049,,false,false,,
casillas_3050_B_756,casillas,3050_B_756,Casilla B - Sección 3050,,false,false,,
casillas_3051_B_757,casillas,3051_B_757,Casilla B - Sección 3051,,false,false,,
casillas_3052_B_758,casillas,3052_B_758,Casilla B - Sección 3052,,false,false,,
casillas_3053_B_759,casillas,3053_B_759,Casilla B - Sección 3053,,false,false,,
casillas_3054_B_760,casillas,3054_B_760,Casilla B - Sección 3054,,false,false,,
casillas_3055_B_761,casillas,3055_B_761,Casilla B - Sección 3055,,false,false,,
casillas_3056_B_762,casillas,3056_B_762,Casilla B - Sección 3056,,false,false,,
casillas_3057_B_763,casillas,3057_B_763,Casilla B - Sección 3057,,false,false,,
casillas_3058_B_764,casillas,3058_B_764,Casilla B - Sección 3058,,false,false,,
casillas_3059_B_765,casillas,3059_B_765,Casilla B - Sección 3059,,false,false,,
casillas_3060_B_766,casillas,3060_B_766,Casilla B - Sección 3060,,false,false,,
casillas_3061_B_767,casillas,3061_B_767,Casilla B - Sección 3061,,false,false,,
casillas_3062_B_768,casillas,3062_B_768,Casilla B - Sección 3062,,false,false,,
casillas_3063_B_769,casillas,3063_B_769,Casilla B - Sección 3063,,false,false,,
casillas_3064_B_770,casillas,3064_B_770,Casilla B - Sección 3064,,false,false,,
casillas_3065_B_771,casillas,3065_B_771,Casilla B - Sección 3065,,false,false,,
casillas_3066_B_772,casillas,3066_B_772,Casilla B - Sección 3066,,false,false,,
casillas_3067_B_773,casillas,3067_B_773,Casilla B - Sección 3067,,false,false,,
casillas_3068_B_774,casillas,3068_B_774,Casilla B - Sección 3068,,false,false,,
casillas_3069_B_775,casillas,3069_B_775,Casilla B - Sección 3069,,false,false,,
casillas_3070_B_776,casillas,3070_B_776,Casilla B - Sección 3070,,false,false,,
casillas_3071_B_777,casillas,3071_B_777,Casilla B - Sección 3071,,false,false,,
casillas_3072_B_778,casillas,3072_B_778,Casilla B - Sección 3072,,false,false,,
casillas_3073_B_779,casillas,3073_B_779,Casilla B - Sección 3073,,false,false,,
casillas_3074_B_780,casillas,3074_B_780,Casilla B - Sección 3074,,false,false,,
casillas_3075_B_781,casillas,3075_B_781,Casilla B - Sección 3075,,false,false,,
casillas_3076_B_782,casillas,3076_B_782,Casilla B - Sección 3076,,false,false,,
casillas_3077_B_783,casillas,3077_B_783,Casilla B - Sección 3077,,false,false,,
casillas_3078_B_784,casillas,3078_B_784,Casilla B - Sección 3078,,false,false,,
casillas_3079_B_785,casillas,3079_B_785,Casilla B - Sección 3079,,false,false,,
casillas_3080_B_786,casillas,3080_B_786,Casilla B - Sección 3080,,false,false,,
casillas_3081_B_787,casillas,3081_B_787,Casilla B - Sección 3081,,false,false,,
casillas_3082_B_788,casillas,3082_B_788,Casilla B - Sección 3082,,false,false,,
casillas_3083_B_789,casillas,3083_B_789,Casilla B - Sección 3083,,false,false,,
casillas_3084_B_790,casillas,3084_B_790,Casilla B - Sección 3084,,false,false,,
casillas_3085_B_791,casillas,3085_B_791,Casilla B - Sección 3085,,false,false,,
casillas_3086_B_792,casillas,3086_B_792,Casilla B - Sección 3086,,false,false,,
casillas_3087_B_793,casillas,3087_B_793,Casilla B - Sección 3087,,false,false,,
casillas_3088_B_794,casillas,3088_B_794,Casilla B - Sección 3088,,false,false,,
casillas_3089_B_795,casillas,3089_B_795,Casilla B - Sección 3089,,false,false,,
casillas_3090_B_796,casillas,3090_B_796,Casilla B - Sección 3090,,false,false,,
casillas_3091_B_797,casillas,3091_B_797,Casilla B - Sección 3091,,false,false,,
casillas_3092_B_798,casillas,3092_B_798,Casilla B - Sección 3092,,false,false,,
casillas_3093_B_799,casillas,3093_B_799,Casilla B - Sección 3093,,false,false,,
casillas_3094_B_800,casillas,3094_B_800,Casilla B - Sección 3094,,false,false,,
casillas_3095_B_801,casillas,3095_B_801,Casilla B - Sección 3095,,false,false,,
casillas_3096_B_802,casillas,3096_B_802,Casilla B - Sección 3096,,false,false,,
casillas_3097_B_803,casillas,3097_B_803,Casilla B - Sección 3097,,false,false,,
casillas_3098_B_804,casillas,3098_B_804,Casilla B - Sección 3098,,false,false,,
casillas_3099_B_805,casillas,3099_B_805,Casilla B - Sección 3099,,false,false,,
casillas_3100_B_806,casillas,3100_B_806,Casilla B - Sección 3100,,false,false,,
casillas_3122_B_807,casillas,3122_B_807,Casilla B - Sección 3122,,false,false,,
casillas_3123_B_808,casillas,3123_B_808,Casilla B - Sección 3123,,false,false,,
casillas_3124_B_809,casillas,3124_B_809,Casilla B - Sección 3124,,false,false,,
casillas_3125_B_810,casillas,3125_B_810,Casilla B - Sección 3125,,false,false,,
casillas_3326_B_811,casillas,3326_B_811,Casilla B - Sección 3326,,false,false,,
casillas_3326_C1_812,casillas,3326_C1_812,Casilla C1 - Sección 3326,,false,false,,
casillas_3326_C2_813,casillas,3326_C2_813,Casilla C2 - Sección 3326,,false,false,,
casillas_3327_B_814,casillas,3327_B_814,Casilla B - Sección 3327,,false,false,,
casillas_3327_C1_815,casillas,3327_C1_815,Casilla C1 - Sección 3327,,false,false,,
casillas_3327_C2_816,casillas,3327_C2_816,Casilla C2 - Sección 3327,,false,false,,
casillas_3327_S1_817,casillas,3327_S1_817,Casilla S1 - Sección 3327,,false,false,,
casillas_3328_B_818,casillas,3328_B_818,Casilla B - Sección 3328,,false,false,,
casillas_3328_C1_819,casillas,3328_C1_819,Casilla C1 - Sección 3328,,false,false,,
casillas_3329_B_820,casillas,3329_B_820,Casilla B - Sección 3329,,false,false,,
casillas_3329_C1_821,casillas,3329_C1_821,Casilla C1 - Sección 3329,,false,false,,
casillas_3330_B_822,casillas,3330_B_822,Casilla B - Sección 3330,,false,false,,
casillas_3330_C1_823,casillas,3330_C1_823,Casilla C1 - Sección 3330,,false,false,,
casillas_3330_C2_824,casillas,3330_C2_824,Casilla C2 - Sección 3330,,false,false,,
casillas_3331_B_825,casillas,3331_B_825,Casilla B - Sección 3331,,false,false,,
casillas_3331_C1_826,casillas,3331_C1_826,Casilla C1 - Sección 3331,,false,false,,
casillas_3331_C2_827,casillas,3331_C2_827,Casilla C2 - Sección 3331,,false,false,,
casillas_3331_C3_828,casillas,3331_C3_828,Casilla C3 - Sección 3331,,false,false,,
casillas_2785_B_829,casillas,2785_B_829,Casilla B - Sección 2785,,false,false,,
casillas_2785_C1_830,casillas,2785_C1_830,Casilla C1 - Sección 2785,,false,false,,
casillas_1942_B_831,casillas,1942_B_831,Casilla B - Sección 1942,,false,false,,
casillas_1942_C1_832,casillas,1942_C1_832,Casilla C1 - Sección 1942,,false,false,,
casillas_1942_C2_833,casillas,1942_C2_833,Casilla C2 - Sección 1942,,false,false,,
casillas_1943_E1_834,casillas,1943_E1_834,Casilla E1 - Sección 1943,,false,false,,
casillas_1943_B_835,casillas,1943_B_835,Casilla B - Sección 1943,,false,false,,
casillas_1943_C1_836,casillas,1943_C1_836,Casilla C1 - Sección 1943,,false,false,,
casillas_1944_B_837,casillas,1944_B_837,Casilla B - Sección 1944,,false,false,,
casillas_1945_E1_838,casillas,1945_E1_838,Casilla E1 - Sección 1945,,false,false,,
casillas_1945_E1C1_839,casillas,1945_E1C1_839,Casilla E1C1 - Sección 1945,,false,false,,
casillas_1945_E1C10_840,casillas,1945_E1C10_840,Casilla E1C10 - Sección 1945,,false,false,,
casillas_1945_E1C11_841,casillas,1945_E1C11_841,Casilla E1C11 - Sección 1945,,false,false,,
casillas_1945_E1C12_842,casillas,1945_E1C12_842,Casilla E1C12 - Sección 1945,,false,false,,
casillas_1945_E1C13_843,casillas,1945_E1C13_843,Casilla E1C13 - Sección 1945,,false,false,,
casillas_1945_E1C2_844,casillas,1945_E1C2_844,Casilla E1C2 - Sección 1945,,false,false,,
casillas_1945_E1C3_845,casillas,1945_E1C3_845,Casilla E1C3 - Sección 1945,,false,false,,
casillas_1945_E1C4_846,casillas,1945_E1C4_846,Casilla E1C4 - Sección 1945,,false,false,,
casillas_1945_E1C5_847,casillas,1945_E1C5_847,Casilla E1C5 - Sección 1945,,false,false,,
casillas_1945_E1C6_848,casillas,1945_E1C6_848,Casilla E1C6 - Sección 1945,,false,false,,
casillas_1945_E1C7_849,casillas,1945_E1C7_849,Casilla E1C7 - Sección 1945,,false,false,,
casillas_1945_E1C8_850,casillas,1945_E1C8_850,Casilla E1C8 - Sección 1945,,false,false,,
casillas_1945_E1C9_851,casillas,1945_E1C9_851,Casilla E1C9 - Sección 1945,,false,false,,
casillas_1945_B_852,casillas,1945_B_852,Casilla B - Sección 1945,,false,false,,
casillas_1945_C1_853,casillas,1945_C1_853,Casilla C1 - Sección 1945,,false,false,,
casillas_2781_B_854,casillas,2781_B_854,Casilla B - Sección 2781,,false,false,,
casillas_2781_C1_855,casillas,2781_C1_855,Casilla C1 - Sección 2781,,false,false,,
casillas_2781_C10_856,casillas,2781_C10_856,Casilla C10 - Sección 2781,,false,false,,
casillas_2781_C11_857,casillas,2781_C11_857,Casilla C11 - Sección 2781,,false,false,,
casillas_2781_C2_858,casillas,2781_C2_858,Casilla C2 - Sección 2781,,false,false,,
casillas_2781_C3_859,casillas,2781_C3_859,Casilla C3 - Sección 2781,,false,false,,
casillas_2781_C4_860,casillas,2781_C4_860,Casilla C4 - Sección 2781,,false,false,,
casillas_2781_C5_861,casillas,2781_C5_861,Casilla C5 - Sección 2781,,false,false,,
casillas_2781_C6_862,casillas,2781_C6_862,Casilla C6 - Sección 2781,,false,false,,
casillas_2781_C7_863,casillas,2781_C7_863,Casilla C7 - Sección 2781,,false,false,,
casillas_2781_C8_864,casillas,2781_C8_864,Casilla C8 - Sección 2781,,false,false,,
casillas_2781_C9_865,casillas,2781_C9_865,Casilla C9 - Sección 2781,,false,false,,
casillas_2782_B_866,casillas,2782_B_866,Casilla B - Sección 2782,,false,false,,
casillas_2782_C1_867,casillas,2782_C1_867,Casilla C1 - Sección 2782,,false,false,,
casillas_2782_C10_868,casillas,2782_C10_868,Casilla C10 - Sección 2782,,false,false,,
casillas_2782_C2_869,casillas,2782_C2_869,Casilla C2 - Sección 2782,,false,false,,
casillas_2782_C3_870,casillas,2782_C3_870,Casilla C3 - Sección 2782,,false,false,,
casillas_2782_C4_871,casillas,2782_C4_871,Casilla C4 - Sección 2782,,false,false,,
casillas_2782_C5_872,casillas,2782_C5_872,Casilla C5 - Sección 2782,,false,false,,
casillas_2782_C6_873,casillas,2782_C6_873,Casilla C6 - Sección 2782,,false,false,,
casillas_2782_C7_874,casillas,2782_C7_874,Casilla C7 - Sección 2782,,false,false,,
casillas_2782_C8_875,casillas,2782_C8_875,Casilla C8 - Sección 2782,,false,false,,
casillas_2782_C9_876,casillas,2782_C9_876,Casilla C9 - Sección 2782,,false,false,,
casillas_2783_B_877,casillas,2783_B_877,Casilla B - Sección 2783,,false,false,,
casillas_2784_B_878,casillas,2784_B_878,Casilla B - Sección 2784,,false,false,,
casillas_2784_C1_879,casillas,2784_C1_879,Casilla C1 - Sección 2784,,false,false,,
casillas_2976_B_880,casillas,2976_B_880,Casilla B - Sección 2976,,false,false,,
casillas_2976_C1_881,casillas,2976_C1_881,Casilla C1 - Sección 2976,,false,false,,
casillas_2976_C2_882,casillas,2976_C2_882,Casilla C2 - Sección 2976,,false,false,,
casillas_2976_C3_883,casillas,2976_C3_883,Casilla C3 - Sección 2976,,false,false,,
casillas_2976_C4_884,casillas,2976_C4_884,Casilla C4 - Sección 2976,,false,false,,
casillas_2977_B_885,casillas,2977_B_885,Casilla B - Sección 2977,,false,false,,
casillas_2977_C1_886,casillas,2977_C1_886,Casilla C1 - Sección 2977,,false,false,,
casillas_2978_B_887,casillas,2978_B_887,Casilla B - Sección 2978,,false,false,,
casillas_2979_B_888,casillas,2979_B_888,Casilla B - Sección 2979,,false,false,,
casillas_2979_S1_889,casillas,2979_S1_889,Casilla S1 - Sección 2979,,false,false,,
casillas_2980_B_890,casillas,2980_B_890,Casilla B - Sección 2980,,false,false,,
casillas_2983_B_891,casillas,2983_B_891,Casilla B - Sección 2983,,false,false,,
casillas_2983_C1_892,casillas,2983_C1_892,Casilla C1 - Sección 2983,,false,false,,
casillas_2983_C10_893,casillas,2983_C10_893,Casilla C10 - Sección 2983,,false,false,,
casillas_2983_C11_894,casillas,2983_C11_894,Casilla C11 - Sección 2983,,false,false,,
casillas_2983_C12_895,casillas,2983_C12_895,Casilla C12 - Sección 2983,,false,false,,
casillas_2983_C13_896,casillas,2983_C13_896,Casilla C13 - Sección 2983,,false,false,,
casillas_2983_C14_897,casillas,2983_C14_897,Casilla C14 - Sección 2983,,false,false,,
casillas_2983_C15_898,casillas,2983_C15_898,Casilla C15 - Sección 2983,,false,false,,
casillas_2983_C16_899,casillas,2983_C16_899,Casilla C16 - Sección 2983,,false,false,,
casillas_2983_C2_900,casillas,2983_C2_900,Casilla C2 - Sección 2983,,false,false,,
casillas_2983_C3_901,casillas,2983_C3_901,Casilla C3 - Sección 2983,,false,false,,
casillas_2983_C4_902,casillas,2983_C4_902,Casilla C4 - Sección 2983,,false,false,,
casillas_2983_C5_903,casillas,2983_C5_903,Casilla C5 - Sección 2983,,false,false,,
casillas_2983_C6_904,casillas,2983_C6_904,Casilla C6 - Sección 2983,,false,false,,
casillas_2983_C7_905,casillas,2983_C7_905,Casilla C7 - Sección 2983,,false,false,,
casillas_2983_C8_906,casillas,2983_C8_906,Casilla C8 - Sección 2983,,false,false,,
casillas_2983_C9_907,casillas,2983_C9_907,Casilla C9 - Sección 2983,,false,false,,
casillas_2984_B_908,casillas,2984_B_908,Casilla B - Sección 2984,,false,false,,
casillas_2984_C1_909,casillas,2984_C1_909,Casilla C1 - Sección 2984,,false,false,,
casillas_2986_C1_910,casillas,2986_C1_910,Casilla C1 - Sección 2986,,false,false,,
casillas_2986_B_911,casillas,2986_B_911,Casilla B - Sección 2986,,false,false,,
casillas_2990_B_912,casillas,2990_B_912,Casilla B - Sección 2990,,false,false,,
casillas_2990_C1_913,casillas,2990_C1_913,Casilla C1 - Sección 2990,,false,false,,
casillas_2991_B_914,casillas,2991_B_914,Casilla B - Sección 2991,,false,false,,
casillas_2991_C1_915,casillas,2991_C1_915,Casilla C1 - Sección 2991,,false,false,,
casillas_2992_B_916,casillas,2992_B_916,Casilla B - Sección 2992,,false,false,,
casillas_2996_B_917,casillas,2996_B_917,Casilla B - Sección 2996,,false,false,,
casillas_2997_B_918,casillas,2997_B_918,Casilla B - Sección 2997,,false,false,,
casillas_2998_B_919,casillas,2998_B_919,Casilla B - Sección 2998,,false,false,,
casillas_2998_C1_920,casillas,2998_C1_920,Casilla C1 - Sección 2998,,false,false,,
casillas_2998_C2_921,casillas,2998_C2_921,Casilla C2 - Sección 2998,,false,false,,
casillas_2998_C3_922,casillas,2998_C3_922,Casilla C3 - Sección 2998,,false,false,,
casillas_3002_B_923,casillas,3002_B_923,Casilla B - Sección 3002,,false,false,,
casillas_3004_B_924,casillas,3004_B_924,Casilla B - Sección 3004,,false,false,,
casillas_3004_C1_925,casillas,3004_C1_925,Casilla C1 - Sección 3004,,false,false,,
casillas_3004_C3_926,casillas,3004_C3_926,Casilla C3 - Sección 3004,,false,false,,
casillas_3004_C4_927,casillas,3004_C4_927,Casilla C4 - Sección 3004,,false,false,,
casillas_3004_C2_928,casillas,3004_C2_928,Casilla C2 - Sección 3004,,false,false,,
casillas_3011_B_929,casillas,3011_B_929,Casilla B - Sección 3011,,false,false,,
casillas_3015_B_930,casillas,3015_B_930,Casilla B - Sección 3015,,false,false,,
casillas_3016_B_931,casillas,3016_B_931,Casilla B - Sección 3016,,false,false,,
casillas_3018_B_932,casillas,3018_B_932,Casilla B - Sección 3018,,false,false,,
casillas_3018_C1_933,casillas,3018_C1_933,Casilla C1 - Sección 3018,,false,false,,
casillas_3018_C2_934,casillas,3018_C2_934,Casilla C2 - Sección 3018,,false,false,,
casillas_3020_B_935,casillas,3020_B_935,Casilla B - Sección 3020,,false,false,,
casillas_3021_B_936,casillas,3021_B_936,Casilla B - Sección 3021,,false,false,,
casillas_3021_C1_937,casillas,3021_C1_937,Casilla C1 - Sección 3021,,false,false,,
casillas_3021_C2_938,casillas,3021_C2_938,Casilla C2 - Sección 3021,,false,false,,
casillas_3021_C3_939,casillas,3021_C3_939,Casilla C3 - Sección 3021,,false,false,,
casillas_3021_C4_940,casillas,3021_C4_940,Casilla C4 - Sección 3021,,false,false,,
casillas_3021_C5_941,casillas,3021_C5_941,Casilla C5 - Sección 3021,,false,false,,
casillas_3021_C6_942,casillas,3021_C6_942,Casilla C6 - Sección 3021,,false,false,,
casillas_3022_B_943,casillas,3022_B_943,Casilla B - Sección 3022,,false,false,,
casillas_3023_B_944,casillas,3023_B_944,Casilla B - Sección 3023,,false,false,,
casillas_3024_B_945,casillas,3024_B_945,Casilla B - Sección 3024,,false,false,,
casillas_3025_B_946,casillas,3025_B_946,Casilla B - Sección 3025,,false,false,,
casillas_3026_B_947,casillas,3026_B_947,Casilla B - Sección 3026,,false,false,,
casillas_3027_B_948,casillas,3027_B_948,Casilla B - Sección 3027,,false,false,,
casillas_3027_C1_949,casillas,3027_C1_949,Casilla C1 - Sección 3027,,false,false,,
casillas_3120_B_950,casillas,3120_B_950,Casilla B - Sección 3120,,false,false,,
casillas_3121_B_951,casillas,3121_B_951,Casilla B - Sección 3121,,false,false,,
casillas_3126_B_952,casillas,3126_B_952,Casilla B - Sección 3126,,false,false,,
casillas_3127_B_953,casillas,3127_B_953,Casilla B - Sección 3127,,false,false,,
casillas_3128_B_954,casillas,3128_B_954,Casilla B - Sección 3128,,false,false,,
casillas_3129_B_955,casillas,3129_B_955,Casilla B - Sección 3129,,false,false,,
casillas_3130_B_956,casillas,3130_B_956,Casilla B - Sección 3130,,false,false,,
casillas_3130_C1_957,casillas,3130_C1_957,Casilla C1 - Sección 3130,,false,false,,
casillas_3131_B_958,casillas,3131_B_958,Casilla B - Sección 3131,,false,false,,
casillas_3132_B_959,casillas,3132_B_959,Casilla B - Sección 3132,,false,false,,
casillas_3133_B_960,casillas,3133_B_960,Casilla B - Sección 3133,,false,false,,
casillas_3134_B_961,casillas,3134_B_961,Casilla B - Sección 3134,,false,false,,
casillas_3134_C1_962,casillas,3134_C1_962,Casilla C1 - Sección 3134,,false,false,,
casillas_3135_B_963,casillas,3135_B_963,Casilla B - Sección 3135,,false,false,,
casillas_3136_B_964,casillas,3136_B_964,Casilla B - Sección 3136,,false,false,,
casillas_3137_B_965,casillas,3137_B_965,Casilla B - Sección 3137,,false,false,,
casillas_3138_B_966,casillas,3138_B_966,Casilla B - Sección 3138,,false,false,,
casillas_3139_B_967,casillas,3139_B_967,Casilla B - Sección 3139,,false,false,,
casillas_3139_C1_968,casillas,3139_C1_968,Casilla C1 - Sección 3139,,false,false,,
casillas_3140_B_969,casillas,3140_B_969,Casilla B - Sección 3140,,false,false,,
casillas_3141_B_970,casillas,3141_B_970,Casilla B - Sección 3141,,false,false,,
casillas_3142_B_971,casillas,3142_B_971,Casilla B - Sección 3142,,false,false,,
casillas_3143_B_972,casillas,3143_B_972,Casilla B - Sección 3143,,false,false,,
casillas_3144_B_973,casillas,3144_B_973,Casilla B - Sección 3144,,false,false,,
casillas_3144_C1_974,casillas,3144_C1_974,Casilla C1 - Sección 3144,,false,false,,
casillas_3144_C2_975,casillas,3144_C2_975,Casilla C2 - Sección 3144,,false,false,,
casillas_3144_C3_976,casillas,3144_C3_976,Casilla C3 - Sección 3144,,false,false,,
casillas_3145_B_977,casillas,3145_B_977,Casilla B - Sección 3145,,false,false,,
casillas_3146_B_978,casillas,3146_B_978,Casilla B - Sección 3146,,false,false,,
casillas_3146_C1_979,casillas,3146_C1_979,Casilla C1 - Sección 3146,,false,false,,
casillas_3147_B_980,casillas,3147_B_980,Casilla B - Sección 3147,,false,false,,
casillas_3148_B_981,casillas,3148_B_981,Casilla B - Sección 3148,,false,false,,
casillas_3149_B_982,casillas,3149_B_982,Casilla B - Sección 3149,,false,false,,
casillas_3149_C1_983,casillas,3149_C1_983,Casilla C1 - Sección 3149,,false,false,,
casillas_3150_B_984,casillas,3150_B_984,Casilla B - Sección 3150,,false,false,,
casillas_3150_C1_985,casillas,3150_C1_985,Casilla C1 - Sección 3150,,false,false,,
casillas_3151_B_986,casillas,3151_B_986,Casilla B - Sección 3151,,false,false,,
casillas_3152_B_987,casillas,3152_B_987,Casilla B - Sección 3152,,false,false,,
casillas_3152_C1_988,casillas,3152_C1_988,Casilla C1 - Sección 3152,,false,false,,
casillas_3153_B_989,casillas,3153_B_989,Casilla B - Sección 3153,,false,false,,
casillas_3153_C1_990,casillas,3153_C1_990,Casilla C1 - Sección 3153,,false,false,,
casillas_3154_B_991,casillas,3154_B_991,Casilla B - Sección 3154,,false,false,,
casillas_3154_C1_992,casillas,3154_C1_992,Casilla C1 - Sección 3154,,false,false,,
casillas_3155_B_993,casillas,3155_B_993,Casilla B - Sección 3155,,false,false,,
casillas_3155_C1_994,casillas,3155_C1_994,Casilla C1 - Sección 3155,,false,false,,
casillas_3156_B_995,casillas,3156_B_995,Casilla B - Sección 3156,,false,false,,
casillas_3156_C1_996,casillas,3156_C1_996,Casilla C1 - Sección 3156,,false,false,,
casillas_3157_B_997,casillas,3157_B_997,Casilla B - Sección 3157,,false,false,,
casillas_3157_C1_998,casillas,3157_C1_998,Casilla C1 - Sección 3157,,false,false,,
casillas_3158_B_999,casillas,3158_B_999,Casilla B - Sección 3158,,false,false,,
casillas_3158_C1_1000,casillas,3158_C1_1000,Casilla C1 - Sección 3158,,false,false,,
casillas_3159_B_1001,casillas,3159_B_1001,Casilla B - Sección 3159,,false,false,,
casillas_3159_C1_1002,casillas,3159_C1_1002,Casilla C1 - Sección 3159,,false,false,,
casillas_3160_B_1003,casillas,3160_B_1003,Casilla B - Sección 3160,,false,false,,
casillas_3160_C1_1004,casillas,3160_C1_1004,Casilla C1 - Sección 3160,,false,false,,
casillas_3161_B_1005,casillas,3161_B_1005,Casilla B - Sección 3161,,false,false,,
casillas_3161_C1_1006,casillas,3161_C1_1006,Casilla C1 - Sección 3161,,false,false,,
casillas_3162_B_1007,casillas,3162_B_1007,Casilla B - Sección 3162,,false,false,,
casillas_3162_C1_1008,casillas,3162_C1_1008,Casilla C1 - Sección 3162,,false,false,,
casillas_3163_B_1009,casillas,3163_B_1009,Casilla B - Sección 3163,,false,false,,
casillas_3163_C1_1010,casillas,3163_C1_1010,Casilla C1 - Sección 3163,,false,false,,
casillas_3164_B_1011,casillas,3164_B_1011,Casilla B - Sección 3164,,false,false,,
casillas_3165_B_1012,casillas,3165_B_1012,Casilla B - Sección 3165,,false,false,,
casillas_3165_C1_1013,casillas,3165_C1_1013,Casilla C1 - Sección 3165,,false,false,,
casillas_3166_B_1014,casillas,3166_B_1014,Casilla B - Sección 3166,,false,false,,
casillas_3166_C1_1015,casillas,3166_C1_1015,Casilla C1 - Sección 3166,,false,false,,
casillas_3167_B_1016,casillas,3167_B_1016,Casilla B - Sección 3167,,false,false,,
casillas_3167_C1_1017,casillas,3167_C1_1017,Casilla C1 - Sección 3167,,false,false,,
casillas_3168_B_1018,casillas,3168_B_1018,Casilla B - Sección 3168,,false,false,,
casillas_3168_C1_1019,casillas,3168_C1_1019,Casilla C1 - Sección 3168,,false,false,,
casillas_3169_B_1020,casillas,3169_B_1020,Casilla B - Sección 3169,,false,false,,
casillas_3169_C1_1021,casillas,3169_C1_1021,Casilla C1 - Sección 3169,,false,false,,
casillas_3170_B_1022,casillas,3170_B_1022,Casilla B - Sección 3170,,false,false,,
casillas_3170_C1_1023,casillas,3170_C1_1023,Casilla C1 - Sección 3170,,false,false,,
casillas_3171_B_1024,casillas,3171_B_1024,Casilla B - Sección 3171,,false,false,,
casillas_3171_C1_1025,casillas,3171_C1_1025,Casilla C1 - Sección 3171,,false,false,,
casillas_3172_B_1026,casillas,3172_B_1026,Casilla B - Sección 3172,,false,false,,
casillas_3172_C1_1027,casillas,3172_C1_1027,Casilla C1 - Sección 3172,,false,false,,
casillas_3173_B_1028,casillas,3173_B_1028,Casilla B - Sección 3173,,false,false,,
casillas_3173_C1_1029,casillas,3173_C1_1029,Casilla C1 - Sección 3173,,false,false,,
casillas_3174_B_1030,casillas,3174_B_1030,Casilla B - Sección 3174,,false,false,,
casillas_3174_C1_1031,casillas,3174_C1_1031,Casilla C1 - Sección 3174,,false,false,,
casillas_3175_B_1032,casillas,3175_B_1032,Casilla B - Sección 3175,,false,false,,
casillas_3175_C1_1033,casillas,3175_C1_1033,Casilla C1 - Sección 3175,,false,false,,
casillas_3176_B_1034,casillas,3176_B_1034,Casilla B - Sección 3176,,false,false,,
casillas_3176_C1_1035,casillas,3176_C1_1035,Casilla C1 - Sección 3176,,false,false,,
casillas_1_B_1036,casillas,1_B_1036,Casilla B - Sección 1,,false,false,,
casillas_1_C1_1037,casillas,1_C1_1037,Casilla C1 - Sección 1,,false,false,,
casillas_2_B_1038,casillas,2_B_1038,Casilla B - Sección 2,,false,false,,
casillas_2_S1_1039,casillas,2_S1_1039,Casilla S1 - Sección 2,,false,false,,
casillas_3_B_1040,casillas,3_B_1040,Casilla B - Sección 3,,false,false,,
casillas_3_C1_1041,casillas,3_C1_1041,Casilla C1 - Sección 3,,false,false,,
casillas_4_B_1042,casillas,4_B_1042,Casilla B - Sección 4,,false,false,,
casillas_4_C1_1043,casillas,4_C1_1043,Casilla C1 - Sección 4,,false,false,,
casillas_5_B_1044,casillas,5_B_1044,Casilla B - Sección 5,,false,false,,
casillas_5_C1_1045,casillas,5_C1_1045,Casilla C1 - Sección 5,,false,false,,
casillas_6_B_1046,casillas,6_B_1046,Casilla B - Sección 6,,false,false,,
casillas_6_C1_1047,casillas,6_C1_1047,Casilla C1 - Sección 6,,false,false,,
casillas_6_C2_1048,casillas,6_C2_1048,Casilla C2 - Sección 6,,false,false,,
casillas_7_B_1049,casillas,7_B_1049,Casilla B - Sección 7,,false,false,,
casillas_7_C1_1050,casillas,7_C1_1050,Casilla C1 - Sección 7,,false,false,,
casillas_8_B_1051,casillas,8_B_1051,Casilla B - Sección 8,,false,false,,
casillas_8_C1_1052,casillas,8_C1_1052,Casilla C1 - Sección 8,,false,false,,
casillas_10_B_1053,casillas,10_B_1053,Casilla B - Sección 10,,false,false,,
casillas_11_B_1054,casillas,11_B_1054,Casilla B - Sección 11,,false,false,,
casillas_12_B_1055,casillas,12_B_1055,Casilla B - Sección 12,,false,false,,
casillas_13_B_1056,casillas,13_B_1056,Casilla B - Sección 13,,false,false,,
casillas_14_B_1057,casillas,14_B_1057,Casilla B - Sección 14,,false,false,,
casillas_15_B_1058,casillas,15_B_1058,Casilla B - Sección 15,,false,false,,
casillas_16_B_1059,casillas,16_B_1059,Casilla B - Sección 16,,false,false,,
casillas_1126_B_1060,casillas,1126_B_1060,Casilla B - Sección 1126,,false,false,,
casillas_1127_B_1061,casillas,1127_B_1061,Casilla B - Sección 1127,,false,false,,
casillas_1128_B_1062,casillas,1128_B_1062,Casilla B - Sección 1128,,false,false,,
casillas_1129_B_1063,casillas,1129_B_1063,Casilla B - Sección 1129,,false,false,,
casillas_1130_B_1064,casillas,1130_B_1064,Casilla B - Sección 1130,,false,false,,
casillas_1130_C1_1065,casillas,1130_C1_1065,Casilla C1 - Sección 1130,,false,false,,
casillas_1131_B_1066,casillas,1131_B_1066,Casilla B - Sección 1131,,false,false,,
casillas_1132_E1_1067,casillas,1132_E1_1067,Casilla E1 - Sección 1132,,false,false,,
casillas_1132_B_1068,casillas,1132_B_1068,Casilla B - Sección 1132,,false,false,,
casillas_1134_B_1069,casillas,1134_B_1069,Casilla B - Sección 1134,,false,false,,
casillas_1134_E1_1070,casillas,1134_E1_1070,Casilla E1 - Sección 1134,,false,false,,
casillas_2509_B_1071,casillas,2509_B_1071,Casilla B - Sección 2509,,false,false,,
casillas_2510_B_1072,casillas,2510_B_1072,Casilla B - Sección 2510,,false,false,,
casillas_2510_C1_1073,casillas,2510_C1_1073,Casilla C1 - Sección 2510,,false,false,,
casillas_2511_B_1074,casillas,2511_B_1074,Casilla B - Sección 2511,,false,false,,
casillas_2511_C1_1075,casillas,2511_C1_1075,Casilla C1 - Sección 2511,,false,false,,
casillas_2512_B_1076,casillas,2512_B_1076,Casilla B - Sección 2512,,false,false,,
casillas_2513_B_1077,casillas,2513_B_1077,Casilla B - Sección 2513,,false,false,,
casillas_2514_B_1078,casillas,2514_B_1078,Casilla B - Sección 2514,,false,false,,
casillas_2515_B_1079,casillas,2515_B_1079,Casilla B - Sección 2515,,false,false,,
casillas_2516_B_1080,casillas,2516_B_1080,Casilla B - Sección 2516,,false,false,,
casillas_2517_B_1081,casillas,2517_B_1081,Casilla B - Sección 2517,,false,false,,
casillas_60_B_1082,casillas,60_B_1082,Casilla B - Sección 60,,false,false,,
casillas_60_C1_1083,casillas,60_C1_1083,Casilla C1 - Sección 60,,false,false,,
casillas_60_C2_1084,casillas,60_C2_1084,Casilla C2 - Sección 60,,false,false,,
casillas_61_B_1085,casillas,61_B_1085,Casilla B - Sección 61,,false,false,,
casillas_61_C1_1086,casillas,61_C1_1086,Casilla C1 - Sección 61,,false,false,,
casillas_61_C2_1087,casillas,61_C2_1087,Casilla C2 - Sección 61,,false,false,,
casillas_62_B_1088,casillas,62_B_1088,Casilla B - Sección 62,,false,false,,
casillas_63_B_1089,casillas,63_B_1089,Casilla B - Sección 63,,false,false,,
casillas_63_C1_1090,casillas,63_C1_1090,Casilla C1 - Sección 63,,false,false,,
casillas_64_B_1091,casillas,64_B_1091,Casilla B - Sección 64,,false,false,,
casillas_64_C1_1092,casillas,64_C1_1092,Casilla C1 - Sección 64,,false,false,,
casillas_65_B_1093,casillas,65_B_1093,Casilla B - Sección 65,,false,false,,
casillas_66_B_1094,casillas,66_B_1094,Casilla B - Sección 66,,false,false,,
casillas_67_B_1095,casillas,67_B_1095,Casilla B - Sección 67,,false,false,,
casillas_68_B_1096,casillas,68_B_1096,Casilla B - Sección 68,,false,false,,
casillas_68_C1_1097,casillas,68_C1_1097,Casilla C1 - Sección 68,,false,false,,
casillas_69_B_1098,casillas,69_B_1098,Casilla B - Sección 69,,false,false,,
casillas_70_B_1099,casillas,70_B_1099,Casilla B - Sección 70,,false,false,,
casillas_70_C1_1100,casillas,70_C1_1100,Casilla C1 - Sección 70,,false,false,,
casillas_70_C2_1101,casillas,70_C2_1101,Casilla C2 - Sección 70,,false,false,,
casillas_71_B_1102,casillas,71_B_1102,Casilla B - Sección 71,,false,false,,
casillas_71_C1_1103,casillas,71_C1_1103,Casilla C1 - Sección 71,,false,false,,
casillas_72_B_1104,casillas,72_B_1104,Casilla B - Sección 72,,false,false,,
casillas_72_C1_1105,casillas,72_C1_1105,Casilla C1 - Sección 72,,false,false,,
casillas_72_C2_1106,casillas,72_C2_1106,Casilla C2 - Sección 72,,false,false,,
casillas_73_B_1107,casillas,73_B_1107,Casilla B - Sección 73,,false,false,,
casillas_74_B_1108,casillas,74_B_1108,Casilla B - Sección 74,,false,false,,
casillas_74_S1_1109,casillas,74_S1_1109,Casilla S1 - Sección 74,,false,false,,
casillas_75_B_1110,casillas,75_B_1110,Casilla B - Sección 75,,false,false,,
casillas_75_C1_1111,casillas,75_C1_1111,Casilla C1 - Sección 75,,false,false,,
casillas_76_B_1112,casillas,76_B_1112,Casilla B - Sección 76,,false,false,,
casillas_76_C1_1113,casillas,76_C1_1113,Casilla C1 - Sección 76,,false,false,,
casillas_78_B_1114,casillas,78_B_1114,Casilla B - Sección 78,,false,false,,
casillas_78_C1_1115,casillas,78_C1_1115,Casilla C1 - Sección 78,,false,false,,
casillas_79_B_1116,casillas,79_B_1116,Casilla B - Sección 79,,false,false,,
casillas_79_C1_1117,casillas,79_C1_1117,Casilla C1 - Sección 79,,false,false,,
casillas_80_B_1118,casillas,80_B_1118,Casilla B - Sección 80,,false,false,,
casillas_1375_B_1119,casillas,1375_B_1119,Casilla B - Sección 1375,,false,false,,
casillas_1375_C1_1120,casillas,1375_C1_1120,Casilla C1 - Sección 1375,,false,false,,
casillas_1376_B_1121,casillas,1376_B_1121,Casilla B - Sección 1376,,false,false,,
casillas_1376_S1_1122,casillas,1376_S1_1122,Casilla S1 - Sección 1376,,false,false,,
casillas_1377_B_1123,casillas,1377_B_1123,Casilla B - Sección 1377,,false,false,,
casillas_1377_C1_1124,casillas,1377_C1_1124,Casilla C1 - Sección 1377,,false,false,,
casillas_1379_B_1125,casillas,1379_B_1125,Casilla B - Sección 1379,,false,false,,
casillas_1379_C1_1126,casillas,1379_C1_1126,Casilla C1 - Sección 1379,,false,false,,
casillas_1379_C2_1127,casillas,1379_C2_1127,Casilla C2 - Sección 1379,,false,false,,
casillas_1380_B_1128,casillas,1380_B_1128,Casilla B - Sección 1380,,false,false,,
casillas_1381_B_1129,casillas,1381_B_1129,Casilla B - Sección 1381,,false,false,,
casillas_1381_C1_1130,casillas,1381_C1_1130,Casilla C1 - Sección 1381,,false,false,,
casillas_1382_B_1131,casillas,1382_B_1131,Casilla B - Sección 1382,,false,false,,
casillas_1383_B_1132,casillas,1383_B_1132,Casilla B - Sección 1383,,false,false,,
casillas_1384_B_1133,casillas,1384_B_1133,Casilla B - Sección 1384,,false,false,,
casillas_1385_B_1134,casillas,1385_B_1134,Casilla B - Sección 1385,,false,false,,
casillas_1386_B_1135,casillas,1386_B_1135,Casilla B - Sección 1386,,false,false,,
casillas_1424_B_1136,casillas,1424_B_1136,Casilla B - Sección 1424,,false,false,,
casillas_1424_C1_1137,casillas,1424_C1_1137,Casilla C1 - Sección 1424,,false,false,,
casillas_1424_C2_1138,casillas,1424_C2_1138,Casilla C2 - Sección 1424,,false,false,,
casillas_1424_C3_1139,casillas,1424_C3_1139,Casilla C3 - Sección 1424,,false,false,,
casillas_1424_C4_1140,casillas,1424_C4_1140,Casilla C4 - Sección 1424,,false,false,,
casillas_1424_C5_1141,casillas,1424_C5_1141,Casilla C5 - Sección 1424,,false,false,,
casillas_1424_C6_1142,casillas,1424_C6_1142,Casilla C6 - Sección 1424,,false,false,,
casillas_1424_C7_1143,casillas,1424_C7_1143,Casilla C7 - Sección 1424,,false,false,,
casillas_1424_C8_1144,casillas,1424_C8_1144,Casilla C8 - Sección 1424,,false,false,,
casillas_1424_S1_1145,casillas,1424_S1_1145,Casilla S1 - Sección 1424,,false,false,,
casillas_1425_B_1146,casillas,1425_B_1146,Casilla B - Sección 1425,,false,false,,
casillas_1425_C1_1147,casillas,1425_C1_1147,Casilla C1 - Sección 1425,,false,false,,
casillas_1425_C2_1148,casillas,1425_C2_1148,Casilla C2 - Sección 1425,,false,false,,
casillas_1425_C3_1149,casillas,1425_C3_1149,Casilla C3 - Sección 1425,,false,false,,
casillas_1425_C4_1150,casillas,1425_C4_1150,Casilla C4 - Sección 1425,,false,false,,
casillas_1425_C5_1151,casillas,1425_C5_1151,Casilla C5 - Sección 1425,,false,false,,
casillas_1426_B_1152,casillas,1426_B_1152,Casilla B - Sección 1426,,false,false,,
casillas_1426_C1_1153,casillas,1426_C1_1153,Casilla C1 - Sección 1426,,false,false,,
casillas_1426_C2_1154,casillas,1426_C2_1154,Casilla C2 - Sección 1426,,false,false,,
casillas_1427_B_1155,casillas,1427_B_1155,Casilla B - Sección 1427,,false,false,,
casillas_1428_B_1156,casillas,1428_B_1156,Casilla B - Sección 1428,,false,false,,
casillas_1428_C1_1157,casillas,1428_C1_1157,Casilla C1 - Sección 1428,,false,false,,
casillas_1429_B_1158,casillas,1429_B_1158,Casilla B - Sección 1429,,false,false,,
casillas_1429_C1_1159,casillas,1429_C1_1159,Casilla C1 - Sección 1429,,false,false,,
casillas_1430_B_1160,casillas,1430_B_1160,Casilla B - Sección 1430,,false,false,,
casillas_1430_C1_1161,casillas,1430_C1_1161,Casilla C1 - Sección 1430,,false,false,,
casillas_1430_C2_1162,casillas,1430_C2_1162,Casilla C2 - Sección 1430,,false,false,,
casillas_1430_C3_1163,casillas,1430_C3_1163,Casilla C3 - Sección 1430,,false,false,,
casillas_1430_C4_1164,casillas,1430_C4_1164,Casilla C4 - Sección 1430,,false,false,,
casillas_1430_C5_1165,casillas,1430_C5_1165,Casilla C5 - Sección 1430,,false,false,,
casillas_1430_C6_1166,casillas,1430_C6_1166,Casilla C6 - Sección 1430,,false,false,,
casillas_1431_B_1167,casillas,1431_B_1167,Casilla B - Sección 1431,,false,false,,
casillas_1431_C1_1168,casillas,1431_C1_1168,Casilla C1 - Sección 1431,,false,false,,
casillas_1432_B_1169,casillas,1432_B_1169,Casilla B - Sección 1432,,false,false,,
casillas_1432_C1_1170,casillas,1432_C1_1170,Casilla C1 - Sección 1432,,false,false,,
casillas_1433_B_1171,casillas,1433_B_1171,Casilla B - Sección 1433,,false,false,,
casillas_1433_C1_1172,casillas,1433_C1_1172,Casilla C1 - Sección 1433,,false,false,,
casillas_1434_B_1173,casillas,1434_B_1173,Casilla B - Sección 1434,,false,false,,
casillas_1434_C1_1174,casillas,1434_C1_1174,Casilla C1 - Sección 1434,,false,false,,
casillas_1469_C1_1175,casillas,1469_C1_1175,Casilla C1 - Sección 1469,,false,false,,
casillas_1469_C2_1176,casillas,1469_C2_1176,Casilla C2 - Sección 1469,,false,false,,
casillas_1469_B_1177,casillas,1469_B_1177,Casilla B - Sección 1469,,false,false,,
casillas_1470_B_1178,casillas,1470_B_1178,Casilla B - Sección 1470,,false,false,,
casillas_1470_C1_1179,casillas,1470_C1_1179,Casilla C1 - Sección 1470,,false,false,,
casillas_1471_B_1180,casillas,1471_B_1180,Casilla B - Sección 1471,,false,false,,
casillas_1471_C1_1181,casillas,1471_C1_1181,Casilla C1 - Sección 1471,,false,false,,
casillas_1471_C2_1182,casillas,1471_C2_1182,Casilla C2 - Sección 1471,,false,false,,
casillas_1472_B_1183,casillas,1472_B_1183,Casilla B - Sección 1472,,false,false,,
casillas_1472_C1_1184,casillas,1472_C1_1184,Casilla C1 - Sección 1472,,false,false,,
casillas_1562_B_1185,casillas,1562_B_1185,Casilla B - Sección 1562,,false,false,,
casillas_1562_C1_1186,casillas,1562_C1_1186,Casilla C1 - Sección 1562,,false,false,,
casillas_1562_C2_1187,casillas,1562_C2_1187,Casilla C2 - Sección 1562,,false,false,,
casillas_1562_C3_1188,casillas,1562_C3_1188,Casilla C3 - Sección 1562,,false,false,,
casillas_1562_C4_1189,casillas,1562_C4_1189,Casilla C4 - Sección 1562,,false,false,,
casillas_1562_C5_1190,casillas,1562_C5_1190,Casilla C5 - Sección 1562,,false,false,,
casillas_1562_C6_1191,casillas,1562_C6_1191,Casilla C6 - Sección 1562,,false,false,,
casillas_1563_B_1192,casillas,1563_B_1192,Casilla B - Sección 1563,,false,false,,
casillas_1563_C1_1193,casillas,1563_C1_1193,Casilla C1 - Sección 1563,,false,false,,
casillas_1563_C2_1194,casillas,1563_C2_1194,Casilla C2 - Sección 1563,,false,false,,
casillas_1563_C3_1195,casillas,1563_C3_1195,Casilla C3 - Sección 1563,,false,false,,
casillas_1563_C4_1196,casillas,1563_C4_1196,Casilla C4 - Sección 1563,,false,false,,
casillas_1563_C5_1197,casillas,1563_C5_1197,Casilla C5 - Sección 1563,,false,false,,
casillas_1563_C6_1198,casillas,1563_C6_1198,Casilla C6 - Sección 1563,,false,false,,
casillas_1564_B_1199,casillas,1564_B_1199,Casilla B - Sección 1564,,false,false,,
casillas_1564_C1_1200,casillas,1564_C1_1200,Casilla C1 - Sección 1564,,false,false,,
casillas_1564_C2_1201,casillas,1564_C2_1201,Casilla C2 - Sección 1564,,false,false,,
casillas_1884_B_1202,casillas,1884_B_1202,Casilla B - Sección 1884,,false,false,,
casillas_1890_B_1203,casillas,1890_B_1203,Casilla B - Sección 1890,,false,false,,
casillas_1914_B_1204,casillas,1914_B_1204,Casilla B - Sección 1914,,false,false,,
casillas_1914_C1_1205,casillas,1914_C1_1205,Casilla C1 - Sección 1914,,false,false,,
casillas_1914_C2_1206,casillas,1914_C2_1206,Casilla C2 - Sección 1914,,false,false,,
casillas_1914_C3_1207,casillas,1914_C3_1207,Casilla C3 - Sección 1914,,false,false,,
casillas_1914_C4_1208,casillas,1914_C4_1208,Casilla C4 - Sección 1914,,false,false,,
casillas_1914_C5_1209,casillas,1914_C5_1209,Casilla C5 - Sección 1914,,false,false,,
casillas_1914_C6_1210,casillas,1914_C6_1210,Casilla C6 - Sección 1914,,false,false,,
casillas_1914_C7_1211,casillas,1914_C7_1211,Casilla C7 - Sección 1914,,false,false,,
casillas_1914_C8_1212,casillas,1914_C8_1212,Casilla C8 - Sección 1914,,false,false,,
casillas_1915_B_1213,casillas,1915_B_1213,Casilla B - Sección 1915,,false,false,,
casillas_2190_B_1214,casillas,2190_B_1214,Casilla B - Sección 2190,,false,false,,
casillas_2191_B_1215,casillas,2191_B_1215,Casilla B - Sección 2191,,false,false,,
casillas_2191_C1_1216,casillas,2191_C1_1216,Casilla C1 - Sección 2191,,false,false,,
casillas_2191_C2_1217,casillas,2191_C2_1217,Casilla C2 - Sección 2191,,false,false,,
casillas_2192_B_1218,casillas,2192_B_1218,Casilla B - Sección 2192,,false,false,,
casillas_2192_C1_1219,casillas,2192_C1_1219,Casilla C1 - Sección 2192,,false,false,,
casillas_2192_C2_1220,casillas,2192_C2_1220,Casilla C2 - Sección 2192,,false,false,,
casillas_2192_C3_1221,casillas,2192_C3_1221,Casilla C3 - Sección 2192,,false,false,,
casillas_2195_B_1222,casillas,2195_B_1222,Casilla B - Sección 2195,,false,false,,
casillas_2195_C1_1223,casillas,2195_C1_1223,Casilla C1 - Sección 2195,,false,false,,
casillas_2195_C2_1224,casillas,2195_C2_1224,Casilla C2 - Sección 2195,,false,false,,
casillas_2195_C3_1225,casillas,2195_C3_1225,Casilla C3 - Sección 2195,,false,false,,
casillas_2195_C4_1226,casillas,2195_C4_1226,Casilla C4 - Sección 2195,,false,false,,
casillas_2195_C5_1227,casillas,2195_C5_1227,Casilla C5 - Sección 2195,,false,false,,
casillas_2195_C6_1228,casillas,2195_C6_1228,Casilla C6 - Sección 2195,,false,false,,
casillas_2195_C7_1229,casillas,2195_C7_1229,Casilla C7 - Sección 2195,,false,false,,
casillas_2196_B_1230,casillas,2196_B_1230,Casilla B - Sección 2196,,false,false,,
casillas_2196_C1_1231,casillas,2196_C1_1231,Casilla C1 - Sección 2196,,false,false,,
casillas_2196_C2_1232,casillas,2196_C2_1232,Casilla C2 - Sección 2196,,false,false,,
casillas_2197_B_1233,casillas,2197_B_1233,Casilla B - Sección 2197,,false,false,,
casillas_2197_C1_1234,casillas,2197_C1_1234,Casilla C1 - Sección 2197,,false,false,,
casillas_2197_C2_1235,casillas,2197_C2_1235,Casilla C2 - Sección 2197,,false,false,,
casillas_2197_C3_1236,casillas,2197_C3_1236,Casilla C3 - Sección 2197,,false,false,,
casillas_2830_B_1237,casillas,2830_B_1237,Casilla B - Sección 2830,,false,false,,
casillas_2830_C1_1238,casillas,2830_C1_1238,Casilla C1 - Sección 2830,,false,false,,
casillas_2830_C2_1239,casillas,2830_C2_1239,Casilla C2 - Sección 2830,,false,false,,
casillas_2830_C3_1240,casillas,2830_C3_1240,Casilla C3 - Sección 2830,,false,false,,
casillas_2831_B_1241,casillas,2831_B_1241,Casilla B - Sección 2831,,false,false,,
casillas_2831_C1_1242,casillas,2831_C1_1242,Casilla C1 - Sección 2831,,false,false,,
casillas_2832_C3_1243,casillas,2832_C3_1243,Casilla C3 - Sección 2832,,false,false,,
casillas_2832_C2_1244,casillas,2832_C2_1244,Casilla C2 - Sección 2832,,false,false,,
casillas_2832_C1_1245,casillas,2832_C1_1245,Casilla C1 - Sección 2832,,false,false,,
casillas_2832_B_1246,casillas,2832_B_1246,Casilla B - Sección 2832,,false,false,,
casillas_2833_B_1247,casillas,2833_B_1247,Casilla B - Sección 2833,,false,false,,
casillas_2833_C1_1248,casillas,2833_C1_1248,Casilla C1 - Sección 2833,,false,false,,
casillas_2833_C2_1249,casillas,2833_C2_1249,Casilla C2 - Sección 2833,,false,false,,
casillas_2834_B_1250,casillas,2834_B_1250,Casilla B - Sección 2834,,false,false,,
casillas_2835_B_1251,casillas,2835_B_1251,Casilla B - Sección 2835,,false,false,,
casillas_2835_C1_1252,casillas,2835_C1_1252,Casilla C1 - Sección 2835,,false,false,,
casillas_2836_B_1253,casillas,2836_B_1253,Casilla B - Sección 2836,,false,false,,
casillas_2836_C1_1254,casillas,2836_C1_1254,Casilla C1 - Sección 2836,,false,false,,
casillas_2837_B_1255,casillas,2837_B_1255,Casilla B - Sección 2837,,false,false,,
casillas_3118_B_1256,casillas,3118_B_1256,Casilla B - Sección 3118,,false,false,,
casillas_3118_C1_1257,casillas,3118_C1_1257,Casilla C1 - Sección 3118,,false,false,,
casillas_1435_B_1258,casillas,1435_B_1258,Casilla B - Sección 1435,,false,false,,
casillas_1435_C1_1259,casillas,1435_C1_1259,Casilla C1 - Sección 1435,,false,false,,
casillas_1436_B_1260,casillas,1436_B_1260,Casilla B - Sección 1436,,false,false,,
casillas_1437_B_1261,casillas,1437_B_1261,Casilla B - Sección 1437,,false,false,,
casillas_1437_C1_1262,casillas,1437_C1_1262,Casilla C1 - Sección 1437,,false,false,,
casillas_1438_B_1263,casillas,1438_B_1263,Casilla B - Sección 1438,,false,false,,
casillas_1439_B_1264,casillas,1439_B_1264,Casilla B - Sección 1439,,false,false,,
casillas_1440_B_1265,casillas,1440_B_1265,Casilla B - Sección 1440,,false,false,,
casillas_1441_B_1266,casillas,1441_B_1266,Casilla B - Sección 1441,,false,false,,
casillas_1442_B_1267,casillas,1442_B_1267,Casilla B - Sección 1442,,false,false,,
casillas_1443_B_1268,casillas,1443_B_1268,Casilla B - Sección 1443,,false,false,,
casillas_1444_B_1269,casillas,1444_B_1269,Casilla B - Sección 1444,,false,false,,
casillas_1452_B_1270,casillas,1452_B_1270,Casilla B - Sección 1452,,false,false,,
casillas_1453_B_1271,casillas,1453_B_1271,Casilla B - Sección 1453,,false,false,,
casillas_1454_B_1272,casillas,1454_B_1272,Casilla B - Sección 1454,,false,false,,
casillas_1455_B_1273,casillas,1455_B_1273,Casilla B - Sección 1455,,false,false,,
casillas_1456_B_1274,casillas,1456_B_1274,Casilla B - Sección 1456,,false,false,,
casillas_1457_B_1275,casillas,1457_B_1275,Casilla B - Sección 1457,,false,false,,
casillas_1458_B_1276,casillas,1458_B_1276,Casilla B - Sección 1458,,false,false,,
casillas_1459_B_1277,casillas,1459_B_1277,Casilla B - Sección 1459,,false,false,,
casillas_1460_B_1278,casillas,1460_B_1278,Casilla B - Sección 1460,,false,false,,
casillas_1461_B_1279,casillas,1461_B_1279,Casilla B - Sección 1461,,false,false,,
casillas_1461_C1_1280,casillas,1461_C1_1280,Casilla C1 - Sección 1461,,false,false,,
casillas_1462_B_1281,casillas,1462_B_1281,Casilla B - Sección 1462,,false,false,,
casillas_1463_B_1282,casillas,1463_B_1282,Casilla B - Sección 1463,,false,false,,
casillas_1464_B_1283,casillas,1464_B_1283,Casilla B - Sección 1464,,false,false,,
casillas_1465_B_1284,casillas,1465_B_1284,Casilla B - Sección 1465,,false,false,,
casillas_1466_B_1285,casillas,1466_B_1285,Casilla B - Sección 1466,,false,false,,
casillas_1467_B_1286,casillas,1467_B_1286,Casilla B - Sección 1467,,false,false,,
casillas_1468_B_1287,casillas,1468_B_1287,Casilla B - Sección 1468,,false,false,,
casillas_1473_B_1288,casillas,1473_B_1288,Casilla B - Sección 1473,,false,false,,
casillas_1474_B_1289,casillas,1474_B_1289,Casilla B - Sección 1474,,false,false,,
casillas_1475_B_1290,casillas,1475_B_1290,Casilla B - Sección 1475,,false,false,,
casillas_1476_B_1291,casillas,1476_B_1291,Casilla B - Sección 1476,,false,false,,
casillas_1476_C1_1292,casillas,1476_C1_1292,Casilla C1 - Sección 1476,,false,false,,
casillas_1477_B_1293,casillas,1477_B_1293,Casilla B - Sección 1477,,false,false,,
casillas_1478_B_1294,casillas,1478_B_1294,Casilla B - Sección 1478,,false,false,,
casillas_1478_C1_1295,casillas,1478_C1_1295,Casilla C1 - Sección 1478,,false,false,,
casillas_1479_B_1296,casillas,1479_B_1296,Casilla B - Sección 1479,,false,false,,
casillas_1479_C1_1297,casillas,1479_C1_1297,Casilla C1 - Sección 1479,,false,false,,
casillas_1480_B_1298,casillas,1480_B_1298,Casilla B - Sección 1480,,false,false,,
casillas_1481_B_1299,casillas,1481_B_1299,Casilla B - Sección 1481,,false,false,,
casillas_1482_B_1300,casillas,1482_B_1300,Casilla B - Sección 1482,,false,false,,
casillas_1483_B_1301,casillas,1483_B_1301,Casilla B - Sección 1483,,false,false,,
casillas_1483_C1_1302,casillas,1483_C1_1302,Casilla C1 - Sección 1483,,false,false,,
casillas_1484_B_1303,casillas,1484_B_1303,Casilla B - Sección 1484,,false,false,,
casillas_1484_C1_1304,casillas,1484_C1_1304,Casilla C1 - Sección 1484,,false,false,,
casillas_1485_B_1305,casillas,1485_B_1305,Casilla B - Sección 1485,,false,false,,
casillas_1486_B_1306,casillas,1486_B_1306,Casilla B - Sección 1486,,false,false,,
casillas_1487_B_1307,casillas,1487_B_1307,Casilla B - Sección 1487,,false,false,,
casillas_1488_B_1308,casillas,1488_B_1308,Casilla B - Sección 1488,,false,false,,
casillas_1489_B_1309,casillas,1489_B_1309,Casilla B - Sección 1489,,false,false,,
casillas_1490_B_1310,casillas,1490_B_1310,Casilla B - Sección 1490,,false,false,,
casillas_1491_B_1311,casillas,1491_B_1311,Casilla B - Sección 1491,,false,false,,
casillas_1492_B_1312,casillas,1492_B_1312,Casilla B - Sección 1492,,false,false,,
casillas_1493_B_1313,casillas,1493_B_1313,Casilla B - Sección 1493,,false,false,,
casillas_1498_B_1314,casillas,1498_B_1314,Casilla B - Sección 1498,,false,false,,
casillas_1499_B_1315,casillas,1499_B_1315,Casilla B - Sección 1499,,false,false,,
casillas_1500_B_1316,casillas,1500_B_1316,Casilla B - Sección 1500,,false,false,,
casillas_1501_B_1317,casillas,1501_B_1317,Casilla B - Sección 1501,,false,false,,
casillas_1502_B_1318,casillas,1502_B_1318,Casilla B - Sección 1502,,false,false,,
casillas_1503_B_1319,casillas,1503_B_1319,Casilla B - Sección 1503,,false,false,,
casillas_1504_B_1320,casillas,1504_B_1320,Casilla B - Sección 1504,,false,false,,
casillas_1504_C1_1321,casillas,1504_C1_1321,Casilla C1 - Sección 1504,,false,false,,
casillas_1505_B_1322,casillas,1505_B_1322,Casilla B - Sección 1505,,false,false,,
casillas_1505_C1_1323,casillas,1505_C1_1323,Casilla C1 - Sección 1505,,false,false,,
casillas_1506_B_1324,casillas,1506_B_1324,Casilla B - Sección 1506,,false,false,,
casillas_1506_C1_1325,casillas,1506_C1_1325,Casilla C1 - Sección 1506,,false,false,,
casillas_1507_B_1326,casillas,1507_B_1326,Casilla B - Sección 1507,,false,false,,
casillas_1507_C1_1327,casillas,1507_C1_1327,Casilla C1 - Sección 1507,,false,false,,
casillas_1508_B_1328,casillas,1508_B_1328,Casilla B - Sección 1508,,false,false,,
casillas_1508_C1_1329,casillas,1508_C1_1329,Casilla C1 - Sección 1508,,false,false,,
casillas_1509_B_1330,casillas,1509_B_1330,Casilla B - Sección 1509,,false,false,,
casillas_1509_C1_1331,casillas,1509_C1_1331,Casilla C1 - Sección 1509,,false,false,,
casillas_1510_B_1332,casillas,1510_B_1332,Casilla B - Sección 1510,,false,false,,
casillas_1510_C1_1333,casillas,1510_C1_1333,Casilla C1 - Sección 1510,,false,false,,
casillas_1510_C2_1334,casillas,1510_C2_1334,Casilla C2 - Sección 1510,,false,false,,
casillas_1510_C3_1335,casillas,1510_C3_1335,Casilla C3 - Sección 1510,,false,false,,
casillas_1511_E1_1336,casillas,1511_E1_1336,Casilla E1 - Sección 1511,,false,false,,
casillas_1511_E1C1_1337,casillas,1511_E1C1_1337,Casilla E1C1 - Sección 1511,,false,false,,
casillas_1511_B_1338,casillas,1511_B_1338,Casilla B - Sección 1511,,false,false,,
casillas_1511_C1_1339,casillas,1511_C1_1339,Casilla C1 - Sección 1511,,false,false,,
casillas_1512_B_1340,casillas,1512_B_1340,Casilla B - Sección 1512,,false,false,,
casillas_1513_B_1341,casillas,1513_B_1341,Casilla B - Sección 1513,,false,false,,
casillas_1514_B_1342,casillas,1514_B_1342,Casilla B - Sección 1514,,false,false,,
casillas_1515_B_1343,casillas,1515_B_1343,Casilla B - Sección 1515,,false,false,,
casillas_1516_B_1344,casillas,1516_B_1344,Casilla B - Sección 1516,,false,false,,
casillas_1517_B_1345,casillas,1517_B_1345,Casilla B - Sección 1517,,false,false,,
casillas_1518_B_1346,casillas,1518_B_1346,Casilla B - Sección 1518,,false,false,,
casillas_1519_B_1347,casillas,1519_B_1347,Casilla B - Sección 1519,,false,false,,
casillas_1520_B_1348,casillas,1520_B_1348,Casilla B - Sección 1520,,false,false,,
casillas_1521_B_1349,casillas,1521_B_1349,Casilla B - Sección 1521,,false,false,,
casillas_1522_B_1350,casillas,1522_B_1350,Casilla B - Sección 1522,,false,false,,
casillas_1523_B_1351,casillas,1523_B_1351,Casilla B - Sección 1523,,false,false,,
casillas_1524_B_1352,casillas,1524_B_1352,Casilla B - Sección 1524,,false,false,,
casillas_1525_B_1353,casillas,1525_B_1353,Casilla B - Sección 1525,,false,false,,
casillas_1526_B_1354,casillas,1526_B_1354,Casilla B - Sección 1526,,false,false,,
casillas_1529_B_1355,casillas,1529_B_1355,Casilla B - Sección 1529,,false,false,,
casillas_1530_B_1356,casillas,1530_B_1356,Casilla B - Sección 1530,,false,false,,
casillas_1531_B_1357,casillas,1531_B_1357,Casilla B - Sección 1531,,false,false,,
casillas_1532_B_1358,casillas,1532_B_1358,Casilla B - Sección 1532,,false,false,,
casillas_1533_B_1359,casillas,1533_B_1359,Casilla B - Sección 1533,,false,false,,
casillas_1534_B_1360,casillas,1534_B_1360,Casilla B - Sección 1534,,false,false,,
casillas_1535_B_1361,casillas,1535_B_1361,Casilla B - Sección 1535,,false,false,,
casillas_1536_B_1362,casillas,1536_B_1362,Casilla B - Sección 1536,,false,false,,
casillas_1537_B_1363,casillas,1537_B_1363,Casilla B - Sección 1537,,false,false,,
casillas_1538_B_1364,casillas,1538_B_1364,Casilla B - Sección 1538,,false,false,,
casillas_1538_C1_1365,casillas,1538_C1_1365,Casilla C1 - Sección 1538,,false,false,,
casillas_1539_B_1366,casillas,1539_B_1366,Casilla B - Sección 1539,,false,false,,
casillas_1540_B_1367,casillas,1540_B_1367,Casilla B - Sección 1540,,false,false,,
casillas_1541_B_1368,casillas,1541_B_1368,Casilla B - Sección 1541,,false,false,,
casillas_1542_B_1369,casillas,1542_B_1369,Casilla B - Sección 1542,,false,false,,
casillas_1542_C1_1370,casillas,1542_C1_1370,Casilla C1 - Sección 1542,,false,false,,
casillas_1543_B_1371,casillas,1543_B_1371,Casilla B - Sección 1543,,false,false,,
casillas_1544_B_1372,casillas,1544_B_1372,Casilla B - Sección 1544,,false,false,,
casillas_1545_B_1373,casillas,1545_B_1373,Casilla B - Sección 1545,,false,false,,
casillas_1546_B_1374,casillas,1546_B_1374,Casilla B - Sección 1546,,false,false,,
casillas_1546_C1_1375,casillas,1546_C1_1375,Casilla C1 - Sección 1546,,false,false,,
casillas_1546_E1_1376,casillas,1546_E1_1376,Casilla E1 - Sección 1546,,false,false,,
casillas_1546_E1C1_1377,casillas,1546_E1C1_1377,Casilla E1C1 - Sección 1546,,false,false,,
casillas_1547_B_1378,casillas,1547_B_1378,Casilla B - Sección 1547,,false,false,,
casillas_1547_C1_1379,casillas,1547_C1_1379,Casilla C1 - Sección 1547,,false,false,,
casillas_1547_E1_1380,casillas,1547_E1_1380,Casilla E1 - Sección 1547,,false,false,,
casillas_1547_E1C1_1381,casillas,1547_E1C1_1381,Casilla E1C1 - Sección 1547,,false,false,,
casillas_1547_E1C2_1382,casillas,1547_E1C2_1382,Casilla E1C2 - Sección 1547,,false,false,,
casillas_1548_B_1383,casillas,1548_B_1383,Casilla B - Sección 1548,,false,false,,
casillas_1548_C1_1384,casillas,1548_C1_1384,Casilla C1 - Sección 1548,,false,false,,
casillas_1549_B_1385,casillas,1549_B_1385,Casilla B - Sección 1549,,false,false,,
casillas_1549_C1_1386,casillas,1549_C1_1386,Casilla C1 - Sección 1549,,false,false,,
casillas_1550_B_1387,casillas,1550_B_1387,Casilla B - Sección 1550,,false,false,,
casillas_1551_B_1388,casillas,1551_B_1388,Casilla B - Sección 1551,,false,false,,
casillas_1552_B_1389,casillas,1552_B_1389,Casilla B - Sección 1552,,false,false,,
casillas_1553_B_1390,casillas,1553_B_1390,Casilla B - Sección 1553,,false,false,,
casillas_1554_B_1391,casillas,1554_B_1391,Casilla B - Sección 1554,,false,false,,
casillas_1555_B_1392,casillas,1555_B_1392,Casilla B - Sección 1555,,false,false,,
casillas_1556_B_1393,casillas,1556_B_1393,Casilla B - Sección 1556,,false,false,,
casillas_1556_C1_1394,casillas,1556_C1_1394,Casilla C1 - Sección 1556,,false,false,,
casillas_1557_B_1395,casillas,1557_B_1395,Casilla B - Sección 1557,,false,false,,
casillas_1557_C1_1396,casillas,1557_C1_1396,Casilla C1 - Sección 1557,,false,false,,
casillas_1558_B_1397,casillas,1558_B_1397,Casilla B - Sección 1558,,false,false,,
casillas_1558_C1_1398,casillas,1558_C1_1398,Casilla C1 - Sección 1558,,false,false,,
casillas_1559_B_1399,casillas,1559_B_1399,Casilla B - Sección 1559,,false,false,,
casillas_1559_C1_1400,casillas,1559_C1_1400,Casilla C1 - Sección 1559,,false,false,,
casillas_1559_C2_1401,casillas,1559_C2_1401,Casilla C2 - Sección 1559,,false,false,,
casillas_1559_C3_1402,casillas,1559_C3_1402,Casilla C3 - Sección 1559,,false,false,,
casillas_1559_C4_1403,casillas,1559_C4_1403,Casilla C4 - Sección 1559,,false,false,,
casillas_1559_C5_1404,casillas,1559_C5_1404,Casilla C5 - Sección 1559,,false,false,,
casillas_1560_B_1405,casillas,1560_B_1405,Casilla B - Sección 1560,,false,false,,
casillas_1560_C1_1406,casillas,1560_C1_1406,Casilla C1 - Sección 1560,,false,false,,
casillas_1560_C2_1407,casillas,1560_C2_1407,Casilla C2 - Sección 1560,,false,false,,
casillas_1560_C3_1408,casillas,1560_C3_1408,Casilla C3 - Sección 1560,,false,false,,
casillas_1560_C4_1409,casillas,1560_C4_1409,Casilla C4 - Sección 1560,,false,false,,
casillas_1560_C5_1410,casillas,1560_C5_1410,Casilla C5 - Sección 1560,,false,false,,
casillas_1560_S1_1411,casillas,1560_S1_1411,Casilla S1 - Sección 1560,,false,false,,
casillas_1561_B_1412,casillas,1561_B_1412,Casilla B - Sección 1561,,false,false,,
casillas_1565_B_1413,casillas,1565_B_1413,Casilla B - Sección 1565,,false,false,,
casillas_1951_B_1414,casillas,1951_B_1414,Casilla B - Sección 1951,,false,false,,
casillas_1951_C1_1415,casillas,1951_C1_1415,Casilla C1 - Sección 1951,,false,false,,
casillas_1952_B_1416,casillas,1952_B_1416,Casilla B - Sección 1952,,false,false,,
casillas_1953_B_1417,casillas,1953_B_1417,Casilla B - Sección 1953,,false,false,,
casillas_1954_B_1418,casillas,1954_B_1418,Casilla B - Sección 1954,,false,false,,
casillas_1955_B_1419,casillas,1955_B_1419,Casilla B - Sección 1955,,false,false,,
casillas_1956_B_1420,casillas,1956_B_1420,Casilla B - Sección 1956,,false,false,,
casillas_1957_B_1421,casillas,1957_B_1421,Casilla B - Sección 1957,,false,false,,
casillas_1958_B_1422,casillas,1958_B_1422,Casilla B - Sección 1958,,false,false,,
casillas_1959_B_1423,casillas,1959_B_1423,Casilla B - Sección 1959,,false,false,,
casillas_1960_B_1424,casillas,1960_B_1424,Casilla B - Sección 1960,,false,false,,
casillas_1961_B_1425,casillas,1961_B_1425,Casilla B - Sección 1961,,false,false,,
casillas_1962_B_1426,casillas,1962_B_1426,Casilla B - Sección 1962,,false,false,,
casillas_1963_B_1427,casillas,1963_B_1427,Casilla B - Sección 1963,,false,false,,
casillas_1964_B_1428,casillas,1964_B_1428,Casilla B - Sección 1964,,false,false,,
casillas_1968_B_1429,casillas,1968_B_1429,Casilla B - Sección 1968,,false,false,,
casillas_1969_B_1430,casillas,1969_B_1430,Casilla B - Sección 1969,,false,false,,
casillas_1970_B_1431,casillas,1970_B_1431,Casilla B - Sección 1970,,false,false,,
casillas_1971_B_1432,casillas,1971_B_1432,Casilla B - Sección 1971,,false,false,,
casillas_1972_B_1433,casillas,1972_B_1433,Casilla B - Sección 1972,,false,false,,
casillas_1973_B_1434,casillas,1973_B_1434,Casilla B - Sección 1973,,false,false,,
casillas_1974_B_1435,casillas,1974_B_1435,Casilla B - Sección 1974,,false,false,,
casillas_1974_C1_1436,casillas,1974_C1_1436,Casilla C1 - Sección 1974,,false,false,,
casillas_1975_B_1437,casillas,1975_B_1437,Casilla B - Sección 1975,,false,false,,
casillas_1976_B_1438,casillas,1976_B_1438,Casilla B - Sección 1976,,false,false,,
casillas_1977_B_1439,casillas,1977_B_1439,Casilla B - Sección 1977,,false,false,,
casillas_1978_B_1440,casillas,1978_B_1440,Casilla B - Sección 1978,,false,false,,
casillas_1978_C1_1441,casillas,1978_C1_1441,Casilla C1 - Sección 1978,,false,false,,
casillas_1979_B_1442,casillas,1979_B_1442,Casilla B - Sección 1979,,false,false,,
casillas_1980_B_1443,casillas,1980_B_1443,Casilla B - Sección 1980,,false,false,,
casillas_1981_B_1444,casillas,1981_B_1444,Casilla B - Sección 1981,,false,false,,
casillas_1982_B_1445,casillas,1982_B_1445,Casilla B - Sección 1982,,false,false,,
casillas_1983_B_1446,casillas,1983_B_1446,Casilla B - Sección 1983,,false,false,,
casillas_1984_B_1447,casillas,1984_B_1447,Casilla B - Sección 1984,,false,false,,
casillas_1985_B_1448,casillas,1985_B_1448,Casilla B - Sección 1985,,false,false,,
casillas_1986_B_1449,casillas,1986_B_1449,Casilla B - Sección 1986,,false,false,,
casillas_1986_C1_1450,casillas,1986_C1_1450,Casilla C1 - Sección 1986,,false,false,,
casillas_1987_B_1451,casillas,1987_B_1451,Casilla B - Sección 1987,,false,false,,
casillas_1993_B_1452,casillas,1993_B_1452,Casilla B - Sección 1993,,false,false,,
casillas_1993_C1_1453,casillas,1993_C1_1453,Casilla C1 - Sección 1993,,false,false,,
casillas_1994_B_1454,casillas,1994_B_1454,Casilla B - Sección 1994,,false,false,,
casillas_1994_C1_1455,casillas,1994_C1_1455,Casilla C1 - Sección 1994,,false,false,,
casillas_1995_B_1456,casillas,1995_B_1456,Casilla B - Sección 1995,,false,false,,
casillas_1996_B_1457,casillas,1996_B_1457,Casilla B - Sección 1996,,false,false,,
casillas_1997_B_1458,casillas,1997_B_1458,Casilla B - Sección 1997,,false,false,,
casillas_1998_B_1459,casillas,1998_B_1459,Casilla B - Sección 1998,,false,false,,
casillas_1999_B_1460,casillas,1999_B_1460,Casilla B - Sección 1999,,false,false,,
casillas_2000_B_1461,casillas,2000_B_1461,Casilla B - Sección 2000,,false,false,,
casillas_2000_C1_1462,casillas,2000_C1_1462,Casilla C1 - Sección 2000,,false,false,,
casillas_2001_B_1463,casillas,2001_B_1463,Casilla B - Sección 2001,,false,false,,
casillas_2002_B_1464,casillas,2002_B_1464,Casilla B - Sección 2002,,false,false,,
casillas_2003_B_1465,casillas,2003_B_1465,Casilla B - Sección 2003,,false,false,,
casillas_2003_C1_1466,casillas,2003_C1_1466,Casilla C1 - Sección 2003,,false,false,,
casillas_2004_B_1467,casillas,2004_B_1467,Casilla B - Sección 2004,,false,false,,
casillas_2005_B_1468,casillas,2005_B_1468,Casilla B - Sección 2005,,false,false,,
casillas_2006_B_1469,casillas,2006_B_1469,Casilla B - Sección 2006,,false,false,,
casillas_2007_B_1470,casillas,2007_B_1470,Casilla B - Sección 2007,,false,false,,
casillas_2007_C1_1471,casillas,2007_C1_1471,Casilla C1 - Sección 2007,,false,false,,
casillas_2008_B_1472,casillas,2008_B_1472,Casilla B - Sección 2008,,false,false,,
casillas_2008_C1_1473,casillas,2008_C1_1473,Casilla C1 - Sección 2008,,false,false,,
casillas_2008_C2_1474,casillas,2008_C2_1474,Casilla C2 - Sección 2008,,false,false,,
casillas_2009_B_1475,casillas,2009_B_1475,Casilla B - Sección 2009,,false,false,,
casillas_2009_C1_1476,casillas,2009_C1_1476,Casilla C1 - Sección 2009,,false,false,,
casillas_2010_B_1477,casillas,2010_B_1477,Casilla B - Sección 2010,,false,false,,
casillas_2010_C1_1478,casillas,2010_C1_1478,Casilla C1 - Sección 2010,,false,false,,
casillas_2011_B_1479,casillas,2011_B_1479,Casilla B - Sección 2011,,false,false,,
casillas_2012_B_1480,casillas,2012_B_1480,Casilla B - Sección 2012,,false,false,,
casillas_2012_C1_1481,casillas,2012_C1_1481,Casilla C1 - Sección 2012,,false,false,,
casillas_2013_B_1482,casillas,2013_B_1482,Casilla B - Sección 2013,,false,false,,
casillas_2013_C1_1483,casillas,2013_C1_1483,Casilla C1 - Sección 2013,,false,false,,
casillas_2014_B_1484,casillas,2014_B_1484,Casilla B - Sección 2014,,false,false,,
casillas_2014_C1_1485,casillas,2014_C1_1485,Casilla C1 - Sección 2014,,false,false,,
casillas_2015_B_1486,casillas,2015_B_1486,Casilla B - Sección 2015,,false,false,,
casillas_2016_B_1487,casillas,2016_B_1487,Casilla B - Sección 2016,,false,false,,
casillas_2017_B_1488,casillas,2017_B_1488,Casilla B - Sección 2017,,false,false,,
casillas_2017_C1_1489,casillas,2017_C1_1489,Casilla C1 - Sección 2017,,false,false,,
casillas_2018_B_1490,casillas,2018_B_1490,Casilla B - Sección 2018,,false,false,,
casillas_2019_B_1491,casillas,2019_B_1491,Casilla B - Sección 2019,,false,false,,
casillas_2020_B_1492,casillas,2020_B_1492,Casilla B - Sección 2020,,false,false,,
casillas_2021_B_1493,casillas,2021_B_1493,Casilla B - Sección 2021,,false,false,,
casillas_2022_B_1494,casillas,2022_B_1494,Casilla B - Sección 2022,,false,false,,
casillas_2023_B_1495,casillas,2023_B_1495,Casilla B - Sección 2023,,false,false,,
casillas_2037_B_1496,casillas,2037_B_1496,Casilla B - Sección 2037,,false,false,,
casillas_2038_B_1497,casillas,2038_B_1497,Casilla B - Sección 2038,,false,false,,
casillas_2038_C1_1498,casillas,2038_C1_1498,Casilla C1 - Sección 2038,,false,false,,
casillas_2039_B_1499,casillas,2039_B_1499,Casilla B - Sección 2039,,false,false,,
casillas_2040_B_1500,casillas,2040_B_1500,Casilla B - Sección 2040,,false,false,,
casillas_2041_B_1501,casillas,2041_B_1501,Casilla B - Sección 2041,,false,false,,
casillas_2041_C1_1502,casillas,2041_C1_1502,Casilla C1 - Sección 2041,,false,false,,
casillas_2042_B_1503,casillas,2042_B_1503,Casilla B - Sección 2042,,false,false,,
casillas_2042_C1_1504,casillas,2042_C1_1504,Casilla C1 - Sección 2042,,false,false,,
casillas_2043_B_1505,casillas,2043_B_1505,Casilla B - Sección 2043,,false,false,,
casillas_2044_B_1506,casillas,2044_B_1506,Casilla B - Sección 2044,,false,false,,
casillas_2045_B_1507,casillas,2045_B_1507,Casilla B - Sección 2045,,false,false,,
casillas_2046_B_1508,casillas,2046_B_1508,Casilla B - Sección 2046,,false,false,,
casillas_2047_B_1509,casillas,2047_B_1509,Casilla B - Sección 2047,,false,false,,
casillas_2048_B_1510,casillas,2048_B_1510,Casilla B - Sección 2048,,false,false,,
casillas_2048_C1_1511,casillas,2048_C1_1511,Casilla C1 - Sección 2048,,false,false,,
casillas_2049_B_1512,casillas,2049_B_1512,Casilla B - Sección 2049,,false,false,,
casillas_2049_C1_1513,casillas,2049_C1_1513,Casilla C1 - Sección 2049,,false,false,,
casillas_2050_B_1514,casillas,2050_B_1514,Casilla B - Sección 2050,,false,false,,
casillas_2051_B_1515,casillas,2051_B_1515,Casilla B - Sección 2051,,false,false,,
casillas_2052_B_1516,casillas,2052_B_1516,Casilla B - Sección 2052,,false,false,,
casillas_2052_C1_1517,casillas,2052_C1_1517,Casilla C1 - Sección 2052,,false,false,,
casillas_2053_C2_1518,casillas,2053_C2_1518,Casilla C2 - Sección 2053,,false,false,,
casillas_2053_B_1519,casillas,2053_B_1519,Casilla B - Sección 2053,,false,false,,
casillas_2053_C1_1520,casillas,2053_C1_1520,Casilla C1 - Sección 2053,,false,false,,
casillas_2054_B_1521,casillas,2054_B_1521,Casilla B - Sección 2054,,false,false,,
casillas_2054_C1_1522,casillas,2054_C1_1522,Casilla C1 - Sección 2054,,false,false,,
casillas_2054_C2_1523,casillas,2054_C2_1523,Casilla C2 - Sección 2054,,false,false,,
casillas_2054_C3_1524,casillas,2054_C3_1524,Casilla C3 - Sección 2054,,false,false,,
casillas_2055_B_1525,casillas,2055_B_1525,Casilla B - Sección 2055,,false,false,,
casillas_2055_C1_1526,casillas,2055_C1_1526,Casilla C1 - Sección 2055,,false,false,,
casillas_2055_C2_1527,casillas,2055_C2_1527,Casilla C2 - Sección 2055,,false,false,,
casillas_2055_C3_1528,casillas,2055_C3_1528,Casilla C3 - Sección 2055,,false,false,,
casillas_2055_C4_1529,casillas,2055_C4_1529,Casilla C4 - Sección 2055,,false,false,,
casillas_2056_B_1530,casillas,2056_B_1530,Casilla B - Sección 2056,,false,false,,
casillas_2056_C1_1531,casillas,2056_C1_1531,Casilla C1 - Sección 2056,,false,false,,
casillas_2056_C2_1532,casillas,2056_C2_1532,Casilla C2 - Sección 2056,,false,false,,
casillas_2056_C3_1533,casillas,2056_C3_1533,Casilla C3 - Sección 2056,,false,false,,
casillas_2057_B_1534,casillas,2057_B_1534,Casilla B - Sección 2057,,false,false,,
casillas_2057_C1_1535,casillas,2057_C1_1535,Casilla C1 - Sección 2057,,false,false,,
casillas_2057_C2_1536,casillas,2057_C2_1536,Casilla C2 - Sección 2057,,false,false,,
casillas_2057_C3_1537,casillas,2057_C3_1537,Casilla C3 - Sección 2057,,false,false,,
casillas_2058_B_1538,casillas,2058_B_1538,Casilla B - Sección 2058,,false,false,,
casillas_2058_C1_1539,casillas,2058_C1_1539,Casilla C1 - Sección 2058,,false,false,,
casillas_2059_B_1540,casillas,2059_B_1540,Casilla B - Sección 2059,,false,false,,
casillas_2060_B_1541,casillas,2060_B_1541,Casilla B - Sección 2060,,false,false,,
casillas_2060_C1_1542,casillas,2060_C1_1542,Casilla C1 - Sección 2060,,false,false,,
casillas_2061_C1_1543,casillas,2061_C1_1543,Casilla C1 - Sección 2061,,false,false,,
casillas_2061_B_1544,casillas,2061_B_1544,Casilla B - Sección 2061,,false,false,,
casillas_2062_B_1545,casillas,2062_B_1545,Casilla B - Sección 2062,,false,false,,
casillas_2063_B_1546,casillas,2063_B_1546,Casilla B - Sección 2063,,false,false,,
casillas_2064_B_1547,casillas,2064_B_1547,Casilla B - Sección 2064,,false,false,,
casillas_2065_B_1548,casillas,2065_B_1548,Casilla B - Sección 2065,,false,false,,
casillas_2065_C1_1549,casillas,2065_C1_1549,Casilla C1 - Sección 2065,,false,false,,
casillas_2065_C2_1550,casillas,2065_C2_1550,Casilla C2 - Sección 2065,,false,false,,
casillas_2065_C3_1551,casillas,2065_C3_1551,Casilla C3 - Sección 2065,,false,false,,
casillas_2066_B_1552,casillas,2066_B_1552,Casilla B - Sección 2066,,false,false,,
casillas_2067_B_1553,casillas,2067_B_1553,Casilla B - Sección 2067,,false,false,,
casillas_2089_B_1554,casillas,2089_B_1554,Casilla B - Sección 2089,,false,false,,
casillas_2089_C1_1555,casillas,2089_C1_1555,Casilla C1 - Sección 2089,,false,false,,
casillas_2090_B_1556,casillas,2090_B_1556,Casilla B - Sección 2090,,false,false,,
casillas_2090_C1_1557,casillas,2090_C1_1557,Casilla C1 - Sección 2090,,false,false,,
casillas_2091_B_1558,casillas,2091_B_1558,Casilla B - Sección 2091,,false,false,,
casillas_2092_B_1559,casillas,2092_B_1559,Casilla B - Sección 2092,,false,false,,
casillas_2093_B_1560,casillas,2093_B_1560,Casilla B - Sección 2093,,false,false,,
casillas_2094_B_1561,casillas,2094_B_1561,Casilla B - Sección 2094,,false,false,,
casillas_2094_C1_1562,casillas,2094_C1_1562,Casilla C1 - Sección 2094,,false,false,,
casillas_2113_B_1563,casillas,2113_B_1563,Casilla B - Sección 2113,,false,false,,
casillas_2114_B_1564,casillas,2114_B_1564,Casilla B - Sección 2114,,false,false,,
casillas_2114_C1_1565,casillas,2114_C1_1565,Casilla C1 - Sección 2114,,false,false,,
casillas_2115_B_1566,casillas,2115_B_1566,Casilla B - Sección 2115,,false,false,,
casillas_2116_B_1567,casillas,2116_B_1567,Casilla B - Sección 2116,,false,false,,
casillas_2117_B_1568,casillas,2117_B_1568,Casilla B - Sección 2117,,false,false,,
casillas_2118_B_1569,casillas,2118_B_1569,Casilla B - Sección 2118,,false,false,,
casillas_2119_B_1570,casillas,2119_B_1570,Casilla B - Sección 2119,,false,false,,
casillas_2119_C1_1571,casillas,2119_C1_1571,Casilla C1 - Sección 2119,,false,false,,
casillas_2119_C2_1572,casillas,2119_C2_1572,Casilla C2 - Sección 2119,,false,false,,
casillas_2121_B_1573,casillas,2121_B_1573,Casilla B - Sección 2121,,false,false,,
casillas_2121_C1_1574,casillas,2121_C1_1574,Casilla C1 - Sección 2121,,false,false,,
casillas_2122_B_1575,casillas,2122_B_1575,Casilla B - Sección 2122,,false,false,,
casillas_2123_B_1576,casillas,2123_B_1576,Casilla B - Sección 2123,,false,false,,
casillas_2123_C1_1577,casillas,2123_C1_1577,Casilla C1 - Sección 2123,,false,false,,
casillas_2127_B_1578,casillas,2127_B_1578,Casilla B - Sección 2127,,false,false,,
casillas_2127_C1_1579,casillas,2127_C1_1579,Casilla C1 - Sección 2127,,false,false,,
casillas_2133_B_1580,casillas,2133_B_1580,Casilla B - Sección 2133,,false,false,,
casillas_2133_C1_1581,casillas,2133_C1_1581,Casilla C1 - Sección 2133,,false,false,,
casillas_2134_B_1582,casillas,2134_B_1582,Casilla B - Sección 2134,,false,false,,
casillas_2134_C1_1583,casillas,2134_C1_1583,Casilla C1 - Sección 2134,,false,false,,
casillas_2135_B_1584,casillas,2135_B_1584,Casilla B - Sección 2135,,false,false,,
casillas_2135_C1_1585,casillas,2135_C1_1585,Casilla C1 - Sección 2135,,false,false,,
casillas_2136_B_1586,casillas,2136_B_1586,Casilla B - Sección 2136,,false,false,,
casillas_2137_B_1587,casillas,2137_B_1587,Casilla B - Sección 2137,,false,false,,
casillas_2137_C1_1588,casillas,2137_C1_1588,Casilla C1 - Sección 2137,,false,false,,
casillas_2138_B_1589,casillas,2138_B_1589,Casilla B - Sección 2138,,false,false,,
casillas_2139_B_1590,casillas,2139_B_1590,Casilla B - Sección 2139,,false,false,,
casillas_2140_B_1591,casillas,2140_B_1591,Casilla B - Sección 2140,,false,false,,
casillas_2140_C1_1592,casillas,2140_C1_1592,Casilla C1 - Sección 2140,,false,false,,
casillas_2140_C2_1593,casillas,2140_C2_1593,Casilla C2 - Sección 2140,,false,false,,
casillas_2140_C3_1594,casillas,2140_C3_1594,Casilla C3 - Sección 2140,,false,false,,
casillas_2141_B_1595,casillas,2141_B_1595,Casilla B - Sección 2141,,false,false,,
casillas_2141_C1_1596,casillas,2141_C1_1596,Casilla C1 - Sección 2141,,false,false,,
casillas_2142_B_1597,casillas,2142_B_1597,Casilla B - Sección 2142,,false,false,,
casillas_2142_C1_1598,casillas,2142_C1_1598,Casilla C1 - Sección 2142,,false,false,,
casillas_2143_B_1599,casillas,2143_B_1599,Casilla B - Sección 2143,,false,false,,
casillas_2144_B_1600,casillas,2144_B_1600,Casilla B - Sección 2144,,false,false,,
casillas_2145_B_1601,casillas,2145_B_1601,Casilla B - Sección 2145,,false,false,,
casillas_2145_C1_1602,casillas,2145_C1_1602,Casilla C1 - Sección 2145,,false,false,,
casillas_2152_B_1603,casillas,2152_B_1603,Casilla B - Sección 2152,,false,false,,
casillas_2152_C1_1604,casillas,2152_C1_1604,Casilla C1 - Sección 2152,,false,false,,
casillas_2153_B_1605,casillas,2153_B_1605,Casilla B - Sección 2153,,false,false,,
casillas_2153_C1_1606,casillas,2153_C1_1606,Casilla C1 - Sección 2153,,false,false,,
casillas_2154_B_1607,casillas,2154_B_1607,Casilla B - Sección 2154,,false,false,,
casillas_2154_C1_1608,casillas,2154_C1_1608,Casilla C1 - Sección 2154,,false,false,,
casillas_2155_S1_1609,casillas,2155_S1_1609,Casilla S1 - Sección 2155,,false,false,,
casillas_2155_B_1610,casillas,2155_B_1610,Casilla B - Sección 2155,,false,false,,
casillas_2155_C1_1611,casillas,2155_C1_1611,Casilla C1 - Sección 2155,,false,false,,
casillas_2155_C2_1612,casillas,2155_C2_1612,Casilla C2 - Sección 2155,,false,false,,
casillas_2155_C3_1613,casillas,2155_C3_1613,Casilla C3 - Sección 2155,,false,false,,
casillas_2155_C4_1614,casillas,2155_C4_1614,Casilla C4 - Sección 2155,,false,false,,
casillas_2156_B_1615,casillas,2156_B_1615,Casilla B - Sección 2156,,false,false,,
casillas_2156_C1_1616,casillas,2156_C1_1616,Casilla C1 - Sección 2156,,false,false,,
casillas_2157_B_1617,casillas,2157_B_1617,Casilla B - Sección 2157,,false,false,,
casillas_2158_B_1618,casillas,2158_B_1618,Casilla B - Sección 2158,,false,false,,
casillas_2158_C1_1619,casillas,2158_C1_1619,Casilla C1 - Sección 2158,,false,false,,
casillas_2160_B_1620,casillas,2160_B_1620,Casilla B - Sección 2160,,false,false,,
casillas_2160_C1_1621,casillas,2160_C1_1621,Casilla C1 - Sección 2160,,false,false,,
casillas_2161_B_1622,casillas,2161_B_1622,Casilla B - Sección 2161,,false,false,,
casillas_2161_C1_1623,casillas,2161_C1_1623,Casilla C1 - Sección 2161,,false,false,,
casillas_2162_B_1624,casillas,2162_B_1624,Casilla B - Sección 2162,,false,false,,
casillas_2164_B_1625,casillas,2164_B_1625,Casilla B - Sección 2164,,false,false,,
casillas_2165_B_1626,casillas,2165_B_1626,Casilla B - Sección 2165,,false,false,,
casillas_2165_C1_1627,casillas,2165_C1_1627,Casilla C1 - Sección 2165,,false,false,,
casillas_2166_B_1628,casillas,2166_B_1628,Casilla B - Sección 2166,,false,false,,
casillas_2166_C1_1629,casillas,2166_C1_1629,Casilla C1 - Sección 2166,,false,false,,
casillas_2167_B_1630,casillas,2167_B_1630,Casilla B - Sección 2167,,false,false,,
casillas_2167_C1_1631,casillas,2167_C1_1631,Casilla C1 - Sección 2167,,false,false,,
casillas_2168_B_1632,casillas,2168_B_1632,Casilla B - Sección 2168,,false,false,,
casillas_2169_B_1633,casillas,2169_B_1633,Casilla B - Sección 2169,,false,false,,
casillas_2170_B_1634,casillas,2170_B_1634,Casilla B - Sección 2170,,false,false,,
casillas_2171_B_1635,casillas,2171_B_1635,Casilla B - Sección 2171,,false,false,,
casillas_2171_C1_1636,casillas,2171_C1_1636,Casilla C1 - Sección 2171,,false,false,,
casillas_2172_B_1637,casillas,2172_B_1637,Casilla B - Sección 2172,,false,false,,
casillas_2172_C1_1638,casillas,2172_C1_1638,Casilla C1 - Sección 2172,,false,false,,
casillas_2172_C2_1639,casillas,2172_C2_1639,Casilla C2 - Sección 2172,,false,false,,
casillas_2173_B_1640,casillas,2173_B_1640,Casilla B - Sección 2173,,false,false,,
casillas_2173_C1_1641,casillas,2173_C1_1641,Casilla C1 - Sección 2173,,false,false,,
casillas_2174_B_1642,casillas,2174_B_1642,Casilla B - Sección 2174,,false,false,,
casillas_2174_C1_1643,casillas,2174_C1_1643,Casilla C1 - Sección 2174,,false,false,,
casillas_2175_B_1644,casillas,2175_B_1644,Casilla B - Sección 2175,,false,false,,
casillas_2176_B_1645,casillas,2176_B_1645,Casilla B - Sección 2176,,false,false,,
casillas_2177_B_1646,casillas,2177_B_1646,Casilla B - Sección 2177,,false,false,,
casillas_2177_C1_1647,casillas,2177_C1_1647,Casilla C1 - Sección 2177,,false,false,,
casillas_2178_C1_1648,casillas,2178_C1_1648,Casilla C1 - Sección 2178,,false,false,,
casillas_2178_B_1649,casillas,2178_B_1649,Casilla B - Sección 2178,,false,false,,
casillas_2179_B_1650,casillas,2179_B_1650,Casilla B - Sección 2179,,false,false,,
casillas_2179_C1_1651,casillas,2179_C1_1651,Casilla C1 - Sección 2179,,false,false,,
casillas_2180_B_1652,casillas,2180_B_1652,Casilla B - Sección 2180,,false,false,,
casillas_2180_C1_1653,casillas,2180_C1_1653,Casilla C1 - Sección 2180,,false,false,,
casillas_2181_B_1654,casillas,2181_B_1654,Casilla B - Sección 2181,,false,false,,
casillas_2182_B_1655,casillas,2182_B_1655,Casilla B - Sección 2182,,false,false,,
casillas_2182_C1_1656,casillas,2182_C1_1656,Casilla C1 - Sección 2182,,false,false,,
casillas_2183_B_1657,casillas,2183_B_1657,Casilla B - Sección 2183,,false,false,,
casillas_2183_C1_1658,casillas,2183_C1_1658,Casilla C1 - Sección 2183,,false,false,,
casillas_2184_B_1659,casillas,2184_B_1659,Casilla B - Sección 2184,,false,false,,
casillas_2185_B_1660,casillas,2185_B_1660,Casilla B - Sección 2185,,false,false,,
casillas_2186_B_1661,casillas,2186_B_1661,Casilla B - Sección 2186,,false,false,,
casillas_2186_C1_1662,casillas,2186_C1_1662,Casilla C1 - Sección 2186,,false,false,,
casillas_2187_C1_1663,casillas,2187_C1_1663,Casilla C1 - Sección 2187,,false,false,,
casillas_2187_B_1664,casillas,2187_B_1664,Casilla B - Sección 2187,,false,false,,
casillas_2188_B_1665,casillas,2188_B_1665,Casilla B - Sección 2188,,false,false,,
casillas_2188_C1_1666,casillas,2188_C1_1666,Casilla C1 - Sección 2188,,false,false,,
casillas_2188_C2_1667,casillas,2188_C2_1667,Casilla C2 - Sección 2188,,false,false,,
casillas_2188_C3_1668,casillas,2188_C3_1668,Casilla C3 - Sección 2188,,false,false,,
casillas_2188_C4_1669,casillas,2188_C4_1669,Casilla C4 - Sección 2188,,false,false,,
casillas_2188_C5_1670,casillas,2188_C5_1670,Casilla C5 - Sección 2188,,false,false,,
casillas_2188_C6_1671,casillas,2188_C6_1671,Casilla C6 - Sección 2188,,false,false,,
casillas_2188_C7_1672,casillas,2188_C7_1672,Casilla C7 - Sección 2188,,false,false,,
casillas_2189_B_1673,casillas,2189_B_1673,Casilla B - Sección 2189,,false,false,,
casillas_2189_C1_1674,casillas,2189_C1_1674,Casilla C1 - Sección 2189,,false,false,,
casillas_2189_C2_1675,casillas,2189_C2_1675,Casilla C2 - Sección 2189,,false,false,,
casillas_2193_B_1676,casillas,2193_B_1676,Casilla B - Sección 2193,,false,false,,
casillas_2193_C1_1677,casillas,2193_C1_1677,Casilla C1 - Sección 2193,,false,false,,
casillas_2194_B_1678,casillas,2194_B_1678,Casilla B - Sección 2194,,false,false,,
casillas_3101_B_1679,casillas,3101_B_1679,Casilla B - Sección 3101,,false,false,,
casillas_3102_B_1680,casillas,3102_B_1680,Casilla B - Sección 3102,,false,false,,
casillas_3103_B_1681,casillas,3103_B_1681,Casilla B - Sección 3103,,false,false,,
casillas_3104_B_1682,casillas,3104_B_1682,Casilla B - Sección 3104,,false,false,,
casillas_3105_C1_1683,casillas,3105_C1_1683,Casilla C1 - Sección 3105,,false,false,,
casillas_3105_B_1684,casillas,3105_B_1684,Casilla B - Sección 3105,,false,false,,
casillas_3106_B_1685,casillas,3106_B_1685,Casilla B - Sección 3106,,false,false,,
casillas_3106_C1_1686,casillas,3106_C1_1686,Casilla C1 - Sección 3106,,false,false,,
casillas_3107_B_1687,casillas,3107_B_1687,Casilla B - Sección 3107,,false,false,,
casillas_3107_C1_1688,casillas,3107_C1_1688,Casilla C1 - Sección 3107,,false,false,,
casillas_3108_B_1689,casillas,3108_B_1689,Casilla B - Sección 3108,,false,false,,
casillas_3108_C1_1690,casillas,3108_C1_1690,Casilla C1 - Sección 3108,,false,false,,
casillas_3109_B_1691,casillas,3109_B_1691,Casilla B - Sección 3109,,false,false,,
casillas_3109_C1_1692,casillas,3109_C1_1692,Casilla C1 - Sección 3109,,false,false,,
casillas_3110_B_1693,casillas,3110_B_1693,Casilla B - Sección 3110,,false,false,,
casillas_3110_C1_1694,casillas,3110_C1_1694,Casilla C1 - Sección 3110,,false,false,,
casillas_3111_B_1695,casillas,3111_B_1695,Casilla B - Sección 3111,,false,false,,
casillas_3111_C1_1696,casillas,3111_C1_1696,Casilla C1 - Sección 3111,,false,false,,
casillas_3112_B_1697,casillas,3112_B_1697,Casilla B - Sección 3112,,false,false,,
casillas_3112_C1_1698,casillas,3112_C1_1698,Casilla C1 - Sección 3112,,false,false,,
casillas_3113_B_1699,casillas,3113_B_1699,Casilla B - Sección 3113,,false,false,,
casillas_3113_C1_1700,casillas,3113_C1_1700,Casilla C1 - Sección 3113,,false,false,,
casillas_3114_B_1701,casillas,3114_B_1701,Casilla B - Sección 3114,,false,false,,
casillas_3114_C1_1702,casillas,3114_C1_1702,Casilla C1 - Sección 3114,,false,false,,
casillas_3115_B_1703,casillas,3115_B_1703,Casilla B - Sección 3115,,false,false,,
casillas_3115_C1_1704,casillas,3115_C1_1704,Casilla C1 - Sección 3115,,false,false,,
casillas_3116_B_1705,casillas,3116_B_1705,Casilla B - Sección 3116,,false,false,,
casillas_3117_B_1706,casillas,3117_B_1706,Casilla B - Sección 3117,,false,false,,
casillas_3117_C1_1707,casillas,3117_C1_1707,Casilla C1 - Sección 3117,,false,false,,
casillas_3119_C2_1708,casillas,3119_C2_1708,Casilla C2 - Sección 3119,,false,false,,
casillas_3119_B_1709,casillas,3119_B_1709,Casilla B - Sección 3119,,false,false,,
casillas_3119_C1_1710,casillas,3119_C1_1710,Casilla C1 - Sección 3119,,false,false,,
casillas_3306_B_1711,casillas,3306_B_1711,Casilla B - Sección 3306,,false,false,,
casillas_3306_C1_1712,casillas,3306_C1_1712,Casilla C1 - Sección 3306,,false,false,,
casillas_3306_C2_1713,casillas,3306_C2_1713,Casilla C2 - Sección 3306,,false,false,,
casillas_3307_B_1714,casillas,3307_B_1714,Casilla B - Sección 3307,,false,false,,
casillas_3307_C1_1715,casillas,3307_C1_1715,Casilla C1 - Sección 3307,,false,false,,
casillas_3307_C2_1716,casillas,3307_C2_1716,Casilla C2 - Sección 3307,,false,false,,
casillas_3308_B_1717,casillas,3308_B_1717,Casilla B - Sección 3308,,false,false,,
casillas_3308_C1_1718,casillas,3308_C1_1718,Casilla C1 - Sección 3308,,false,false,,
casillas_3308_C2_1719,casillas,3308_C2_1719,Casilla C2 - Sección 3308,,false,false,,
casillas_1445_B_1720,casillas,1445_B_1720,Casilla B - Sección 1445,,false,false,,
casillas_1446_B_1721,casillas,1446_B_1721,Casilla B - Sección 1446,,false,false,,
casillas_1447_B_1722,casillas,1447_B_1722,Casilla B - Sección 1447,,false,false,,
casillas_1448_B_1723,casillas,1448_B_1723,Casilla B - Sección 1448,,false,false,,
casillas_1449_B_1724,casillas,1449_B_1724,Casilla B - Sección 1449,,false,false,,
casillas_1450_B_1725,casillas,1450_B_1725,Casilla B - Sección 1450,,false,false,,
casillas_1451_B_1726,casillas,1451_B_1726,Casilla B - Sección 1451,,false,false,,
casillas_1494_B_1727,casillas,1494_B_1727,Casilla B - Sección 1494,,false,false,,
casillas_1495_B_1728,casillas,1495_B_1728,Casilla B - Sección 1495,,false,false,,
casillas_1496_B_1729,casillas,1496_B_1729,Casilla B - Sección 1496,,false,false,,
casillas_1497_B_1730,casillas,1497_B_1730,Casilla B - Sección 1497,,false,false,,
casillas_1527_B_1731,casillas,1527_B_1731,Casilla B - Sección 1527,,false,false,,
casillas_1528_B_1732,casillas,1528_B_1732,Casilla B - Sección 1528,,false,false,,
casillas_1566_B_1733,casillas,1566_B_1733,Casilla B - Sección 1566,,false,false,,
casillas_1567_B_1734,casillas,1567_B_1734,Casilla B - Sección 1567,,false,false,,
casillas_1567_C1_1735,casillas,1567_C1_1735,Casilla C1 - Sección 1567,,false,false,,
casillas_1567_C2_1736,casillas,1567_C2_1736,Casilla C2 - Sección 1567,,false,false,,
casillas_1568_B_1737,casillas,1568_B_1737,Casilla B - Sección 1568,,false,false,,
casillas_1568_C1_1738,casillas,1568_C1_1738,Casilla C1 - Sección 1568,,false,false,,
casillas_1568_C2_1739,casillas,1568_C2_1739,Casilla C2 - Sección 1568,,false,false,,
casillas_1569_B_1740,casillas,1569_B_1740,Casilla B - Sección 1569,,false,false,,
casillas_1570_B_1741,casillas,1570_B_1741,Casilla B - Sección 1570,,false,false,,
casillas_1570_C1_1742,casillas,1570_C1_1742,Casilla C1 - Sección 1570,,false,false,,
casillas_1571_B_1743,casillas,1571_B_1743,Casilla B - Sección 1571,,false,false,,
casillas_1571_C1_1744,casillas,1571_C1_1744,Casilla C1 - Sección 1571,,false,false,,
casillas_1572_B_1745,casillas,1572_B_1745,Casilla B - Sección 1572,,false,false,,
casillas_1572_C1_1746,casillas,1572_C1_1746,Casilla C1 - Sección 1572,,false,false,,
casillas_1573_B_1747,casillas,1573_B_1747,Casilla B - Sección 1573,,false,false,,
casillas_1574_B_1748,casillas,1574_B_1748,Casilla B - Sección 1574,,false,false,,
casillas_1574_C1_1749,casillas,1574_C1_1749,Casilla C1 - Sección 1574,,false,false,,
casillas_1575_B_1750,casillas,1575_B_1750,Casilla B - Sección 1575,,false,false,,
casillas_1575_C1_1751,casillas,1575_C1_1751,Casilla C1 - Sección 1575,,false,false,,
casillas_1576_C1_1752,casillas,1576_C1_1752,Casilla C1 - Sección 1576,,false,false,,
casillas_1576_B_1753,casillas,1576_B_1753,Casilla B - Sección 1576,,false,false,,
casillas_1577_B_1754,casillas,1577_B_1754,Casilla B - Sección 1577,,false,false,,
casillas_1577_C1_1755,casillas,1577_C1_1755,Casilla C1 - Sección 1577,,false,false,,
casillas_1578_B_1756,casillas,1578_B_1756,Casilla B - Sección 1578,,false,false,,
casillas_1578_C3_1757,casillas,1578_C3_1757,Casilla C3 - Sección 1578,,false,false,,
casillas_1578_C1_1758,casillas,1578_C1_1758,Casilla C1 - Sección 1578,,false,false,,
casillas_1578_C2_1759,casillas,1578_C2_1759,Casilla C2 - Sección 1578,,false,false,,
casillas_1579_B_1760,casillas,1579_B_1760,Casilla B - Sección 1579,,false,false,,
casillas_1579_C1_1761,casillas,1579_C1_1761,Casilla C1 - Sección 1579,,false,false,,
casillas_1580_B_1762,casillas,1580_B_1762,Casilla B - Sección 1580,,false,false,,
casillas_1581_B_1763,casillas,1581_B_1763,Casilla B - Sección 1581,,false,false,,
casillas_1582_B_1764,casillas,1582_B_1764,Casilla B - Sección 1582,,false,false,,
casillas_1582_C1_1765,casillas,1582_C1_1765,Casilla C1 - Sección 1582,,false,false,,
casillas_1583_B_1766,casillas,1583_B_1766,Casilla B - Sección 1583,,false,false,,
casillas_1584_B_1767,casillas,1584_B_1767,Casilla B - Sección 1584,,false,false,,
casillas_1585_B_1768,casillas,1585_B_1768,Casilla B - Sección 1585,,false,false,,
casillas_1586_B_1769,casillas,1586_B_1769,Casilla B - Sección 1586,,false,false,,
casillas_1587_B_1770,casillas,1587_B_1770,Casilla B - Sección 1587,,false,false,,
casillas_1588_B_1771,casillas,1588_B_1771,Casilla B - Sección 1588,,false,false,,
casillas_1589_B_1772,casillas,1589_B_1772,Casilla B - Sección 1589,,false,false,,
casillas_1590_B_1773,casillas,1590_B_1773,Casilla B - Sección 1590,,false,false,,
casillas_1591_B_1774,casillas,1591_B_1774,Casilla B - Sección 1591,,false,false,,
casillas_1592_B_1775,casillas,1592_B_1775,Casilla B - Sección 1592,,false,false,,
casillas_1593_B_1776,casillas,1593_B_1776,Casilla B - Sección 1593,,false,false,,
casillas_1594_B_1777,casillas,1594_B_1777,Casilla B - Sección 1594,,false,false,,
casillas_1595_B_1778,casillas,1595_B_1778,Casilla B - Sección 1595,,false,false,,
casillas_1595_C1_1779,casillas,1595_C1_1779,Casilla C1 - Sección 1595,,false,false,,
casillas_1596_B_1780,casillas,1596_B_1780,Casilla B - Sección 1596,,false,false,,
casillas_1596_C1_1781,casillas,1596_C1_1781,Casilla C1 - Sección 1596,,false,false,,
casillas_1597_B_1782,casillas,1597_B_1782,Casilla B - Sección 1597,,false,false,,
casillas_1598_B_1783,casillas,1598_B_1783,Casilla B - Sección 1598,,false,false,,
casillas_1598_C1_1784,casillas,1598_C1_1784,Casilla C1 - Sección 1598,,false,false,,
casillas_1598_C2_1785,casillas,1598_C2_1785,Casilla C2 - Sección 1598,,false,false,,
casillas_1598_C3_1786,casillas,1598_C3_1786,Casilla C3 - Sección 1598,,false,false,,
casillas_1601_B_1787,casillas,1601_B_1787,Casilla B - Sección 1601,,false,false,,
casillas_1601_C1_1788,casillas,1601_C1_1788,Casilla C1 - Sección 1601,,false,false,,
casillas_1602_B_1789,casillas,1602_B_1789,Casilla B - Sección 1602,,false,false,,
casillas_1603_B_1790,casillas,1603_B_1790,Casilla B - Sección 1603,,false,false,,
casillas_1603_C1_1791,casillas,1603_C1_1791,Casilla C1 - Sección 1603,,false,false,,
casillas_1604_B_1792,casillas,1604_B_1792,Casilla B - Sección 1604,,false,false,,
casillas_1605_B_1793,casillas,1605_B_1793,Casilla B - Sección 1605,,false,false,,
casillas_1606_B_1794,casillas,1606_B_1794,Casilla B - Sección 1606,,false,false,,
casillas_1607_B_1795,casillas,1607_B_1795,Casilla B - Sección 1607,,false,false,,
casillas_1608_B_1796,casillas,1608_B_1796,Casilla B - Sección 1608,,false,false,,
casillas_1609_B_1797,casillas,1609_B_1797,Casilla B - Sección 1609,,false,false,,
casillas_1610_B_1798,casillas,1610_B_1798,Casilla B - Sección 1610,,false,false,,
casillas_1611_B_1799,casillas,1611_B_1799,Casilla B - Sección 1611,,false,false,,
casillas_1612_B_1800,casillas,1612_B_1800,Casilla B - Sección 1612,,false,false,,
casillas_1613_B_1801,casillas,1613_B_1801,Casilla B - Sección 1613,,false,false,,
casillas_1614_B_1802,casillas,1614_B_1802,Casilla B - Sección 1614,,false,false,,
casillas_1615_B_1803,casillas,1615_B_1803,Casilla B - Sección 1615,,false,false,,
casillas_1616_B_1804,casillas,1616_B_1804,Casilla B - Sección 1616,,false,false,,
casillas_1616_C1_1805,casillas,1616_C1_1805,Casilla C1 - Sección 1616,,false,false,,
casillas_1617_B_1806,casillas,1617_B_1806,Casilla B - Sección 1617,,false,false,,
casillas_1618_B_1807,casillas,1618_B_1807,Casilla B - Sección 1618,,false,false,,
casillas_1618_C1_1808,casillas,1618_C1_1808,Casilla C1 - Sección 1618,,false,false,,
casillas_1619_B_1809,casillas,1619_B_1809,Casilla B - Sección 1619,,false,false,,
casillas_1620_B_1810,casillas,1620_B_1810,Casilla B - Sección 1620,,false,false,,
casillas_1623_B_1811,casillas,1623_B_1811,Casilla B - Sección 1623,,false,false,,
casillas_1623_C1_1812,casillas,1623_C1_1812,Casilla C1 - Sección 1623,,false,false,,
casillas_1624_B_1813,casillas,1624_B_1813,Casilla B - Sección 1624,,false,false,,
casillas_1625_B_1814,casillas,1625_B_1814,Casilla B - Sección 1625,,false,false,,
casillas_1626_B_1815,casillas,1626_B_1815,Casilla B - Sección 1626,,false,false,,
casillas_1627_B_1816,casillas,1627_B_1816,Casilla B - Sección 1627,,false,false,,
casillas_1628_B_1817,casillas,1628_B_1817,Casilla B - Sección 1628,,false,false,,
casillas_1629_B_1818,casillas,1629_B_1818,Casilla B - Sección 1629,,false,false,,
casillas_1630_B_1819,casillas,1630_B_1819,Casilla B - Sección 1630,,false,false,,
casillas_1631_B_1820,casillas,1631_B_1820,Casilla B - Sección 1631,,false,false,,
casillas_1632_B_1821,casillas,1632_B_1821,Casilla B - Sección 1632,,false,false,,
casillas_1632_C1_1822,casillas,1632_C1_1822,Casilla C1 - Sección 1632,,false,false,,
casillas_1633_B_1823,casillas,1633_B_1823,Casilla B - Sección 1633,,false,false,,
casillas_1633_C1_1824,casillas,1633_C1_1824,Casilla C1 - Sección 1633,,false,false,,
casillas_1634_B_1825,casillas,1634_B_1825,Casilla B - Sección 1634,,false,false,,
casillas_1635_B_1826,casillas,1635_B_1826,Casilla B - Sección 1635,,false,false,,
casillas_1635_C1_1827,casillas,1635_C1_1827,Casilla C1 - Sección 1635,,false,false,,
casillas_1636_B_1828,casillas,1636_B_1828,Casilla B - Sección 1636,,false,false,,
casillas_1636_C1_1829,casillas,1636_C1_1829,Casilla C1 - Sección 1636,,false,false,,
casillas_1637_B_1830,casillas,1637_B_1830,Casilla B - Sección 1637,,false,false,,
casillas_1638_B_1831,casillas,1638_B_1831,Casilla B - Sección 1638,,false,false,,
casillas_1638_C1_1832,casillas,1638_C1_1832,Casilla C1 - Sección 1638,,false,false,,
casillas_1639_B_1833,casillas,1639_B_1833,Casilla B - Sección 1639,,false,false,,
casillas_1639_C1_1834,casillas,1639_C1_1834,Casilla C1 - Sección 1639,,false,false,,
casillas_1643_B_1835,casillas,1643_B_1835,Casilla B - Sección 1643,,false,false,,
casillas_1643_C1_1836,casillas,1643_C1_1836,Casilla C1 - Sección 1643,,false,false,,
casillas_1644_B_1837,casillas,1644_B_1837,Casilla B - Sección 1644,,false,false,,
casillas_1645_B_1838,casillas,1645_B_1838,Casilla B - Sección 1645,,false,false,,
casillas_1646_B_1839,casillas,1646_B_1839,Casilla B - Sección 1646,,false,false,,
casillas_1646_C1_1840,casillas,1646_C1_1840,Casilla C1 - Sección 1646,,false,false,,
casillas_1647_B_1841,casillas,1647_B_1841,Casilla B - Sección 1647,,false,false,,
casillas_1648_B_1842,casillas,1648_B_1842,Casilla B - Sección 1648,,false,false,,
casillas_1649_B_1843,casillas,1649_B_1843,Casilla B - Sección 1649,,false,false,,
casillas_1649_C1_1844,casillas,1649_C1_1844,Casilla C1 - Sección 1649,,false,false,,
casillas_1650_B_1845,casillas,1650_B_1845,Casilla B - Sección 1650,,false,false,,
casillas_1651_B_1846,casillas,1651_B_1846,Casilla B - Sección 1651,,false,false,,
casillas_1652_B_1847,casillas,1652_B_1847,Casilla B - Sección 1652,,false,false,,
casillas_1653_B_1848,casillas,1653_B_1848,Casilla B - Sección 1653,,false,false,,
casillas_1653_S1_1849,casillas,1653_S1_1849,Casilla S1 - Sección 1653,,false,false,,
casillas_1654_B_1850,casillas,1654_B_1850,Casilla B - Sección 1654,,false,false,,
casillas_1654_C1_1851,casillas,1654_C1_1851,Casilla C1 - Sección 1654,,false,false,,
casillas_1655_B_1852,casillas,1655_B_1852,Casilla B - Sección 1655,,false,false,,
casillas_1655_C1_1853,casillas,1655_C1_1853,Casilla C1 - Sección 1655,,false,false,,
casillas_1656_B_1854,casillas,1656_B_1854,Casilla B - Sección 1656,,false,false,,
casillas_1657_B_1855,casillas,1657_B_1855,Casilla B - Sección 1657,,false,false,,
casillas_1657_C1_1856,casillas,1657_C1_1856,Casilla C1 - Sección 1657,,false,false,,
casillas_1658_B_1857,casillas,1658_B_1857,Casilla B - Sección 1658,,false,false,,
casillas_1659_B_1858,casillas,1659_B_1858,Casilla B - Sección 1659,,false,false,,
casillas_1659_C1_1859,casillas,1659_C1_1859,Casilla C1 - Sección 1659,,false,false,,
casillas_1660_B_1860,casillas,1660_B_1860,Casilla B - Sección 1660,,false,false,,
casillas_1661_B_1861,casillas,1661_B_1861,Casilla B - Sección 1661,,false,false,,
casillas_1662_B_1862,casillas,1662_B_1862,Casilla B - Sección 1662,,false,false,,
casillas_1663_B_1863,casillas,1663_B_1863,Casilla B - Sección 1663,,false,false,,
casillas_1664_B_1864,casillas,1664_B_1864,Casilla B - Sección 1664,,false,false,,
casillas_1665_B_1865,casillas,1665_B_1865,Casilla B - Sección 1665,,false,false,,
casillas_1665_C1_1866,casillas,1665_C1_1866,Casilla C1 - Sección 1665,,false,false,,
casillas_1666_B_1867,casillas,1666_B_1867,Casilla B - Sección 1666,,false,false,,
casillas_1666_C1_1868,casillas,1666_C1_1868,Casilla C1 - Sección 1666,,false,false,,
casillas_1667_B_1869,casillas,1667_B_1869,Casilla B - Sección 1667,,false,false,,
casillas_1668_B_1870,casillas,1668_B_1870,Casilla B - Sección 1668,,false,false,,
casillas_1670_B_1871,casillas,1670_B_1871,Casilla B - Sección 1670,,false,false,,
casillas_1671_B_1872,casillas,1671_B_1872,Casilla B - Sección 1671,,false,false,,
casillas_1672_B_1873,casillas,1672_B_1873,Casilla B - Sección 1672,,false,false,,
casillas_1672_C1_1874,casillas,1672_C1_1874,Casilla C1 - Sección 1672,,false,false,,
casillas_1673_B_1875,casillas,1673_B_1875,Casilla B - Sección 1673,,false,false,,
casillas_1673_C1_1876,casillas,1673_C1_1876,Casilla C1 - Sección 1673,,false,false,,
casillas_1674_B_1877,casillas,1674_B_1877,Casilla B - Sección 1674,,false,false,,
casillas_1675_B_1878,casillas,1675_B_1878,Casilla B - Sección 1675,,false,false,,
casillas_1675_C1_1879,casillas,1675_C1_1879,Casilla C1 - Sección 1675,,false,false,,
casillas_1676_B_1880,casillas,1676_B_1880,Casilla B - Sección 1676,,false,false,,
casillas_1677_B_1881,casillas,1677_B_1881,Casilla B - Sección 1677,,false,false,,
casillas_1678_C1_1882,casillas,1678_C1_1882,Casilla C1 - Sección 1678,,false,false,,
casillas_1678_B_1883,casillas,1678_B_1883,Casilla B - Sección 1678,,false,false,,
casillas_1679_B_1884,casillas,1679_B_1884,Casilla B - Sección 1679,,false,false,,
casillas_1679_C1_1885,casillas,1679_C1_1885,Casilla C1 - Sección 1679,,false,false,,
casillas_1680_B_1886,casillas,1680_B_1886,Casilla B - Sección 1680,,false,false,,
casillas_1680_C1_1887,casillas,1680_C1_1887,Casilla C1 - Sección 1680,,false,false,,
casillas_1681_B_1888,casillas,1681_B_1888,Casilla B - Sección 1681,,false,false,,
casillas_1681_C1_1889,casillas,1681_C1_1889,Casilla C1 - Sección 1681,,false,false,,
casillas_1684_B_1890,casillas,1684_B_1890,Casilla B - Sección 1684,,false,false,,
casillas_1684_C1_1891,casillas,1684_C1_1891,Casilla C1 - Sección 1684,,false,false,,
casillas_1684_C2_1892,casillas,1684_C2_1892,Casilla C2 - Sección 1684,,false,false,,
casillas_1685_B_1893,casillas,1685_B_1893,Casilla B - Sección 1685,,false,false,,
casillas_1686_B_1894,casillas,1686_B_1894,Casilla B - Sección 1686,,false,false,,
casillas_1687_B_1895,casillas,1687_B_1895,Casilla B - Sección 1687,,false,false,,
casillas_1687_C1_1896,casillas,1687_C1_1896,Casilla C1 - Sección 1687,,false,false,,
casillas_1688_B_1897,casillas,1688_B_1897,Casilla B - Sección 1688,,false,false,,
casillas_1689_B_1898,casillas,1689_B_1898,Casilla B - Sección 1689,,false,false,,
casillas_1690_B_1899,casillas,1690_B_1899,Casilla B - Sección 1690,,false,false,,
casillas_1691_B_1900,casillas,1691_B_1900,Casilla B - Sección 1691,,false,false,,
casillas_1692_B_1901,casillas,1692_B_1901,Casilla B - Sección 1692,,false,false,,
casillas_1692_C1_1902,casillas,1692_C1_1902,Casilla C1 - Sección 1692,,false,false,,
casillas_1695_B_1903,casillas,1695_B_1903,Casilla B - Sección 1695,,false,false,,
casillas_1696_B_1904,casillas,1696_B_1904,Casilla B - Sección 1696,,false,false,,
casillas_1696_C1_1905,casillas,1696_C1_1905,Casilla C1 - Sección 1696,,false,false,,
casillas_1697_B_1906,casillas,1697_B_1906,Casilla B - Sección 1697,,false,false,,
casillas_1697_C1_1907,casillas,1697_C1_1907,Casilla C1 - Sección 1697,,false,false,,
casillas_1698_B_1908,casillas,1698_B_1908,Casilla B - Sección 1698,,false,false,,
casillas_1699_B_1909,casillas,1699_B_1909,Casilla B - Sección 1699,,false,false,,
casillas_1700_B_1910,casillas,1700_B_1910,Casilla B - Sección 1700,,false,false,,
casillas_1700_C1_1911,casillas,1700_C1_1911,Casilla C1 - Sección 1700,,false,false,,
casillas_1701_B_1912,casillas,1701_B_1912,Casilla B - Sección 1701,,false,false,,
casillas_1701_C1_1913,casillas,1701_C1_1913,Casilla C1 - Sección 1701,,false,false,,
casillas_1702_B_1914,casillas,1702_B_1914,Casilla B - Sección 1702,,false,false,,
casillas_1702_C1_1915,casillas,1702_C1_1915,Casilla C1 - Sección 1702,,false,false,,
casillas_1708_B_1916,casillas,1708_B_1916,Casilla B - Sección 1708,,false,false,,
casillas_1708_C1_1917,casillas,1708_C1_1917,Casilla C1 - Sección 1708,,false,false,,
casillas_1709_B_1918,casillas,1709_B_1918,Casilla B - Sección 1709,,false,false,,
casillas_1710_B_1919,casillas,1710_B_1919,Casilla B - Sección 1710,,false,false,,
casillas_1711_B_1920,casillas,1711_B_1920,Casilla B - Sección 1711,,false,false,,
casillas_1711_C1_1921,casillas,1711_C1_1921,Casilla C1 - Sección 1711,,false,false,,
casillas_1712_B_1922,casillas,1712_B_1922,Casilla B - Sección 1712,,false,false,,
casillas_1712_C1_1923,casillas,1712_C1_1923,Casilla C1 - Sección 1712,,false,false,,
casillas_1713_B_1924,casillas,1713_B_1924,Casilla B - Sección 1713,,false,false,,
casillas_1714_B_1925,casillas,1714_B_1925,Casilla B - Sección 1714,,false,false,,
casillas_1715_B_1926,casillas,1715_B_1926,Casilla B - Sección 1715,,false,false,,
casillas_1716_B_1927,casillas,1716_B_1927,Casilla B - Sección 1716,,false,false,,
casillas_1716_C1_1928,casillas,1716_C1_1928,Casilla C1 - Sección 1716,,false,false,,
casillas_1717_B_1929,casillas,1717_B_1929,Casilla B - Sección 1717,,false,false,,
casillas_1717_C1_1930,casillas,1717_C1_1930,Casilla C1 - Sección 1717,,false,false,,
casillas_1718_B_1931,casillas,1718_B_1931,Casilla B - Sección 1718,,false,false,,
casillas_1720_B_1932,casillas,1720_B_1932,Casilla B - Sección 1720,,false,false,,
casillas_1720_C1_1933,casillas,1720_C1_1933,Casilla C1 - Sección 1720,,false,false,,
casillas_1721_B_1934,casillas,1721_B_1934,Casilla B - Sección 1721,,false,false,,
casillas_1722_B_1935,casillas,1722_B_1935,Casilla B - Sección 1722,,false,false,,
casillas_1723_B_1936,casillas,1723_B_1936,Casilla B - Sección 1723,,false,false,,
casillas_1724_B_1937,casillas,1724_B_1937,Casilla B - Sección 1724,,false,false,,
casillas_1724_C1_1938,casillas,1724_C1_1938,Casilla C1 - Sección 1724,,false,false,,
casillas_1725_B_1939,casillas,1725_B_1939,Casilla B - Sección 1725,,false,false,,
casillas_1726_B_1940,casillas,1726_B_1940,Casilla B - Sección 1726,,false,false,,
casillas_1726_C1_1941,casillas,1726_C1_1941,Casilla C1 - Sección 1726,,false,false,,
casillas_1727_B_1942,casillas,1727_B_1942,Casilla B - Sección 1727,,false,false,,
casillas_1728_B_1943,casillas,1728_B_1943,Casilla B - Sección 1728,,false,false,,
casillas_1729_B_1944,casillas,1729_B_1944,Casilla B - Sección 1729,,false,false,,
casillas_1729_C1_1945,casillas,1729_C1_1945,Casilla C1 - Sección 1729,,false,false,,
casillas_1730_B_1946,casillas,1730_B_1946,Casilla B - Sección 1730,,false,false,,
casillas_1731_B_1947,casillas,1731_B_1947,Casilla B - Sección 1731,,false,false,,
casillas_1732_B_1948,casillas,1732_B_1948,Casilla B - Sección 1732,,false,false,,
casillas_1732_C1_1949,casillas,1732_C1_1949,Casilla C1 - Sección 1732,,false,false,,
casillas_1732_C2_1950,casillas,1732_C2_1950,Casilla C2 - Sección 1732,,false,false,,
casillas_1732_C3_1951,casillas,1732_C3_1951,Casilla C3 - Sección 1732,,false,false,,
casillas_1738_B_1952,casillas,1738_B_1952,Casilla B - Sección 1738,,false,false,,
casillas_1738_C1_1953,casillas,1738_C1_1953,Casilla C1 - Sección 1738,,false,false,,
casillas_1739_B_1954,casillas,1739_B_1954,Casilla B - Sección 1739,,false,false,,
casillas_1740_B_1955,casillas,1740_B_1955,Casilla B - Sección 1740,,false,false,,
casillas_1747_B_1956,casillas,1747_B_1956,Casilla B - Sección 1747,,false,false,,
casillas_1747_C1_1957,casillas,1747_C1_1957,Casilla C1 - Sección 1747,,false,false,,
casillas_1748_B_1958,casillas,1748_B_1958,Casilla B - Sección 1748,,false,false,,
casillas_1946_B_1959,casillas,1946_B_1959,Casilla B - Sección 1946,,false,false,,
casillas_1946_C1_1960,casillas,1946_C1_1960,Casilla C1 - Sección 1946,,false,false,,
casillas_1947_B_1961,casillas,1947_B_1961,Casilla B - Sección 1947,,false,false,,
casillas_1947_C1_1962,casillas,1947_C1_1962,Casilla C1 - Sección 1947,,false,false,,
casillas_1948_C1_1963,casillas,1948_C1_1963,Casilla C1 - Sección 1948,,false,false,,
casillas_1948_B_1964,casillas,1948_B_1964,Casilla B - Sección 1948,,false,false,,
casillas_1950_B_1965,casillas,1950_B_1965,Casilla B - Sección 1950,,false,false,,
casillas_1950_C1_1966,casillas,1950_C1_1966,Casilla C1 - Sección 1950,,false,false,,
casillas_1965_B_1967,casillas,1965_B_1967,Casilla B - Sección 1965,,false,false,,
casillas_1966_B_1968,casillas,1966_B_1968,Casilla B - Sección 1966,,false,false,,
casillas_1967_B_1969,casillas,1967_B_1969,Casilla B - Sección 1967,,false,false,,
casillas_1988_B_1970,casillas,1988_B_1970,Casilla B - Sección 1988,,false,false,,
casillas_1989_B_1971,casillas,1989_B_1971,Casilla B - Sección 1989,,false,false,,
casillas_1990_B_1972,casillas,1990_B_1972,Casilla B - Sección 1990,,false,false,,
casillas_1991_B_1973,casillas,1991_B_1973,Casilla B - Sección 1991,,false,false,,
casillas_1992_B_1974,casillas,1992_B_1974,Casilla B - Sección 1992,,false,false,,
casillas_2024_B_1975,casillas,2024_B_1975,Casilla B - Sección 2024,,false,false,,
casillas_2025_B_1976,casillas,2025_B_1976,Casilla B - Sección 2025,,false,false,,
casillas_2026_B_1977,casillas,2026_B_1977,Casilla B - Sección 2026,,false,false,,
casillas_2027_B_1978,casillas,2027_B_1978,Casilla B - Sección 2027,,false,false,,
casillas_2028_B_1979,casillas,2028_B_1979,Casilla B - Sección 2028,,false,false,,
casillas_2028_C1_1980,casillas,2028_C1_1980,Casilla C1 - Sección 2028,,false,false,,
casillas_2029_B_1981,casillas,2029_B_1981,Casilla B - Sección 2029,,false,false,,
casillas_2029_C1_1982,casillas,2029_C1_1982,Casilla C1 - Sección 2029,,false,false,,
casillas_2030_B_1983,casillas,2030_B_1983,Casilla B - Sección 2030,,false,false,,
casillas_2030_C1_1984,casillas,2030_C1_1984,Casilla C1 - Sección 2030,,false,false,,
casillas_2031_B_1985,casillas,2031_B_1985,Casilla B - Sección 2031,,false,false,,
casillas_2031_C1_1986,casillas,2031_C1_1986,Casilla C1 - Sección 2031,,false,false,,
casillas_2032_B_1987,casillas,2032_B_1987,Casilla B - Sección 2032,,false,false,,
casillas_2033_B_1988,casillas,2033_B_1988,Casilla B - Sección 2033,,false,false,,
casillas_2033_C1_1989,casillas,2033_C1_1989,Casilla C1 - Sección 2033,,false,false,,
casillas_2034_B_1990,casillas,2034_B_1990,Casilla B - Sección 2034,,false,false,,
casillas_2035_B_1991,casillas,2035_B_1991,Casilla B - Sección 2035,,false,false,,
casillas_2036_B_1992,casillas,2036_B_1992,Casilla B - Sección 2036,,false,false,,
casillas_2068_B_1993,casillas,2068_B_1993,Casilla B - Sección 2068,,false,false,,
casillas_2068_C1_1994,casillas,2068_C1_1994,Casilla C1 - Sección 2068,,false,false,,
casillas_2069_B_1995,casillas,2069_B_1995,Casilla B - Sección 2069,,false,false,,
casillas_2069_C1_1996,casillas,2069_C1_1996,Casilla C1 - Sección 2069,,false,false,,
casillas_2070_B_1997,casillas,2070_B_1997,Casilla B - Sección 2070,,false,false,,
casillas_2070_C1_1998,casillas,2070_C1_1998,Casilla C1 - Sección 2070,,false,false,,
casillas_2071_B_1999,casillas,2071_B_1999,Casilla B - Sección 2071,,false,false,,
casillas_2072_B_2000,casillas,2072_B_2000,Casilla B - Sección 2072,,false,false,,
casillas_2073_B_2001,casillas,2073_B_2001,Casilla B - Sección 2073,,false,false,,
casillas_2074_B_2002,casillas,2074_B_2002,Casilla B - Sección 2074,,false,false,,
casillas_2074_C1_2003,casillas,2074_C1_2003,Casilla C1 - Sección 2074,,false,false,,
casillas_2075_B_2004,casillas,2075_B_2004,Casilla B - Sección 2075,,false,false,,
casillas_2076_B_2005,casillas,2076_B_2005,Casilla B - Sección 2076,,false,false,,
casillas_2077_B_2006,casillas,2077_B_2006,Casilla B - Sección 2077,,false,false,,
casillas_2077_C1_2007,casillas,2077_C1_2007,Casilla C1 - Sección 2077,,false,false,,
casillas_2078_B_2008,casillas,2078_B_2008,Casilla B - Sección 2078,,false,false,,
casillas_2078_C1_2009,casillas,2078_C1_2009,Casilla C1 - Sección 2078,,false,false,,
casillas_2079_B_2010,casillas,2079_B_2010,Casilla B - Sección 2079,,false,false,,
casillas_2079_C1_2011,casillas,2079_C1_2011,Casilla C1 - Sección 2079,,false,false,,
casillas_2080_B_2012,casillas,2080_B_2012,Casilla B - Sección 2080,,false,false,,
casillas_2081_B_2013,casillas,2081_B_2013,Casilla B - Sección 2081,,false,false,,
casillas_2081_C1_2014,casillas,2081_C1_2014,Casilla C1 - Sección 2081,,false,false,,
casillas_2082_B_2015,casillas,2082_B_2015,Casilla B - Sección 2082,,false,false,,
casillas_2082_C1_2016,casillas,2082_C1_2016,Casilla C1 - Sección 2082,,false,false,,
casillas_2083_B_2017,casillas,2083_B_2017,Casilla B - Sección 2083,,false,false,,
casillas_2084_B_2018,casillas,2084_B_2018,Casilla B - Sección 2084,,false,false,,
casillas_2085_B_2019,casillas,2085_B_2019,Casilla B - Sección 2085,,false,false,,
casillas_2086_B_2020,casillas,2086_B_2020,Casilla B - Sección 2086,,false,false,,
casillas_2086_C1_2021,casillas,2086_C1_2021,Casilla C1 - Sección 2086,,false,false,,
casillas_2087_B_2022,casillas,2087_B_2022,Casilla B - Sección 2087,,false,false,,
casillas_2088_B_2023,casillas,2088_B_2023,Casilla B - Sección 2088,,false,false,,
casillas_2095_B_2024,casillas,2095_B_2024,Casilla B - Sección 2095,,false,false,,
casillas_2101_B_2025,casillas,2101_B_2025,Casilla B - Sección 2101,,false,false,,
casillas_2101_C1_2026,casillas,2101_C1_2026,Casilla C1 - Sección 2101,,false,false,,
casillas_2102_B_2027,casillas,2102_B_2027,Casilla B - Sección 2102,,false,false,,
casillas_2102_C1_2028,casillas,2102_C1_2028,Casilla C1 - Sección 2102,,false,false,,
casillas_2102_C2_2029,casillas,2102_C2_2029,Casilla C2 - Sección 2102,,false,false,,
casillas_2103_B_2030,casillas,2103_B_2030,Casilla B - Sección 2103,,false,false,,
casillas_2103_C1_2031,casillas,2103_C1_2031,Casilla C1 - Sección 2103,,false,false,,
casillas_2104_B_2032,casillas,2104_B_2032,Casilla B - Sección 2104,,false,false,,
casillas_2104_C1_2033,casillas,2104_C1_2033,Casilla C1 - Sección 2104,,false,false,,
casillas_1599_B_2034,casillas,1599_B_2034,Casilla B - Sección 1599,,false,false,,
casillas_1599_C1_2035,casillas,1599_C1_2035,Casilla C1 - Sección 1599,,false,false,,
casillas_1600_B_2036,casillas,1600_B_2036,Casilla B - Sección 1600,,false,false,,
casillas_1600_C1_2037,casillas,1600_C1_2037,Casilla C1 - Sección 1600,,false,false,,
casillas_1621_B_2038,casillas,1621_B_2038,Casilla B - Sección 1621,,false,false,,
casillas_1621_C1_2039,casillas,1621_C1_2039,Casilla C1 - Sección 1621,,false,false,,
casillas_1621_C2_2040,casillas,1621_C2_2040,Casilla C2 - Sección 1621,,false,false,,
casillas_1622_B_2041,casillas,1622_B_2041,Casilla B - Sección 1622,,false,false,,
casillas_1640_B_2042,casillas,1640_B_2042,Casilla B - Sección 1640,,false,false,,
casillas_1641_B_2043,casillas,1641_B_2043,Casilla B - Sección 1641,,false,false,,
casillas_1641_C1_2044,casillas,1641_C1_2044,Casilla C1 - Sección 1641,,false,false,,
casillas_1641_C2_2045,casillas,1641_C2_2045,Casilla C2 - Sección 1641,,false,false,,
casillas_1642_B_2046,casillas,1642_B_2046,Casilla B - Sección 1642,,false,false,,
casillas_1642_C1_2047,casillas,1642_C1_2047,Casilla C1 - Sección 1642,,false,false,,
casillas_1642_C10_2048,casillas,1642_C10_2048,Casilla C10 - Sección 1642,,false,false,,
casillas_1642_C2_2049,casillas,1642_C2_2049,Casilla C2 - Sección 1642,,false,false,,
casillas_1642_C3_2050,casillas,1642_C3_2050,Casilla C3 - Sección 1642,,false,false,,
casillas_1642_C4_2051,casillas,1642_C4_2051,Casilla C4 - Sección 1642,,false,false,,
casillas_1642_C5_2052,casillas,1642_C5_2052,Casilla C5 - Sección 1642,,false,false,,
casillas_1642_C6_2053,casillas,1642_C6_2053,Casilla C6 - Sección 1642,,false,false,,
casillas_1642_C7_2054,casillas,1642_C7_2054,Casilla C7 - Sección 1642,,false,false,,
casillas_1642_C8_2055,casillas,1642_C8_2055,Casilla C8 - Sección 1642,,false,false,,
casillas_1642_C9_2056,casillas,1642_C9_2056,Casilla C9 - Sección 1642,,false,false,,
casillas_1669_B_2057,casillas,1669_B_2057,Casilla B - Sección 1669,,false,false,,
casillas_1682_B_2058,casillas,1682_B_2058,Casilla B - Sección 1682,,false,false,,
casillas_1682_C1_2059,casillas,1682_C1_2059,Casilla C1 - Sección 1682,,false,false,,
casillas_1682_C2_2060,casillas,1682_C2_2060,Casilla C2 - Sección 1682,,false,false,,
casillas_1682_C3_2061,casillas,1682_C3_2061,Casilla C3 - Sección 1682,,false,false,,
casillas_1693_B_2062,casillas,1693_B_2062,Casilla B - Sección 1693,,false,false,,
casillas_1693_C1_2063,casillas,1693_C1_2063,Casilla C1 - Sección 1693,,false,false,,
casillas_1693_C2_2064,casillas,1693_C2_2064,Casilla C2 - Sección 1693,,false,false,,
casillas_1693_S1_2065,casillas,1693_S1_2065,Casilla S1 - Sección 1693,,false,false,,
casillas_1694_B_2066,casillas,1694_B_2066,Casilla B - Sección 1694,,false,false,,
casillas_1694_C1_2067,casillas,1694_C1_2067,Casilla C1 - Sección 1694,,false,false,,
casillas_1694_C2_2068,casillas,1694_C2_2068,Casilla C2 - Sección 1694,,false,false,,
casillas_1694_C3_2069,casillas,1694_C3_2069,Casilla C3 - Sección 1694,,false,false,,
casillas_1694_C4_2070,casillas,1694_C4_2070,Casilla C4 - Sección 1694,,false,false,,
casillas_1694_C5_2071,casillas,1694_C5_2071,Casilla C5 - Sección 1694,,false,false,,
casillas_1694_C6_2072,casillas,1694_C6_2072,Casilla C6 - Sección 1694,,false,false,,
casillas_1694_C7_2073,casillas,1694_C7_2073,Casilla C7 - Sección 1694,,false,false,,
casillas_1694_C8_2074,casillas,1694_C8_2074,Casilla C8 - Sección 1694,,false,false,,
casillas_1694_C9_2075,casillas,1694_C9_2075,Casilla C9 - Sección 1694,,false,false,,
casillas_1703_B_2076,casillas,1703_B_2076,Casilla B - Sección 1703,,false,false,,
casillas_1703_C1_2077,casillas,1703_C1_2077,Casilla C1 - Sección 1703,,false,false,,
casillas_1704_B_2078,casillas,1704_B_2078,Casilla B - Sección 1704,,false,false,,
casillas_1704_C1_2079,casillas,1704_C1_2079,Casilla C1 - Sección 1704,,false,false,,
casillas_1705_B_2080,casillas,1705_B_2080,Casilla B - Sección 1705,,false,false,,
casillas_1705_C2_2081,casillas,1705_C2_2081,Casilla C2 - Sección 1705,,false,false,,
casillas_1705_C1_2082,casillas,1705_C1_2082,Casilla C1 - Sección 1705,,false,false,,
casillas_1705_C3_2083,casillas,1705_C3_2083,Casilla C3 - Sección 1705,,false,false,,
casillas_1706_C7_2084,casillas,1706_C7_2084,Casilla C7 - Sección 1706,,false,false,,
casillas_1706_C8_2085,casillas,1706_C8_2085,Casilla C8 - Sección 1706,,false,false,,
casillas_1706_B_2086,casillas,1706_B_2086,Casilla B - Sección 1706,,false,false,,
casillas_1706_C1_2087,casillas,1706_C1_2087,Casilla C1 - Sección 1706,,false,false,,
casillas_1706_C10_2088,casillas,1706_C10_2088,Casilla C10 - Sección 1706,,false,false,,
casillas_1706_C11_2089,casillas,1706_C11_2089,Casilla C11 - Sección 1706,,false,false,,
casillas_1706_C12_2090,casillas,1706_C12_2090,Casilla C12 - Sección 1706,,false,false,,
casillas_1706_C2_2091,casillas,1706_C2_2091,Casilla C2 - Sección 1706,,false,false,,
casillas_1706_C3_2092,casillas,1706_C3_2092,Casilla C3 - Sección 1706,,false,false,,
casillas_1706_C4_2093,casillas,1706_C4_2093,Casilla C4 - Sección 1706,,false,false,,
casillas_1706_C5_2094,casillas,1706_C5_2094,Casilla C5 - Sección 1706,,false,false,,
casillas_1706_C6_2095,casillas,1706_C6_2095,Casilla C6 - Sección 1706,,false,false,,
casillas_1706_C9_2096,casillas,1706_C9_2096,Casilla C9 - Sección 1706,,false,false,,
casillas_1707_B_2097,casillas,1707_B_2097,Casilla B - Sección 1707,,false,false,,
casillas_1707_C1_2098,casillas,1707_C1_2098,Casilla C1 - Sección 1707,,false,false,,
casillas_1707_C2_2099,casillas,1707_C2_2099,Casilla C2 - Sección 1707,,false,false,,
casillas_1719_B_2100,casillas,1719_B_2100,Casilla B - Sección 1719,,false,false,,
casillas_1733_B_2101,casillas,1733_B_2101,Casilla B - Sección 1733,,false,false,,
casillas_1733_C1_2102,casillas,1733_C1_2102,Casilla C1 - Sección 1733,,false,false,,
casillas_1733_C2_2103,casillas,1733_C2_2103,Casilla C2 - Sección 1733,,false,false,,
casillas_1734_B_2104,casillas,1734_B_2104,Casilla B - Sección 1734,,false,false,,
casillas_1734_C1_2105,casillas,1734_C1_2105,Casilla C1 - Sección 1734,,false,false,,
casillas_1734_C2_2106,casillas,1734_C2_2106,Casilla C2 - Sección 1734,,false,false,,
casillas_1734_C3_2107,casillas,1734_C3_2107,Casilla C3 - Sección 1734,,false,false,,
casillas_1734_C4_2108,casillas,1734_C4_2108,Casilla C4 - Sección 1734,,false,false,,
casillas_1734_C5_2109,casillas,1734_C5_2109,Casilla C5 - Sección 1734,,false,false,,
casillas_1734_C6_2110,casillas,1734_C6_2110,Casilla C6 - Sección 1734,,false,false,,
casillas_1734_C7_2111,casillas,1734_C7_2111,Casilla C7 - Sección 1734,,false,false,,
casillas_1735_B_2112,casillas,1735_B_2112,Casilla B - Sección 1735,,false,false,,
casillas_1736_B_2113,casillas,1736_B_2113,Casilla B - Sección 1736,,false,false,,
casillas_1736_C1_2114,casillas,1736_C1_2114,Casilla C1 - Sección 1736,,false,false,,
casillas_1736_C2_2115,casillas,1736_C2_2115,Casilla C2 - Sección 1736,,false,false,,
casillas_1741_B_2116,casillas,1741_B_2116,Casilla B - Sección 1741,,false,false,,
casillas_1742_B_2117,casillas,1742_B_2117,Casilla B - Sección 1742,,false,false,,
casillas_1743_C3_2118,casillas,1743_C3_2118,Casilla C3 - Sección 1743,,false,false,,
casillas_1743_C4_2119,casillas,1743_C4_2119,Casilla C4 - Sección 1743,,false,false,,
casillas_1743_B_2120,casillas,1743_B_2120,Casilla B - Sección 1743,,false,false,,
casillas_1743_C1_2121,casillas,1743_C1_2121,Casilla C1 - Sección 1743,,false,false,,
casillas_1743_C2_2122,casillas,1743_C2_2122,Casilla C2 - Sección 1743,,false,false,,
casillas_1744_B_2123,casillas,1744_B_2123,Casilla B - Sección 1744,,false,false,,
casillas_1744_C1_2124,casillas,1744_C1_2124,Casilla C1 - Sección 1744,,false,false,,
casillas_1745_B_2125,casillas,1745_B_2125,Casilla B - Sección 1745,,false,false,,
casillas_1745_C1_2126,casillas,1745_C1_2126,Casilla C1 - Sección 1745,,false,false,,
casillas_1745_C2_2127,casillas,1745_C2_2127,Casilla C2 - Sección 1745,,false,false,,
casillas_1746_B_2128,casillas,1746_B_2128,Casilla B - Sección 1746,,false,false,,
casillas_1746_C1_2129,casillas,1746_C1_2129,Casilla C1 - Sección 1746,,false,false,,
casillas_1746_S1_2130,casillas,1746_S1_2130,Casilla S1 - Sección 1746,,false,false,,
casillas_1750_B_2131,casillas,1750_B_2131,Casilla B - Sección 1750,,false,false,,
casillas_1750_C1_2132,casillas,1750_C1_2132,Casilla C1 - Sección 1750,,false,false,,
casillas_1751_B_2133,casillas,1751_B_2133,Casilla B - Sección 1751,,false,false,,
casillas_1753_B_2134,casillas,1753_B_2134,Casilla B - Sección 1753,,false,false,,
casillas_1753_C1_2135,casillas,1753_C1_2135,Casilla C1 - Sección 1753,,false,false,,
casillas_1754_B_2136,casillas,1754_B_2136,Casilla B - Sección 1754,,false,false,,
casillas_1754_C1_2137,casillas,1754_C1_2137,Casilla C1 - Sección 1754,,false,false,,
casillas_1754_C5_2138,casillas,1754_C5_2138,Casilla C5 - Sección 1754,,false,false,,
casillas_1754_C6_2139,casillas,1754_C6_2139,Casilla C6 - Sección 1754,,false,false,,
casillas_1754_C4_2140,casillas,1754_C4_2140,Casilla C4 - Sección 1754,,false,false,,
casillas_1754_C2_2141,casillas,1754_C2_2141,Casilla C2 - Sección 1754,,false,false,,
casillas_1754_C3_2142,casillas,1754_C3_2142,Casilla C3 - Sección 1754,,false,false,,
casillas_1754_C7_2143,casillas,1754_C7_2143,Casilla C7 - Sección 1754,,false,false,,
casillas_1755_B_2144,casillas,1755_B_2144,Casilla B - Sección 1755,,false,false,,
casillas_1755_C1_2145,casillas,1755_C1_2145,Casilla C1 - Sección 1755,,false,false,,
casillas_1755_C2_2146,casillas,1755_C2_2146,Casilla C2 - Sección 1755,,false,false,,
casillas_1755_C3_2147,casillas,1755_C3_2147,Casilla C3 - Sección 1755,,false,false,,
casillas_1756_B_2148,casillas,1756_B_2148,Casilla B - Sección 1756,,false,false,,
casillas_1756_C1_2149,casillas,1756_C1_2149,Casilla C1 - Sección 1756,,false,false,,
casillas_1756_C2_2150,casillas,1756_C2_2150,Casilla C2 - Sección 1756,,false,false,,
casillas_1756_C3_2151,casillas,1756_C3_2151,Casilla C3 - Sección 1756,,false,false,,
casillas_1756_C4_2152,casillas,1756_C4_2152,Casilla C4 - Sección 1756,,false,false,,
casillas_1757_B_2153,casillas,1757_B_2153,Casilla B - Sección 1757,,false,false,,
casillas_1757_C1_2154,casillas,1757_C1_2154,Casilla C1 - Sección 1757,,false,false,,
casillas_1757_C2_2155,casillas,1757_C2_2155,Casilla C2 - Sección 1757,,false,false,,
casillas_1758_B_2156,casillas,1758_B_2156,Casilla B - Sección 1758,,false,false,,
casillas_1758_C1_2157,casillas,1758_C1_2157,Casilla C1 - Sección 1758,,false,false,,
casillas_1758_C2_2158,casillas,1758_C2_2158,Casilla C2 - Sección 1758,,false,false,,
casillas_1758_C3_2159,casillas,1758_C3_2159,Casilla C3 - Sección 1758,,false,false,,
casillas_1758_C4_2160,casillas,1758_C4_2160,Casilla C4 - Sección 1758,,false,false,,
casillas_1758_C5_2161,casillas,1758_C5_2161,Casilla C5 - Sección 1758,,false,false,,
casillas_1758_C6_2162,casillas,1758_C6_2162,Casilla C6 - Sección 1758,,false,false,,
casillas_1758_C7_2163,casillas,1758_C7_2163,Casilla C7 - Sección 1758,,false,false,,
casillas_1758_C8_2164,casillas,1758_C8_2164,Casilla C8 - Sección 1758,,false,false,,
casillas_1758_C9_2165,casillas,1758_C9_2165,Casilla C9 - Sección 1758,,false,false,,
casillas_1759_B_2166,casillas,1759_B_2166,Casilla B - Sección 1759,,false,false,,
casillas_1760_B_2167,casillas,1760_B_2167,Casilla B - Sección 1760,,false,false,,
casillas_1760_C1_2168,casillas,1760_C1_2168,Casilla C1 - Sección 1760,,false,false,,
casillas_1765_B_2169,casillas,1765_B_2169,Casilla B - Sección 1765,,false,false,,
casillas_1766_B_2170,casillas,1766_B_2170,Casilla B - Sección 1766,,false,false,,
casillas_1766_C1_2171,casillas,1766_C1_2171,Casilla C1 - Sección 1766,,false,false,,
casillas_1768_B_2172,casillas,1768_B_2172,Casilla B - Sección 1768,,false,false,,
casillas_1769_B_2173,casillas,1769_B_2173,Casilla B - Sección 1769,,false,false,,
casillas_1769_C1_2174,casillas,1769_C1_2174,Casilla C1 - Sección 1769,,false,false,,
casillas_1770_B_2175,casillas,1770_B_2175,Casilla B - Sección 1770,,false,false,,
casillas_1771_B_2176,casillas,1771_B_2176,Casilla B - Sección 1771,,false,false,,
casillas_1773_B_2177,casillas,1773_B_2177,Casilla B - Sección 1773,,false,false,,
casillas_1773_C1_2178,casillas,1773_C1_2178,Casilla C1 - Sección 1773,,false,false,,
casillas_1774_B_2179,casillas,1774_B_2179,Casilla B - Sección 1774,,false,false,,
casillas_1774_C1_2180,casillas,1774_C1_2180,Casilla C1 - Sección 1774,,false,false,,
casillas_1775_B_2181,casillas,1775_B_2181,Casilla B - Sección 1775,,false,false,,
casillas_1775_C1_2182,casillas,1775_C1_2182,Casilla C1 - Sección 1775,,false,false,,
casillas_1776_B_2183,casillas,1776_B_2183,Casilla B - Sección 1776,,false,false,,
casillas_1777_B_2184,casillas,1777_B_2184,Casilla B - Sección 1777,,false,false,,
casillas_1785_B_2185,casillas,1785_B_2185,Casilla B - Sección 1785,,false,false,,
casillas_1786_B_2186,casillas,1786_B_2186,Casilla B - Sección 1786,,false,false,,
casillas_1787_B_2187,casillas,1787_B_2187,Casilla B - Sección 1787,,false,false,,
casillas_1787_C1_2188,casillas,1787_C1_2188,Casilla C1 - Sección 1787,,false,false,,
casillas_1788_B_2189,casillas,1788_B_2189,Casilla B - Sección 1788,,false,false,,
casillas_1789_B_2190,casillas,1789_B_2190,Casilla B - Sección 1789,,false,false,,
casillas_1790_B_2191,casillas,1790_B_2191,Casilla B - Sección 1790,,false,false,,
casillas_1790_C1_2192,casillas,1790_C1_2192,Casilla C1 - Sección 1790,,false,false,,
casillas_1791_B_2193,casillas,1791_B_2193,Casilla B - Sección 1791,,false,false,,
casillas_1792_B_2194,casillas,1792_B_2194,Casilla B - Sección 1792,,false,false,,
casillas_1793_B_2195,casillas,1793_B_2195,Casilla B - Sección 1793,,false,false,,
casillas_1793_C1_2196,casillas,1793_C1_2196,Casilla C1 - Sección 1793,,false,false,,
casillas_1794_B_2197,casillas,1794_B_2197,Casilla B - Sección 1794,,false,false,,
casillas_1794_C1_2198,casillas,1794_C1_2198,Casilla C1 - Sección 1794,,false,false,,
casillas_1795_B_2199,casillas,1795_B_2199,Casilla B - Sección 1795,,false,false,,
casillas_1795_C1_2200,casillas,1795_C1_2200,Casilla C1 - Sección 1795,,false,false,,
casillas_1796_B_2201,casillas,1796_B_2201,Casilla B - Sección 1796,,false,false,,
casillas_1796_C1_2202,casillas,1796_C1_2202,Casilla C1 - Sección 1796,,false,false,,
casillas_1797_B_2203,casillas,1797_B_2203,Casilla B - Sección 1797,,false,false,,
casillas_1797_C1_2204,casillas,1797_C1_2204,Casilla C1 - Sección 1797,,false,false,,
casillas_1798_B_2205,casillas,1798_B_2205,Casilla B - Sección 1798,,false,false,,
casillas_1799_B_2206,casillas,1799_B_2206,Casilla B - Sección 1799,,false,false,,
casillas_1799_C1_2207,casillas,1799_C1_2207,Casilla C1 - Sección 1799,,false,false,,
casillas_1800_B_2208,casillas,1800_B_2208,Casilla B - Sección 1800,,false,false,,
casillas_1801_B_2209,casillas,1801_B_2209,Casilla B - Sección 1801,,false,false,,
casillas_1804_B_2210,casillas,1804_B_2210,Casilla B - Sección 1804,,false,false,,
casillas_1805_B_2211,casillas,1805_B_2211,Casilla B - Sección 1805,,false,false,,
casillas_1811_C1_2212,casillas,1811_C1_2212,Casilla C1 - Sección 1811,,false,false,,
casillas_1811_B_2213,casillas,1811_B_2213,Casilla B - Sección 1811,,false,false,,
casillas_1828_B_2214,casillas,1828_B_2214,Casilla B - Sección 1828,,false,false,,
casillas_1828_C1_2215,casillas,1828_C1_2215,Casilla C1 - Sección 1828,,false,false,,
casillas_1829_B_2216,casillas,1829_B_2216,Casilla B - Sección 1829,,false,false,,
casillas_1829_C1_2217,casillas,1829_C1_2217,Casilla C1 - Sección 1829,,false,false,,
casillas_1830_B_2218,casillas,1830_B_2218,Casilla B - Sección 1830,,false,false,,
casillas_1830_C1_2219,casillas,1830_C1_2219,Casilla C1 - Sección 1830,,false,false,,
casillas_1949_B_2220,casillas,1949_B_2220,Casilla B - Sección 1949,,false,false,,
casillas_1949_C1_2221,casillas,1949_C1_2221,Casilla C1 - Sección 1949,,false,false,,
casillas_3028_B_2222,casillas,3028_B_2222,Casilla B - Sección 3028,,false,false,,
casillas_3028_C1_2223,casillas,3028_C1_2223,Casilla C1 - Sección 3028,,false,false,,
casillas_3029_B_2224,casillas,3029_B_2224,Casilla B - Sección 3029,,false,false,,
casillas_3029_C1_2225,casillas,3029_C1_2225,Casilla C1 - Sección 3029,,false,false,,
casillas_3031_B_2226,casillas,3031_B_2226,Casilla B - Sección 3031,,false,false,,
casillas_3032_B_2227,casillas,3032_B_2227,Casilla B - Sección 3032,,false,false,,
casillas_3032_C1_2228,casillas,3032_C1_2228,Casilla C1 - Sección 3032,,false,false,,
casillas_3033_B_2229,casillas,3033_B_2229,Casilla B - Sección 3033,,false,false,,
casillas_3035_B_2230,casillas,3035_B_2230,Casilla B - Sección 3035,,false,false,,
casillas_3036_B_2231,casillas,3036_B_2231,Casilla B - Sección 3036,,false,false,,
casillas_3037_B_2232,casillas,3037_B_2232,Casilla B - Sección 3037,,false,false,,
casillas_3309_B_2233,casillas,3309_B_2233,Casilla B - Sección 3309,,false,false,,
casillas_3309_C1_2234,casillas,3309_C1_2234,Casilla C1 - Sección 3309,,false,false,,
casillas_3309_C2_2235,casillas,3309_C2_2235,Casilla C2 - Sección 3309,,false,false,,
casillas_3309_C3_2236,casillas,3309_C3_2236,Casilla C3 - Sección 3309,,false,false,,
casillas_3309_C4_2237,casillas,3309_C4_2237,Casilla C4 - Sección 3309,,false,false,,
casillas_3310_B_2238,casillas,3310_B_2238,Casilla B - Sección 3310,,false,false,,
casillas_3310_C1_2239,casillas,3310_C1_2239,Casilla C1 - Sección 3310,,false,false,,
casillas_3310_C2_2240,casillas,3310_C2_2240,Casilla C2 - Sección 3310,,false,false,,
casillas_3311_B_2241,casillas,3311_B_2241,Casilla B - Sección 3311,,false,false,,
casillas_3311_C1_2242,casillas,3311_C1_2242,Casilla C1 - Sección 3311,,false,false,,
casillas_3311_C2_2243,casillas,3311_C2_2243,Casilla C2 - Sección 3311,,false,false,,
casillas_3312_B_2244,casillas,3312_B_2244,Casilla B - Sección 3312,,false,false,,
casillas_3312_C1_2245,casillas,3312_C1_2245,Casilla C1 - Sección 3312,,false,false,,
casillas_3313_B_2246,casillas,3313_B_2246,Casilla B - Sección 3313,,false,false,,
casillas_3313_C1_2247,casillas,3313_C1_2247,Casilla C1 - Sección 3313,,false,false,,
casillas_3313_C2_2248,casillas,3313_C2_2248,Casilla C2 - Sección 3313,,false,false,,
casillas_3313_C3_2249,casillas,3313_C3_2249,Casilla C3 - Sección 3313,,false,false,,
casillas_3313_C4_2250,casillas,3313_C4_2250,Casilla C4 - Sección 3313,,false,false,,
casillas_3314_B_2251,casillas,3314_B_2251,Casilla B - Sección 3314,,false,false,,
casillas_3314_C1_2252,casillas,3314_C1_2252,Casilla C1 - Sección 3314,,false,false,,
casillas_3314_C2_2253,casillas,3314_C2_2253,Casilla C2 - Sección 3314,,false,false,,
casillas_3332_B_2254,casillas,3332_B_2254,Casilla B - Sección 3332,,false,false,,
casillas_3332_C1_2255,casillas,3332_C1_2255,Casilla C1 - Sección 3332,,false,false,,
casillas_3332_C2_2256,casillas,3332_C2_2256,Casilla C2 - Sección 3332,,false,false,,
casillas_3332_C3_2257,casillas,3332_C3_2257,Casilla C3 - Sección 3332,,false,false,,
casillas_3333_C3_2258,casillas,3333_C3_2258,Casilla C3 - Sección 3333,,false,false,,
casillas_3333_C1_2259,casillas,3333_C1_2259,Casilla C1 - Sección 3333,,false,false,,
casillas_3333_C2_2260,casillas,3333_C2_2260,Casilla C2 - Sección 3333,,false,false,,
casillas_3333_B_2261,casillas,3333_B_2261,Casilla B - Sección 3333,,false,false,,
casillas_3334_B_2262,casillas,3334_B_2262,Casilla B - Sección 3334,,false,false,,
casillas_3334_C1_2263,casillas,3334_C1_2263,Casilla C1 - Sección 3334,,false,false,,
casillas_3334_C2_2264,casillas,3334_C2_2264,Casilla C2 - Sección 3334,,false,false,,
casillas_3335_B_2265,casillas,3335_B_2265,Casilla B - Sección 3335,,false,false,,
casillas_3335_C1_2266,casillas,3335_C1_2266,Casilla C1 - Sección 3335,,false,false,,
casillas_3335_C2_2267,casillas,3335_C2_2267,Casilla C2 - Sección 3335,,false,false,,
casillas_3336_B_2268,casillas,3336_B_2268,Casilla B - Sección 3336,,false,false,,
casillas_3336_C1_2269,casillas,3336_C1_2269,Casilla C1 - Sección 3336,,false,false,,
casillas_1749_C1_2270,casillas,1749_C1_2270,Casilla C1 - Sección 1749,,false,false,,
casillas_1749_C2_2271,casillas,1749_C2_2271,Casilla C2 - Sección 1749,,false,false,,
casillas_1749_B_2272,casillas,1749_B_2272,Casilla B - Sección 1749,,false,false,,
casillas_1761_B_2273,casillas,1761_B_2273,Casilla B - Sección 1761,,false,false,,
casillas_1762_B_2274,casillas,1762_B_2274,Casilla B - Sección 1762,,false,false,,
casillas_1763_B_2275,casillas,1763_B_2275,Casilla B - Sección 1763,,false,false,,
casillas_1763_C1_2276,casillas,1763_C1_2276,Casilla C1 - Sección 1763,,false,false,,
casillas_1763_C2_2277,casillas,1763_C2_2277,Casilla C2 - Sección 1763,,false,false,,
casillas_1764_B_2278,casillas,1764_B_2278,Casilla B - Sección 1764,,false,false,,
casillas_1764_C1_2279,casillas,1764_C1_2279,Casilla C1 - Sección 1764,,false,false,,
casillas_1767_B_2280,casillas,1767_B_2280,Casilla B - Sección 1767,,false,false,,
casillas_1767_C1_2281,casillas,1767_C1_2281,Casilla C1 - Sección 1767,,false,false,,
casillas_1778_B_2282,casillas,1778_B_2282,Casilla B - Sección 1778,,false,false,,
casillas_1778_C1_2283,casillas,1778_C1_2283,Casilla C1 - Sección 1778,,false,false,,
casillas_1779_B_2284,casillas,1779_B_2284,Casilla B - Sección 1779,,false,false,,
casillas_1779_C1_2285,casillas,1779_C1_2285,Casilla C1 - Sección 1779,,false,false,,
casillas_1780_B_2286,casillas,1780_B_2286,Casilla B - Sección 1780,,false,false,,
casillas_1781_B_2287,casillas,1781_B_2287,Casilla B - Sección 1781,,false,false,,
casillas_1782_B_2288,casillas,1782_B_2288,Casilla B - Sección 1782,,false,false,,
casillas_1783_B_2289,casillas,1783_B_2289,Casilla B - Sección 1783,,false,false,,
casillas_1783_C1_2290,casillas,1783_C1_2290,Casilla C1 - Sección 1783,,false,false,,
casillas_1784_B_2291,casillas,1784_B_2291,Casilla B - Sección 1784,,false,false,,
casillas_1784_C1_2292,casillas,1784_C1_2292,Casilla C1 - Sección 1784,,false,false,,
casillas_1802_B_2293,casillas,1802_B_2293,Casilla B - Sección 1802,,false,false,,
casillas_1803_B_2294,casillas,1803_B_2294,Casilla B - Sección 1803,,false,false,,
casillas_2096_B_2295,casillas,2096_B_2295,Casilla B - Sección 2096,,false,false,,
casillas_2097_B_2296,casillas,2097_B_2296,Casilla B - Sección 2097,,false,false,,
casillas_2097_C1_2297,casillas,2097_C1_2297,Casilla C1 - Sección 2097,,false,false,,
casillas_2098_B_2298,casillas,2098_B_2298,Casilla B - Sección 2098,,false,false,,
casillas_2098_C1_2299,casillas,2098_C1_2299,Casilla C1 - Sección 2098,,false,false,,
casillas_2099_B_2300,casillas,2099_B_2300,Casilla B - Sección 2099,,false,false,,
casillas_2100_B_2301,casillas,2100_B_2301,Casilla B - Sección 2100,,false,false,,
casillas_2100_C1_2302,casillas,2100_C1_2302,Casilla C1 - Sección 2100,,false,false,,
casillas_2105_B_2303,casillas,2105_B_2303,Casilla B - Sección 2105,,false,false,,
casillas_2105_C1_2304,casillas,2105_C1_2304,Casilla C1 - Sección 2105,,false,false,,
casillas_2106_B_2305,casillas,2106_B_2305,Casilla B - Sección 2106,,false,false,,
casillas_2106_C1_2306,casillas,2106_C1_2306,Casilla C1 - Sección 2106,,false,false,,
casillas_2107_B_2307,casillas,2107_B_2307,Casilla B - Sección 2107,,false,false,,
casillas_2107_C1_2308,casillas,2107_C1_2308,Casilla C1 - Sección 2107,,false,false,,
casillas_2108_B_2309,casillas,2108_B_2309,Casilla B - Sección 2108,,false,false,,
casillas_2108_C1_2310,casillas,2108_C1_2310,Casilla C1 - Sección 2108,,false,false,,
casillas_2109_B_2311,casillas,2109_B_2311,Casilla B - Sección 2109,,false,false,,
casillas_2109_C1_2312,casillas,2109_C1_2312,Casilla C1 - Sección 2109,,false,false,,
casillas_2110_B_2313,casillas,2110_B_2313,Casilla B - Sección 2110,,false,false,,
casillas_2111_B_2314,casillas,2111_B_2314,Casilla B - Sección 2111,,false,false,,
casillas_2111_C1_2315,casillas,2111_C1_2315,Casilla C1 - Sección 2111,,false,false,,
casillas_2112_B_2316,casillas,2112_B_2316,Casilla B - Sección 2112,,false,false,,
casillas_2112_C1_2317,casillas,2112_C1_2317,Casilla C1 - Sección 2112,,false,false,,
casillas_2124_B_2318,casillas,2124_B_2318,Casilla B - Sección 2124,,false,false,,
casillas_2125_B_2319,casillas,2125_B_2319,Casilla B - Sección 2125,,false,false,,
casillas_2126_B_2320,casillas,2126_B_2320,Casilla B - Sección 2126,,false,false,,
casillas_2128_B_2321,casillas,2128_B_2321,Casilla B - Sección 2128,,false,false,,
casillas_2129_B_2322,casillas,2129_B_2322,Casilla B - Sección 2129,,false,false,,
casillas_2129_C1_2323,casillas,2129_C1_2323,Casilla C1 - Sección 2129,,false,false,,
casillas_2130_B_2324,casillas,2130_B_2324,Casilla B - Sección 2130,,false,false,,
casillas_2130_C1_2325,casillas,2130_C1_2325,Casilla C1 - Sección 2130,,false,false,,
casillas_2130_C2_2326,casillas,2130_C2_2326,Casilla C2 - Sección 2130,,false,false,,
casillas_2130_C3_2327,casillas,2130_C3_2327,Casilla C3 - Sección 2130,,false,false,,
casillas_2131_B_2328,casillas,2131_B_2328,Casilla B - Sección 2131,,false,false,,
casillas_2131_C1_2329,casillas,2131_C1_2329,Casilla C1 - Sección 2131,,false,false,,
casillas_2131_C2_2330,casillas,2131_C2_2330,Casilla C2 - Sección 2131,,false,false,,
casillas_2131_C3_2331,casillas,2131_C3_2331,Casilla C3 - Sección 2131,,false,false,,
casillas_2131_C4_2332,casillas,2131_C4_2332,Casilla C4 - Sección 2131,,false,false,,
casillas_2132_B_2333,casillas,2132_B_2333,Casilla B - Sección 2132,,false,false,,
casillas_2132_C1_2334,casillas,2132_C1_2334,Casilla C1 - Sección 2132,,false,false,,
casillas_2146_B_2335,casillas,2146_B_2335,Casilla B - Sección 2146,,false,false,,
casillas_2147_B_2336,casillas,2147_B_2336,Casilla B - Sección 2147,,false,false,,
casillas_2148_B_2337,casillas,2148_B_2337,Casilla B - Sección 2148,,false,false,,
casillas_2149_B_2338,casillas,2149_B_2338,Casilla B - Sección 2149,,false,false,,
casillas_2149_C1_2339,casillas,2149_C1_2339,Casilla C1 - Sección 2149,,false,false,,
casillas_2150_B_2340,casillas,2150_B_2340,Casilla B - Sección 2150,,false,false,,
casillas_2151_B_2341,casillas,2151_B_2341,Casilla B - Sección 2151,,false,false,,
casillas_2159_B_2342,casillas,2159_B_2342,Casilla B - Sección 2159,,false,false,,
casillas_2159_C1_2343,casillas,2159_C1_2343,Casilla C1 - Sección 2159,,false,false,,
casillas_2163_B_2344,casillas,2163_B_2344,Casilla B - Sección 2163,,false,false,,
casillas_17_B_2345,casillas,17_B_2345,Casilla B - Sección 17,,false,false,,
casillas_17_C1_2346,casillas,17_C1_2346,Casilla C1 - Sección 17,,false,false,,
casillas_17_C2_2347,casillas,17_C2_2347,Casilla C2 - Sección 17,,false,false,,
casillas_17_C3_2348,casillas,17_C3_2348,Casilla C3 - Sección 17,,false,false,,
casillas_17_C4_2349,casillas,17_C4_2349,Casilla C4 - Sección 17,,false,false,,
casillas_17_C5_2350,casillas,17_C5_2350,Casilla C5 - Sección 17,,false,false,,
casillas_18_B_2351,casillas,18_B_2351,Casilla B - Sección 18,,false,false,,
casillas_18_C1_2352,casillas,18_C1_2352,Casilla C1 - Sección 18,,false,false,,
casillas_18_C2_2353,casillas,18_C2_2353,Casilla C2 - Sección 18,,false,false,,
casillas_19_B_2354,casillas,19_B_2354,Casilla B - Sección 19,,false,false,,
casillas_19_C1_2355,casillas,19_C1_2355,Casilla C1 - Sección 19,,false,false,,
casillas_19_C2_2356,casillas,19_C2_2356,Casilla C2 - Sección 19,,false,false,,
casillas_20_B_2357,casillas,20_B_2357,Casilla B - Sección 20,,false,false,,
casillas_20_C1_2358,casillas,20_C1_2358,Casilla C1 - Sección 20,,false,false,,
casillas_21_B_2359,casillas,21_B_2359,Casilla B - Sección 21,,false,false,,
casillas_22_B_2360,casillas,22_B_2360,Casilla B - Sección 22,,false,false,,
casillas_22_C1_2361,casillas,22_C1_2361,Casilla C1 - Sección 22,,false,false,,
casillas_23_B_2362,casillas,23_B_2362,Casilla B - Sección 23,,false,false,,
casillas_23_C1_2363,casillas,23_C1_2363,Casilla C1 - Sección 23,,false,false,,
casillas_24_B_2364,casillas,24_B_2364,Casilla B - Sección 24,,false,false,,
casillas_24_C1_2365,casillas,24_C1_2365,Casilla C1 - Sección 24,,false,false,,
casillas_25_B_2366,casillas,25_B_2366,Casilla B - Sección 25,,false,false,,
casillas_26_B_2367,casillas,26_B_2367,Casilla B - Sección 26,,false,false,,
casillas_27_B_2368,casillas,27_B_2368,Casilla B - Sección 27,,false,false,,
casillas_27_C1_2369,casillas,27_C1_2369,Casilla C1 - Sección 27,,false,false,,
casillas_28_B_2370,casillas,28_B_2370,Casilla B - Sección 28,,false,false,,
casillas_28_C1_2371,casillas,28_C1_2371,Casilla C1 - Sección 28,,false,false,,
casillas_28_C2_2372,casillas,28_C2_2372,Casilla C2 - Sección 28,,false,false,,
casillas_30_B_2373,casillas,30_B_2373,Casilla B - Sección 30,,false,false,,
casillas_31_B_2374,casillas,31_B_2374,Casilla B - Sección 31,,false,false,,
casillas_32_B_2375,casillas,32_B_2375,Casilla B - Sección 32,,false,false,,
casillas_33_B_2376,casillas,33_B_2376,Casilla B - Sección 33,,false,false,,
casillas_34_B_2377,casillas,34_B_2377,Casilla B - Sección 34,,false,false,,
casillas_34_C1_2378,casillas,34_C1_2378,Casilla C1 - Sección 34,,false,false,,
casillas_34_C2_2379,casillas,34_C2_2379,Casilla C2 - Sección 34,,false,false,,
casillas_35_B_2380,casillas,35_B_2380,Casilla B - Sección 35,,false,false,,
casillas_36_B_2381,casillas,36_B_2381,Casilla B - Sección 36,,false,false,,
casillas_37_B_2382,casillas,37_B_2382,Casilla B - Sección 37,,false,false,,
casillas_3218_B_2383,casillas,3218_B_2383,Casilla B - Sección 3218,,false,false,,
casillas_3218_C1_2384,casillas,3218_C1_2384,Casilla C1 - Sección 3218,,false,false,,
casillas_3218_C2_2385,casillas,3218_C2_2385,Casilla C2 - Sección 3218,,false,false,,
casillas_3218_C3_2386,casillas,3218_C3_2386,Casilla C3 - Sección 3218,,false,false,,
casillas_56_B_2387,casillas,56_B_2387,Casilla B - Sección 56,,false,false,,
casillas_56_C1_2388,casillas,56_C1_2388,Casilla C1 - Sección 56,,false,false,,
casillas_56_C2_2389,casillas,56_C2_2389,Casilla C2 - Sección 56,,false,false,,
casillas_57_B_2390,casillas,57_B_2390,Casilla B - Sección 57,,false,false,,
casillas_3337_B_2391,casillas,3337_B_2391,Casilla B - Sección 3337,,false,false,,
casillas_3337_C1_2392,casillas,3337_C1_2392,Casilla C1 - Sección 3337,,false,false,,
casillas_3337_C2_2393,casillas,3337_C2_2393,Casilla C2 - Sección 3337,,false,false,,
casillas_3338_B_2394,casillas,3338_B_2394,Casilla B - Sección 3338,,false,false,,
casillas_3338_C1_2395,casillas,3338_C1_2395,Casilla C1 - Sección 3338,,false,false,,
casillas_3338_C2_2396,casillas,3338_C2_2396,Casilla C2 - Sección 3338,,false,false,,
casillas_3339_B_2397,casillas,3339_B_2397,Casilla B - Sección 3339,,false,false,,
casillas_3339_C1_2398,casillas,3339_C1_2398,Casilla C1 - Sección 3339,,false,false,,
casillas_3339_C2_2399,casillas,3339_C2_2399,Casilla C2 - Sección 3339,,false,false,,
casillas_3339_C3_2400,casillas,3339_C3_2400,Casilla C3 - Sección 3339,,false,false,,
casillas_3340_B_2401,casillas,3340_B_2401,Casilla B - Sección 3340,,false,false,,
casillas_3340_C1_2402,casillas,3340_C1_2402,Casilla C1 - Sección 3340,,false,false,,
casillas_3341_B_2403,casillas,3341_B_2403,Casilla B - Sección 3341,,false,false,,
casillas_3341_C1_2404,casillas,3341_C1_2404,Casilla C1 - Sección 3341,,false,false,,
casillas_3341_C2_2405,casillas,3341_C2_2405,Casilla C2 - Sección 3341,,false,false,,
casillas_3342_B_2406,casillas,3342_B_2406,Casilla B - Sección 3342,,false,false,,
casillas_3342_C1_2407,casillas,3342_C1_2407,Casilla C1 - Sección 3342,,false,false,,
casillas_3342_C2_2408,casillas,3342_C2_2408,Casilla C2 - Sección 3342,,false,false,,
casillas_3342_C3_2409,casillas,3342_C3_2409,Casilla C3 - Sección 3342,,false,false,,
casillas_3343_B_2410,casillas,3343_B_2410,Casilla B - Sección 3343,,false,false,,
casillas_3343_C1_2411,casillas,3343_C1_2411,Casilla C1 - Sección 3343,,false,false,,
casillas_3343_C2_2412,casillas,3343_C2_2412,Casilla C2 - Sección 3343,,false,false,,
casillas_261_B_2413,casillas,261_B_2413,Casilla B - Sección 261,,false,false,,
casillas_261_C1_2414,casillas,261_C1_2414,Casilla C1 - Sección 261,,false,false,,
casillas_264_B_2415,casillas,264_B_2415,Casilla B - Sección 264,,false,false,,
casillas_265_B_2416,casillas,265_B_2416,Casilla B - Sección 265,,false,false,,
casillas_2266_B_2417,casillas,2266_B_2417,Casilla B - Sección 2266,,false,false,,
casillas_2266_C1_2418,casillas,2266_C1_2418,Casilla C1 - Sección 2266,,false,false,,
casillas_2267_B_2419,casillas,2267_B_2419,Casilla B - Sección 2267,,false,false,,
casillas_2267_C1_2420,casillas,2267_C1_2420,Casilla C1 - Sección 2267,,false,false,,
casillas_2268_B_2421,casillas,2268_B_2421,Casilla B - Sección 2268,,false,false,,
casillas_2269_B_2422,casillas,2269_B_2422,Casilla B - Sección 2269,,false,false,,
casillas_2270_B_2423,casillas,2270_B_2423,Casilla B - Sección 2270,,false,false,,
casillas_2288_B_2424,casillas,2288_B_2424,Casilla B - Sección 2288,,false,false,,
casillas_2288_C1_2425,casillas,2288_C1_2425,Casilla C1 - Sección 2288,,false,false,,
casillas_2288_C2_2426,casillas,2288_C2_2426,Casilla C2 - Sección 2288,,false,false,,
casillas_2288_C3_2427,casillas,2288_C3_2427,Casilla C3 - Sección 2288,,false,false,,
casillas_2289_B_2428,casillas,2289_B_2428,Casilla B - Sección 2289,,false,false,,
casillas_2289_C1_2429,casillas,2289_C1_2429,Casilla C1 - Sección 2289,,false,false,,
casillas_2290_B_2430,casillas,2290_B_2430,Casilla B - Sección 2290,,false,false,,
casillas_2290_C1_2431,casillas,2290_C1_2431,Casilla C1 - Sección 2290,,false,false,,
casillas_2290_C2_2432,casillas,2290_C2_2432,Casilla C2 - Sección 2290,,false,false,,
casillas_2291_B_2433,casillas,2291_B_2433,Casilla B - Sección 2291,,false,false,,
casillas_2291_C1_2434,casillas,2291_C1_2434,Casilla C1 - Sección 2291,,false,false,,
casillas_2291_C2_2435,casillas,2291_C2_2435,Casilla C2 - Sección 2291,,false,false,,
casillas_2291_C3_2436,casillas,2291_C3_2436,Casilla C3 - Sección 2291,,false,false,,
casillas_2292_B_2437,casillas,2292_B_2437,Casilla B - Sección 2292,,false,false,,
casillas_2292_C1_2438,casillas,2292_C1_2438,Casilla C1 - Sección 2292,,false,false,,
casillas_2292_C2_2439,casillas,2292_C2_2439,Casilla C2 - Sección 2292,,false,false,,
casillas_2293_B_2440,casillas,2293_B_2440,Casilla B - Sección 2293,,false,false,,
casillas_2294_B_2441,casillas,2294_B_2441,Casilla B - Sección 2294,,false,false,,
casillas_2294_C1_2442,casillas,2294_C1_2442,Casilla C1 - Sección 2294,,false,false,,
casillas_2295_B_2443,casillas,2295_B_2443,Casilla B - Sección 2295,,false,false,,
casillas_2296_B_2444,casillas,2296_B_2444,Casilla B - Sección 2296,,false,false,,
casillas_2297_B_2445,casillas,2297_B_2445,Casilla B - Sección 2297,,false,false,,
casillas_2298_B_2446,casillas,2298_B_2446,Casilla B - Sección 2298,,false,false,,
casillas_2299_B_2447,casillas,2299_B_2447,Casilla B - Sección 2299,,false,false,,
casillas_2300_B_2448,casillas,2300_B_2448,Casilla B - Sección 2300,,false,false,,
casillas_2300_C1_2449,casillas,2300_C1_2449,Casilla C1 - Sección 2300,,false,false,,
casillas_2301_B_2450,casillas,2301_B_2450,Casilla B - Sección 2301,,false,false,,
casillas_2302_B_2451,casillas,2302_B_2451,Casilla B - Sección 2302,,false,false,,
casillas_2302_C1_2452,casillas,2302_C1_2452,Casilla C1 - Sección 2302,,false,false,,
casillas_2302_C2_2453,casillas,2302_C2_2453,Casilla C2 - Sección 2302,,false,false,,
casillas_2302_S1_2454,casillas,2302_S1_2454,Casilla S1 - Sección 2302,,false,false,,
casillas_2303_B_2455,casillas,2303_B_2455,Casilla B - Sección 2303,,false,false,,
casillas_2303_C1_2456,casillas,2303_C1_2456,Casilla C1 - Sección 2303,,false,false,,
casillas_2304_B_2457,casillas,2304_B_2457,Casilla B - Sección 2304,,false,false,,
casillas_2304_C1_2458,casillas,2304_C1_2458,Casilla C1 - Sección 2304,,false,false,,
casillas_2305_B_2459,casillas,2305_B_2459,Casilla B - Sección 2305,,false,false,,
casillas_2305_C1_2460,casillas,2305_C1_2460,Casilla C1 - Sección 2305,,false,false,,
casillas_2306_B_2461,casillas,2306_B_2461,Casilla B - Sección 2306,,false,false,,
casillas_2307_B_2462,casillas,2307_B_2462,Casilla B - Sección 2307,,false,false,,
casillas_2307_C1_2463,casillas,2307_C1_2463,Casilla C1 - Sección 2307,,false,false,,
casillas_2308_B_2464,casillas,2308_B_2464,Casilla B - Sección 2308,,false,false,,
casillas_2308_C1_2465,casillas,2308_C1_2465,Casilla C1 - Sección 2308,,false,false,,
casillas_2309_B_2466,casillas,2309_B_2466,Casilla B - Sección 2309,,false,false,,
casillas_2309_C1_2467,casillas,2309_C1_2467,Casilla C1 - Sección 2309,,false,false,,
casillas_2309_C2_2468,casillas,2309_C2_2468,Casilla C2 - Sección 2309,,false,false,,
casillas_2310_B_2469,casillas,2310_B_2469,Casilla B - Sección 2310,,false,false,,
casillas_2311_B_2470,casillas,2311_B_2470,Casilla B - Sección 2311,,false,false,,
casillas_2311_C1_2471,casillas,2311_C1_2471,Casilla C1 - Sección 2311,,false,false,,
casillas_2312_E1_2472,casillas,2312_E1_2472,Casilla E1 - Sección 2312,,false,false,,
casillas_2312_B_2473,casillas,2312_B_2473,Casilla B - Sección 2312,,false,false,,
casillas_2313_B_2474,casillas,2313_B_2474,Casilla B - Sección 2313,,false,false,,
casillas_2314_B_2475,casillas,2314_B_2475,Casilla B - Sección 2314,,false,false,,
casillas_2314_C1_2476,casillas,2314_C1_2476,Casilla C1 - Sección 2314,,false,false,,
casillas_2315_B_2477,casillas,2315_B_2477,Casilla B - Sección 2315,,false,false,,
casillas_2315_C1_2478,casillas,2315_C1_2478,Casilla C1 - Sección 2315,,false,false,,
casillas_2316_B_2479,casillas,2316_B_2479,Casilla B - Sección 2316,,false,false,,
casillas_2316_C1_2480,casillas,2316_C1_2480,Casilla C1 - Sección 2316,,false,false,,
casillas_2317_B_2481,casillas,2317_B_2481,Casilla B - Sección 2317,,false,false,,
casillas_2318_B_2482,casillas,2318_B_2482,Casilla B - Sección 2318,,false,false,,
casillas_2318_C1_2483,casillas,2318_C1_2483,Casilla C1 - Sección 2318,,false,false,,
casillas_2319_B_2484,casillas,2319_B_2484,Casilla B - Sección 2319,,false,false,,
casillas_2319_C1_2485,casillas,2319_C1_2485,Casilla C1 - Sección 2319,,false,false,,
casillas_2320_B_2486,casillas,2320_B_2486,Casilla B - Sección 2320,,false,false,,
casillas_2321_B_2487,casillas,2321_B_2487,Casilla B - Sección 2321,,false,false,,
casillas_2321_C1_2488,casillas,2321_C1_2488,Casilla C1 - Sección 2321,,false,false,,
casillas_2322_E1_2489,casillas,2322_E1_2489,Casilla E1 - Sección 2322,,false,false,,
casillas_2322_B_2490,casillas,2322_B_2490,Casilla B - Sección 2322,,false,false,,
casillas_2322_C1_2491,casillas,2322_C1_2491,Casilla C1 - Sección 2322,,false,false,,
casillas_2322_E2_2492,casillas,2322_E2_2492,Casilla E2 - Sección 2322,,false,false,,
casillas_2477_B_2493,casillas,2477_B_2493,Casilla B - Sección 2477,,false,false,,
casillas_2478_B_2494,casillas,2478_B_2494,Casilla B - Sección 2478,,false,false,,
casillas_2479_B_2495,casillas,2479_B_2495,Casilla B - Sección 2479,,false,false,,
casillas_2479_C1_2496,casillas,2479_C1_2496,Casilla C1 - Sección 2479,,false,false,,
casillas_2480_B_2497,casillas,2480_B_2497,Casilla B - Sección 2480,,false,false,,
casillas_2480_C1_2498,casillas,2480_C1_2498,Casilla C1 - Sección 2480,,false,false,,
casillas_2481_B_2499,casillas,2481_B_2499,Casilla B - Sección 2481,,false,false,,
casillas_2481_C1_2500,casillas,2481_C1_2500,Casilla C1 - Sección 2481,,false,false,,
casillas_2481_S1_2501,casillas,2481_S1_2501,Casilla S1 - Sección 2481,,false,false,,
casillas_2482_B_2502,casillas,2482_B_2502,Casilla B - Sección 2482,,false,false,,
casillas_2482_C1_2503,casillas,2482_C1_2503,Casilla C1 - Sección 2482,,false,false,,
casillas_2483_B_2504,casillas,2483_B_2504,Casilla B - Sección 2483,,false,false,,
casillas_2483_C1_2505,casillas,2483_C1_2505,Casilla C1 - Sección 2483,,false,false,,
casillas_2483_C2_2506,casillas,2483_C2_2506,Casilla C2 - Sección 2483,,false,false,,
casillas_2484_B_2507,casillas,2484_B_2507,Casilla B - Sección 2484,,false,false,,
casillas_2485_B_2508,casillas,2485_B_2508,Casilla B - Sección 2485,,false,false,,
casillas_2486_B_2509,casillas,2486_B_2509,Casilla B - Sección 2486,,false,false,,
casillas_2486_C1_2510,casillas,2486_C1_2510,Casilla C1 - Sección 2486,,false,false,,
casillas_2487_B_2511,casillas,2487_B_2511,Casilla B - Sección 2487,,false,false,,
casillas_2487_C1_2512,casillas,2487_C1_2512,Casilla C1 - Sección 2487,,false,false,,
casillas_2488_B_2513,casillas,2488_B_2513,Casilla B - Sección 2488,,false,false,,
casillas_2488_C1_2514,casillas,2488_C1_2514,Casilla C1 - Sección 2488,,false,false,,
casillas_2489_B_2515,casillas,2489_B_2515,Casilla B - Sección 2489,,false,false,,
casillas_2489_C1_2516,casillas,2489_C1_2516,Casilla C1 - Sección 2489,,false,false,,
casillas_2489_C2_2517,casillas,2489_C2_2517,Casilla C2 - Sección 2489,,false,false,,
casillas_2490_B_2518,casillas,2490_B_2518,Casilla B - Sección 2490,,false,false,,
casillas_2490_C1_2519,casillas,2490_C1_2519,Casilla C1 - Sección 2490,,false,false,,
casillas_2491_B_2520,casillas,2491_B_2520,Casilla B - Sección 2491,,false,false,,
casillas_2491_C1_2521,casillas,2491_C1_2521,Casilla C1 - Sección 2491,,false,false,,
casillas_2491_C2_2522,casillas,2491_C2_2522,Casilla C2 - Sección 2491,,false,false,,
casillas_2491_C3_2523,casillas,2491_C3_2523,Casilla C3 - Sección 2491,,false,false,,
casillas_2492_B_2524,casillas,2492_B_2524,Casilla B - Sección 2492,,false,false,,
casillas_2492_C1_2525,casillas,2492_C1_2525,Casilla C1 - Sección 2492,,false,false,,
casillas_2492_C2_2526,casillas,2492_C2_2526,Casilla C2 - Sección 2492,,false,false,,
casillas_2492_C3_2527,casillas,2492_C3_2527,Casilla C3 - Sección 2492,,false,false,,
casillas_2492_C4_2528,casillas,2492_C4_2528,Casilla C4 - Sección 2492,,false,false,,
casillas_2493_B_2529,casillas,2493_B_2529,Casilla B - Sección 2493,,false,false,,
casillas_2493_C1_2530,casillas,2493_C1_2530,Casilla C1 - Sección 2493,,false,false,,
casillas_2493_C2_2531,casillas,2493_C2_2531,Casilla C2 - Sección 2493,,false,false,,
casillas_2493_C3_2532,casillas,2493_C3_2532,Casilla C3 - Sección 2493,,false,false,,
casillas_2495_B_2533,casillas,2495_B_2533,Casilla B - Sección 2495,,false,false,,
casillas_2498_B_2534,casillas,2498_B_2534,Casilla B - Sección 2498,,false,false,,
casillas_2499_B_2535,casillas,2499_B_2535,Casilla B - Sección 2499,,false,false,,
casillas_2500_B_2536,casillas,2500_B_2536,Casilla B - Sección 2500,,false,false,,
casillas_2501_B_2537,casillas,2501_B_2537,Casilla B - Sección 2501,,false,false,,
casillas_2502_B_2538,casillas,2502_B_2538,Casilla B - Sección 2502,,false,false,,
casillas_2503_B_2539,casillas,2503_B_2539,Casilla B - Sección 2503,,false,false,,
casillas_2504_B_2540,casillas,2504_B_2540,Casilla B - Sección 2504,,false,false,,
casillas_2505_B_2541,casillas,2505_B_2541,Casilla B - Sección 2505,,false,false,,
casillas_2507_B_2542,casillas,2507_B_2542,Casilla B - Sección 2507,,false,false,,
casillas_2507_C1_2543,casillas,2507_C1_2543,Casilla C1 - Sección 2507,,false,false,,
casillas_2507_C2_2544,casillas,2507_C2_2544,Casilla C2 - Sección 2507,,false,false,,
casillas_2528_B_2545,casillas,2528_B_2545,Casilla B - Sección 2528,,false,false,,
casillas_2528_C1_2546,casillas,2528_C1_2546,Casilla C1 - Sección 2528,,false,false,,
casillas_2528_C2_2547,casillas,2528_C2_2547,Casilla C2 - Sección 2528,,false,false,,
casillas_2529_B_2548,casillas,2529_B_2548,Casilla B - Sección 2529,,false,false,,
casillas_2529_C1_2549,casillas,2529_C1_2549,Casilla C1 - Sección 2529,,false,false,,
casillas_2530_B_2550,casillas,2530_B_2550,Casilla B - Sección 2530,,false,false,,
casillas_2530_C1_2551,casillas,2530_C1_2551,Casilla C1 - Sección 2530,,false,false,,
casillas_2531_B_2552,casillas,2531_B_2552,Casilla B - Sección 2531,,false,false,,
casillas_2531_C1_2553,casillas,2531_C1_2553,Casilla C1 - Sección 2531,,false,false,,
casillas_2531_C2_2554,casillas,2531_C2_2554,Casilla C2 - Sección 2531,,false,false,,
casillas_2532_B_2555,casillas,2532_B_2555,Casilla B - Sección 2532,,false,false,,
casillas_2533_B_2556,casillas,2533_B_2556,Casilla B - Sección 2533,,false,false,,
casillas_2534_B_2557,casillas,2534_B_2557,Casilla B - Sección 2534,,false,false,,
casillas_2535_B_2558,casillas,2535_B_2558,Casilla B - Sección 2535,,false,false,,
casillas_2537_B_2559,casillas,2537_B_2559,Casilla B - Sección 2537,,false,false,,
casillas_2537_C1_2560,casillas,2537_C1_2560,Casilla C1 - Sección 2537,,false,false,,
casillas_2538_B_2561,casillas,2538_B_2561,Casilla B - Sección 2538,,false,false,,
casillas_2538_C1_2562,casillas,2538_C1_2562,Casilla C1 - Sección 2538,,false,false,,
casillas_2539_B_2563,casillas,2539_B_2563,Casilla B - Sección 2539,,false,false,,
casillas_2540_B_2564,casillas,2540_B_2564,Casilla B - Sección 2540,,false,false,,
casillas_2541_B_2565,casillas,2541_B_2565,Casilla B - Sección 2541,,false,false,,
casillas_2542_B_2566,casillas,2542_B_2566,Casilla B - Sección 2542,,false,false,,
casillas_2542_C1_2567,casillas,2542_C1_2567,Casilla C1 - Sección 2542,,false,false,,
casillas_2542_C2_2568,casillas,2542_C2_2568,Casilla C2 - Sección 2542,,false,false,,
casillas_2543_B_2569,casillas,2543_B_2569,Casilla B - Sección 2543,,false,false,,
casillas_2544_B_2570,casillas,2544_B_2570,Casilla B - Sección 2544,,false,false,,
casillas_2544_C1_2571,casillas,2544_C1_2571,Casilla C1 - Sección 2544,,false,false,,
casillas_921_B_2572,casillas,921_B_2572,Casilla B - Sección 921,,false,false,,
casillas_921_C1_2573,casillas,921_C1_2573,Casilla C1 - Sección 921,,false,false,,
casillas_922_B_2574,casillas,922_B_2574,Casilla B - Sección 922,,false,false,,
casillas_922_C1_2575,casillas,922_C1_2575,Casilla C1 - Sección 922,,false,false,,
casillas_923_B_2576,casillas,923_B_2576,Casilla B - Sección 923,,false,false,,
casillas_923_C1_2577,casillas,923_C1_2577,Casilla C1 - Sección 923,,false,false,,
casillas_923_C2_2578,casillas,923_C2_2578,Casilla C2 - Sección 923,,false,false,,
casillas_924_B_2579,casillas,924_B_2579,Casilla B - Sección 924,,false,false,,
casillas_925_B_2580,casillas,925_B_2580,Casilla B - Sección 925,,false,false,,
casillas_925_C1_2581,casillas,925_C1_2581,Casilla C1 - Sección 925,,false,false,,
casillas_926_B_2582,casillas,926_B_2582,Casilla B - Sección 926,,false,false,,
casillas_927_B_2583,casillas,927_B_2583,Casilla B - Sección 927,,false,false,,
casillas_927_C1_2584,casillas,927_C1_2584,Casilla C1 - Sección 927,,false,false,,
casillas_928_B_2585,casillas,928_B_2585,Casilla B - Sección 928,,false,false,,
casillas_929_B_2586,casillas,929_B_2586,Casilla B - Sección 929,,false,false,,
casillas_930_B_2587,casillas,930_B_2587,Casilla B - Sección 930,,false,false,,
casillas_931_B_2588,casillas,931_B_2588,Casilla B - Sección 931,,false,false,,
casillas_932_B_2589,casillas,932_B_2589,Casilla B - Sección 932,,false,false,,
casillas_933_B_2590,casillas,933_B_2590,Casilla B - Sección 933,,false,false,,
casillas_934_B_2591,casillas,934_B_2591,Casilla B - Sección 934,,false,false,,
casillas_935_B_2592,casillas,935_B_2592,Casilla B - Sección 935,,false,false,,
casillas_936_B_2593,casillas,936_B_2593,Casilla B - Sección 936,,false,false,,
casillas_937_B_2594,casillas,937_B_2594,Casilla B - Sección 937,,false,false,,
casillas_938_B_2595,casillas,938_B_2595,Casilla B - Sección 938,,false,false,,
casillas_939_B_2596,casillas,939_B_2596,Casilla B - Sección 939,,false,false,,
casillas_940_B_2597,casillas,940_B_2597,Casilla B - Sección 940,,false,false,,
casillas_941_B_2598,casillas,941_B_2598,Casilla B - Sección 941,,false,false,,
casillas_942_B_2599,casillas,942_B_2599,Casilla B - Sección 942,,false,false,,
casillas_943_B_2600,casillas,943_B_2600,Casilla B - Sección 943,,false,false,,
casillas_944_B_2601,casillas,944_B_2601,Casilla B - Sección 944,,false,false,,
casillas_944_C1_2602,casillas,944_C1_2602,Casilla C1 - Sección 944,,false,false,,
casillas_944_C2_2603,casillas,944_C2_2603,Casilla C2 - Sección 944,,false,false,,
casillas_944_C3_2604,casillas,944_C3_2604,Casilla C3 - Sección 944,,false,false,,
casillas_944_C4_2605,casillas,944_C4_2605,Casilla C4 - Sección 944,,false,false,,
casillas_945_B_2606,casillas,945_B_2606,Casilla B - Sección 945,,false,false,,
casillas_945_C1_2607,casillas,945_C1_2607,Casilla C1 - Sección 945,,false,false,,
casillas_945_C2_2608,casillas,945_C2_2608,Casilla C2 - Sección 945,,false,false,,
casillas_945_C3_2609,casillas,945_C3_2609,Casilla C3 - Sección 945,,false,false,,
casillas_946_B_2610,casillas,946_B_2610,Casilla B - Sección 946,,false,false,,
casillas_946_C1_2611,casillas,946_C1_2611,Casilla C1 - Sección 946,,false,false,,
casillas_946_C2_2612,casillas,946_C2_2612,Casilla C2 - Sección 946,,false,false,,
casillas_947_B_2613,casillas,947_B_2613,Casilla B - Sección 947,,false,false,,
casillas_948_B_2614,casillas,948_B_2614,Casilla B - Sección 948,,false,false,,
casillas_949_B_2615,casillas,949_B_2615,Casilla B - Sección 949,,false,false,,
casillas_950_B_2616,casillas,950_B_2616,Casilla B - Sección 950,,false,false,,
casillas_951_B_2617,casillas,951_B_2617,Casilla B - Sección 951,,false,false,,
casillas_952_B_2618,casillas,952_B_2618,Casilla B - Sección 952,,false,false,,
casillas_952_C1_2619,casillas,952_C1_2619,Casilla C1 - Sección 952,,false,false,,
casillas_953_B_2620,casillas,953_B_2620,Casilla B - Sección 953,,false,false,,
casillas_953_C1_2621,casillas,953_C1_2621,Casilla C1 - Sección 953,,false,false,,
casillas_954_B_2622,casillas,954_B_2622,Casilla B - Sección 954,,false,false,,
casillas_955_B_2623,casillas,955_B_2623,Casilla B - Sección 955,,false,false,,
casillas_956_B_2624,casillas,956_B_2624,Casilla B - Sección 956,,false,false,,
casillas_956_C1_2625,casillas,956_C1_2625,Casilla C1 - Sección 956,,false,false,,
casillas_956_C2_2626,casillas,956_C2_2626,Casilla C2 - Sección 956,,false,false,,
casillas_956_C3_2627,casillas,956_C3_2627,Casilla C3 - Sección 956,,false,false,,
casillas_957_B_2628,casillas,957_B_2628,Casilla B - Sección 957,,false,false,,
casillas_957_S1_2629,casillas,957_S1_2629,Casilla S1 - Sección 957,,false,false,,
casillas_957_S2_2630,casillas,957_S2_2630,Casilla S2 - Sección 957,,false,false,,
casillas_958_B_2631,casillas,958_B_2631,Casilla B - Sección 958,,false,false,,
casillas_959_B_2632,casillas,959_B_2632,Casilla B - Sección 959,,false,false,,
casillas_960_B_2633,casillas,960_B_2633,Casilla B - Sección 960,,false,false,,
casillas_961_B_2634,casillas,961_B_2634,Casilla B - Sección 961,,false,false,,
casillas_962_B_2635,casillas,962_B_2635,Casilla B - Sección 962,,false,false,,
casillas_963_B_2636,casillas,963_B_2636,Casilla B - Sección 963,,false,false,,
casillas_963_C1_2637,casillas,963_C1_2637,Casilla C1 - Sección 963,,false,false,,
casillas_963_C2_2638,casillas,963_C2_2638,Casilla C2 - Sección 963,,false,false,,
casillas_963_C3_2639,casillas,963_C3_2639,Casilla C3 - Sección 963,,false,false,,
casillas_964_B_2640,casillas,964_B_2640,Casilla B - Sección 964,,false,false,,
casillas_965_B_2641,casillas,965_B_2641,Casilla B - Sección 965,,false,false,,
casillas_966_B_2642,casillas,966_B_2642,Casilla B - Sección 966,,false,false,,
casillas_966_C1_2643,casillas,966_C1_2643,Casilla C1 - Sección 966,,false,false,,
casillas_966_C2_2644,casillas,966_C2_2644,Casilla C2 - Sección 966,,false,false,,
casillas_966_C3_2645,casillas,966_C3_2645,Casilla C3 - Sección 966,,false,false,,
casillas_967_B_2646,casillas,967_B_2646,Casilla B - Sección 967,,false,false,,
casillas_968_B_2647,casillas,968_B_2647,Casilla B - Sección 968,,false,false,,
casillas_969_B_2648,casillas,969_B_2648,Casilla B - Sección 969,,false,false,,
casillas_969_C1_2649,casillas,969_C1_2649,Casilla C1 - Sección 969,,false,false,,
casillas_970_B_2650,casillas,970_B_2650,Casilla B - Sección 970,,false,false,,
casillas_971_B_2651,casillas,971_B_2651,Casilla B - Sección 971,,false,false,,
casillas_971_C1_2652,casillas,971_C1_2652,Casilla C1 - Sección 971,,false,false,,
casillas_973_B_2653,casillas,973_B_2653,Casilla B - Sección 973,,false,false,,
casillas_973_C1_2654,casillas,973_C1_2654,Casilla C1 - Sección 973,,false,false,,
casillas_974_B_2655,casillas,974_B_2655,Casilla B - Sección 974,,false,false,,
casillas_975_B_2656,casillas,975_B_2656,Casilla B - Sección 975,,false,false,,
casillas_976_B_2657,casillas,976_B_2657,Casilla B - Sección 976,,false,false,,
casillas_977_B_2658,casillas,977_B_2658,Casilla B - Sección 977,,false,false,,
casillas_977_C1_2659,casillas,977_C1_2659,Casilla C1 - Sección 977,,false,false,,
casillas_978_B_2660,casillas,978_B_2660,Casilla B - Sección 978,,false,false,,
casillas_979_B_2661,casillas,979_B_2661,Casilla B - Sección 979,,false,false,,
casillas_980_B_2662,casillas,980_B_2662,Casilla B - Sección 980,,false,false,,
casillas_981_B_2663,casillas,981_B_2663,Casilla B - Sección 981,,false,false,,
casillas_982_B_2664,casillas,982_B_2664,Casilla B - Sección 982,,false,false,,
casillas_983_B_2665,casillas,983_B_2665,Casilla B - Sección 983,,false,false,,
casillas_983_C1_2666,casillas,983_C1_2666,Casilla C1 - Sección 983,,false,false,,
casillas_983_C2_2667,casillas,983_C2_2667,Casilla C2 - Sección 983,,false,false,,
casillas_983_C3_2668,casillas,983_C3_2668,Casilla C3 - Sección 983,,false,false,,
casillas_984_B_2669,casillas,984_B_2669,Casilla B - Sección 984,,false,false,,
casillas_984_C1_2670,casillas,984_C1_2670,Casilla C1 - Sección 984,,false,false,,
casillas_984_C2_2671,casillas,984_C2_2671,Casilla C2 - Sección 984,,false,false,,
casillas_984_C3_2672,casillas,984_C3_2672,Casilla C3 - Sección 984,,false,false,,
casillas_985_B_2673,casillas,985_B_2673,Casilla B - Sección 985,,false,false,,
casillas_986_B_2674,casillas,986_B_2674,Casilla B - Sección 986,,false,false,,
casillas_987_B_2675,casillas,987_B_2675,Casilla B - Sección 987,,false,false,,
casillas_988_B_2676,casillas,988_B_2676,Casilla B - Sección 988,,false,false,,
casillas_989_B_2677,casillas,989_B_2677,Casilla B - Sección 989,,false,false,,
casillas_989_C1_2678,casillas,989_C1_2678,Casilla C1 - Sección 989,,false,false,,
casillas_990_B_2679,casillas,990_B_2679,Casilla B - Sección 990,,false,false,,
casillas_991_B_2680,casillas,991_B_2680,Casilla B - Sección 991,,false,false,,
casillas_991_C1_2681,casillas,991_C1_2681,Casilla C1 - Sección 991,,false,false,,
casillas_991_C2_2682,casillas,991_C2_2682,Casilla C2 - Sección 991,,false,false,,
casillas_991_C3_2683,casillas,991_C3_2683,Casilla C3 - Sección 991,,false,false,,
casillas_991_C4_2684,casillas,991_C4_2684,Casilla C4 - Sección 991,,false,false,,
casillas_991_C5_2685,casillas,991_C5_2685,Casilla C5 - Sección 991,,false,false,,
casillas_991_E2_2686,casillas,991_E2_2686,Casilla E2 - Sección 991,,false,false,,
casillas_991_E2C1_2687,casillas,991_E2C1_2687,Casilla E2C1 - Sección 991,,false,false,,
casillas_991_E2C2_2688,casillas,991_E2C2_2688,Casilla E2C2 - Sección 991,,false,false,,
casillas_991_E2C3_2689,casillas,991_E2C3_2689,Casilla E2C3 - Sección 991,,false,false,,
casillas_991_E1_2690,casillas,991_E1_2690,Casilla E1 - Sección 991,,false,false,,
casillas_991_E1C1_2691,casillas,991_E1C1_2691,Casilla E1C1 - Sección 991,,false,false,,
casillas_991_E1C2_2692,casillas,991_E1C2_2692,Casilla E1C2 - Sección 991,,false,false,,
casillas_991_E1C3_2693,casillas,991_E1C3_2693,Casilla E1C3 - Sección 991,,false,false,,
casillas_991_E1C4_2694,casillas,991_E1C4_2694,Casilla E1C4 - Sección 991,,false,false,,
casillas_992_B_2695,casillas,992_B_2695,Casilla B - Sección 992,,false,false,,
casillas_992_C1_2696,casillas,992_C1_2696,Casilla C1 - Sección 992,,false,false,,
casillas_993_B_2697,casillas,993_B_2697,Casilla B - Sección 993,,false,false,,
casillas_994_B_2698,casillas,994_B_2698,Casilla B - Sección 994,,false,false,,
casillas_994_C1_2699,casillas,994_C1_2699,Casilla C1 - Sección 994,,false,false,,
casillas_995_B_2700,casillas,995_B_2700,Casilla B - Sección 995,,false,false,,
casillas_995_C1_2701,casillas,995_C1_2701,Casilla C1 - Sección 995,,false,false,,
casillas_996_B_2702,casillas,996_B_2702,Casilla B - Sección 996,,false,false,,
casillas_996_C1_2703,casillas,996_C1_2703,Casilla C1 - Sección 996,,false,false,,
casillas_997_B_2704,casillas,997_B_2704,Casilla B - Sección 997,,false,false,,
casillas_998_B_2705,casillas,998_B_2705,Casilla B - Sección 998,,false,false,,
casillas_998_E1_2706,casillas,998_E1_2706,Casilla E1 - Sección 998,,false,false,,
casillas_998_E1C1_2707,casillas,998_E1C1_2707,Casilla E1C1 - Sección 998,,false,false,,
casillas_999_B_2708,casillas,999_B_2708,Casilla B - Sección 999,,false,false,,
casillas_1000_B_2709,casillas,1000_B_2709,Casilla B - Sección 1000,,false,false,,
casillas_1000_C1_2710,casillas,1000_C1_2710,Casilla C1 - Sección 1000,,false,false,,
casillas_1001_B_2711,casillas,1001_B_2711,Casilla B - Sección 1001,,false,false,,
casillas_1001_C1_2712,casillas,1001_C1_2712,Casilla C1 - Sección 1001,,false,false,,
casillas_1001_C2_2713,casillas,1001_C2_2713,Casilla C2 - Sección 1001,,false,false,,
casillas_1001_C3_2714,casillas,1001_C3_2714,Casilla C3 - Sección 1001,,false,false,,
casillas_1001_C4_2715,casillas,1001_C4_2715,Casilla C4 - Sección 1001,,false,false,,
casillas_1001_E1_2716,casillas,1001_E1_2716,Casilla E1 - Sección 1001,,false,false,,
casillas_1002_B_2717,casillas,1002_B_2717,Casilla B - Sección 1002,,false,false,,
casillas_1002_C1_2718,casillas,1002_C1_2718,Casilla C1 - Sección 1002,,false,false,,
casillas_1002_C2_2719,casillas,1002_C2_2719,Casilla C2 - Sección 1002,,false,false,,
casillas_1003_B_2720,casillas,1003_B_2720,Casilla B - Sección 1003,,false,false,,
casillas_1004_B_2721,casillas,1004_B_2721,Casilla B - Sección 1004,,false,false,,
casillas_1005_B_2722,casillas,1005_B_2722,Casilla B - Sección 1005,,false,false,,
casillas_1006_B_2723,casillas,1006_B_2723,Casilla B - Sección 1006,,false,false,,
casillas_1006_C1_2724,casillas,1006_C1_2724,Casilla C1 - Sección 1006,,false,false,,
casillas_1006_C2_2725,casillas,1006_C2_2725,Casilla C2 - Sección 1006,,false,false,,
casillas_1006_C3_2726,casillas,1006_C3_2726,Casilla C3 - Sección 1006,,false,false,,
casillas_1006_C4_2727,casillas,1006_C4_2727,Casilla C4 - Sección 1006,,false,false,,
casillas_1006_E1_2728,casillas,1006_E1_2728,Casilla E1 - Sección 1006,,false,false,,
casillas_1006_E1C1_2729,casillas,1006_E1C1_2729,Casilla E1C1 - Sección 1006,,false,false,,
casillas_1006_E1C2_2730,casillas,1006_E1C2_2730,Casilla E1C2 - Sección 1006,,false,false,,
casillas_1006_E1C3_2731,casillas,1006_E1C3_2731,Casilla E1C3 - Sección 1006,,false,false,,
casillas_1007_B_2732,casillas,1007_B_2732,Casilla B - Sección 1007,,false,false,,
casillas_1008_B_2733,casillas,1008_B_2733,Casilla B - Sección 1008,,false,false,,
casillas_1008_C1_2734,casillas,1008_C1_2734,Casilla C1 - Sección 1008,,false,false,,
casillas_1009_B_2735,casillas,1009_B_2735,Casilla B - Sección 1009,,false,false,,
casillas_1010_B_2736,casillas,1010_B_2736,Casilla B - Sección 1010,,false,false,,
casillas_1011_B_2737,casillas,1011_B_2737,Casilla B - Sección 1011,,false,false,,
casillas_1012_B_2738,casillas,1012_B_2738,Casilla B - Sección 1012,,false,false,,
casillas_1013_B_2739,casillas,1013_B_2739,Casilla B - Sección 1013,,false,false,,
casillas_1013_C1_2740,casillas,1013_C1_2740,Casilla C1 - Sección 1013,,false,false,,
casillas_1013_C2_2741,casillas,1013_C2_2741,Casilla C2 - Sección 1013,,false,false,,
casillas_1013_C3_2742,casillas,1013_C3_2742,Casilla C3 - Sección 1013,,false,false,,
casillas_1014_B_2743,casillas,1014_B_2743,Casilla B - Sección 1014,,false,false,,
casillas_1014_C1_2744,casillas,1014_C1_2744,Casilla C1 - Sección 1014,,false,false,,
casillas_1014_C2_2745,casillas,1014_C2_2745,Casilla C2 - Sección 1014,,false,false,,
casillas_1015_B_2746,casillas,1015_B_2746,Casilla B - Sección 1015,,false,false,,
casillas_1015_C1_2747,casillas,1015_C1_2747,Casilla C1 - Sección 1015,,false,false,,
casillas_1016_B_2748,casillas,1016_B_2748,Casilla B - Sección 1016,,false,false,,
casillas_1017_B_2749,casillas,1017_B_2749,Casilla B - Sección 1017,,false,false,,
casillas_1018_B_2750,casillas,1018_B_2750,Casilla B - Sección 1018,,false,false,,
casillas_1019_B_2751,casillas,1019_B_2751,Casilla B - Sección 1019,,false,false,,
casillas_1020_B_2752,casillas,1020_B_2752,Casilla B - Sección 1020,,false,false,,
casillas_1020_C1_2753,casillas,1020_C1_2753,Casilla C1 - Sección 1020,,false,false,,
casillas_1021_B_2754,casillas,1021_B_2754,Casilla B - Sección 1021,,false,false,,
casillas_1021_C1_2755,casillas,1021_C1_2755,Casilla C1 - Sección 1021,,false,false,,
casillas_1021_C2_2756,casillas,1021_C2_2756,Casilla C2 - Sección 1021,,false,false,,
casillas_1022_B_2757,casillas,1022_B_2757,Casilla B - Sección 1022,,false,false,,
casillas_1023_B_2758,casillas,1023_B_2758,Casilla B - Sección 1023,,false,false,,
casillas_1023_C1_2759,casillas,1023_C1_2759,Casilla C1 - Sección 1023,,false,false,,
casillas_1024_B_2760,casillas,1024_B_2760,Casilla B - Sección 1024,,false,false,,
casillas_1024_C1_2761,casillas,1024_C1_2761,Casilla C1 - Sección 1024,,false,false,,
casillas_1024_C2_2762,casillas,1024_C2_2762,Casilla C2 - Sección 1024,,false,false,,
casillas_1026_B_2763,casillas,1026_B_2763,Casilla B - Sección 1026,,false,false,,
casillas_1026_C1_2764,casillas,1026_C1_2764,Casilla C1 - Sección 1026,,false,false,,
casillas_1026_C2_2765,casillas,1026_C2_2765,Casilla C2 - Sección 1026,,false,false,,
casillas_1026_C3_2766,casillas,1026_C3_2766,Casilla C3 - Sección 1026,,false,false,,
casillas_1026_C4_2767,casillas,1026_C4_2767,Casilla C4 - Sección 1026,,false,false,,
casillas_1026_C5_2768,casillas,1026_C5_2768,Casilla C5 - Sección 1026,,false,false,,
casillas_1026_C6_2769,casillas,1026_C6_2769,Casilla C6 - Sección 1026,,false,false,,
casillas_1026_C7_2770,casillas,1026_C7_2770,Casilla C7 - Sección 1026,,false,false,,
casillas_1026_E1_2771,casillas,1026_E1_2771,Casilla E1 - Sección 1026,,false,false,,
casillas_1027_B_2772,casillas,1027_B_2772,Casilla B - Sección 1027,,false,false,,
casillas_1028_B_2773,casillas,1028_B_2773,Casilla B - Sección 1028,,false,false,,
casillas_1029_B_2774,casillas,1029_B_2774,Casilla B - Sección 1029,,false,false,,
casillas_1029_E1_2775,casillas,1029_E1_2775,Casilla E1 - Sección 1029,,false,false,,
casillas_1030_B_2776,casillas,1030_B_2776,Casilla B - Sección 1030,,false,false,,
casillas_1030_C1_2777,casillas,1030_C1_2777,Casilla C1 - Sección 1030,,false,false,,
casillas_3282_B_2778,casillas,3282_B_2778,Casilla B - Sección 3282,,false,false,,
casillas_3282_C1_2779,casillas,3282_C1_2779,Casilla C1 - Sección 3282,,false,false,,
casillas_3282_C2_2780,casillas,3282_C2_2780,Casilla C2 - Sección 3282,,false,false,,
casillas_3283_B_2781,casillas,3283_B_2781,Casilla B - Sección 3283,,false,false,,
casillas_3283_C1_2782,casillas,3283_C1_2782,Casilla C1 - Sección 3283,,false,false,,
casillas_3283_C2_2783,casillas,3283_C2_2783,Casilla C2 - Sección 3283,,false,false,,
casillas_3283_C3_2784,casillas,3283_C3_2784,Casilla C3 - Sección 3283,,false,false,,
casillas_3284_B_2785,casillas,3284_B_2785,Casilla B - Sección 3284,,false,false,,
casillas_3284_C1_2786,casillas,3284_C1_2786,Casilla C1 - Sección 3284,,false,false,,
casillas_3284_C2_2787,casillas,3284_C2_2787,Casilla C2 - Sección 3284,,false,false,,
casillas_3284_C3_2788,casillas,3284_C3_2788,Casilla C3 - Sección 3284,,false,false,,
casillas_175_B_2789,casillas,175_B_2789,Casilla B - Sección 175,,false,false,,
casillas_176_B_2790,casillas,176_B_2790,Casilla B - Sección 176,,false,false,,
casillas_177_B_2791,casillas,177_B_2791,Casilla B - Sección 177,,false,false,,
casillas_178_B_2792,casillas,178_B_2792,Casilla B - Sección 178,,false,false,,
casillas_179_B_2793,casillas,179_B_2793,Casilla B - Sección 179,,false,false,,
casillas_180_B_2794,casillas,180_B_2794,Casilla B - Sección 180,,false,false,,
casillas_181_B_2795,casillas,181_B_2795,Casilla B - Sección 181,,false,false,,
casillas_182_B_2796,casillas,182_B_2796,Casilla B - Sección 182,,false,false,,
casillas_182_S1_2797,casillas,182_S1_2797,Casilla S1 - Sección 182,,false,false,,
casillas_183_B_2798,casillas,183_B_2798,Casilla B - Sección 183,,false,false,,
casillas_184_B_2799,casillas,184_B_2799,Casilla B - Sección 184,,false,false,,
casillas_185_B_2800,casillas,185_B_2800,Casilla B - Sección 185,,false,false,,
casillas_185_C1_2801,casillas,185_C1_2801,Casilla C1 - Sección 185,,false,false,,
casillas_186_B_2802,casillas,186_B_2802,Casilla B - Sección 186,,false,false,,
casillas_186_C1_2803,casillas,186_C1_2803,Casilla C1 - Sección 186,,false,false,,
casillas_187_B_2804,casillas,187_B_2804,Casilla B - Sección 187,,false,false,,
casillas_188_B_2805,casillas,188_B_2805,Casilla B - Sección 188,,false,false,,
casillas_189_B_2806,casillas,189_B_2806,Casilla B - Sección 189,,false,false,,
casillas_190_B_2807,casillas,190_B_2807,Casilla B - Sección 190,,false,false,,
casillas_191_B_2808,casillas,191_B_2808,Casilla B - Sección 191,,false,false,,
casillas_191_C1_2809,casillas,191_C1_2809,Casilla C1 - Sección 191,,false,false,,
casillas_191_C2_2810,casillas,191_C2_2810,Casilla C2 - Sección 191,,false,false,,
casillas_192_B_2811,casillas,192_B_2811,Casilla B - Sección 192,,false,false,,
casillas_192_C1_2812,casillas,192_C1_2812,Casilla C1 - Sección 192,,false,false,,
casillas_192_C2_2813,casillas,192_C2_2813,Casilla C2 - Sección 192,,false,false,,
casillas_192_C3_2814,casillas,192_C3_2814,Casilla C3 - Sección 192,,false,false,,
casillas_192_C4_2815,casillas,192_C4_2815,Casilla C4 - Sección 192,,false,false,,
casillas_192_C5_2816,casillas,192_C5_2816,Casilla C5 - Sección 192,,false,false,,
casillas_192_C6_2817,casillas,192_C6_2817,Casilla C6 - Sección 192,,false,false,,
casillas_193_B_2818,casillas,193_B_2818,Casilla B - Sección 193,,false,false,,
casillas_194_B_2819,casillas,194_B_2819,Casilla B - Sección 194,,false,false,,
casillas_194_C1_2820,casillas,194_C1_2820,Casilla C1 - Sección 194,,false,false,,
casillas_195_B_2821,casillas,195_B_2821,Casilla B - Sección 195,,false,false,,
casillas_196_B_2822,casillas,196_B_2822,Casilla B - Sección 196,,false,false,,
casillas_196_C1_2823,casillas,196_C1_2823,Casilla C1 - Sección 196,,false,false,,
casillas_197_B_2824,casillas,197_B_2824,Casilla B - Sección 197,,false,false,,
casillas_197_C1_2825,casillas,197_C1_2825,Casilla C1 - Sección 197,,false,false,,
casillas_199_B_2826,casillas,199_B_2826,Casilla B - Sección 199,,false,false,,
casillas_199_C1_2827,casillas,199_C1_2827,Casilla C1 - Sección 199,,false,false,,
casillas_199_E1_2828,casillas,199_E1_2828,Casilla E1 - Sección 199,,false,false,,
casillas_200_B_2829,casillas,200_B_2829,Casilla B - Sección 200,,false,false,,
casillas_200_C1_2830,casillas,200_C1_2830,Casilla C1 - Sección 200,,false,false,,
casillas_201_B_2831,casillas,201_B_2831,Casilla B - Sección 201,,false,false,,
casillas_201_C1_2832,casillas,201_C1_2832,Casilla C1 - Sección 201,,false,false,,
casillas_202_B_2833,casillas,202_B_2833,Casilla B - Sección 202,,false,false,,
casillas_202_C1_2834,casillas,202_C1_2834,Casilla C1 - Sección 202,,false,false,,
casillas_202_C2_2835,casillas,202_C2_2835,Casilla C2 - Sección 202,,false,false,,
casillas_202_C3_2836,casillas,202_C3_2836,Casilla C3 - Sección 202,,false,false,,
casillas_202_C4_2837,casillas,202_C4_2837,Casilla C4 - Sección 202,,false,false,,
casillas_203_B_2838,casillas,203_B_2838,Casilla B - Sección 203,,false,false,,
casillas_203_C1_2839,casillas,203_C1_2839,Casilla C1 - Sección 203,,false,false,,
casillas_203_C2_2840,casillas,203_C2_2840,Casilla C2 - Sección 203,,false,false,,
casillas_203_C3_2841,casillas,203_C3_2841,Casilla C3 - Sección 203,,false,false,,
casillas_203_C4_2842,casillas,203_C4_2842,Casilla C4 - Sección 203,,false,false,,
casillas_204_B_2843,casillas,204_B_2843,Casilla B - Sección 204,,false,false,,
casillas_204_C1_2844,casillas,204_C1_2844,Casilla C1 - Sección 204,,false,false,,
casillas_204_C2_2845,casillas,204_C2_2845,Casilla C2 - Sección 204,,false,false,,
casillas_205_B_2846,casillas,205_B_2846,Casilla B - Sección 205,,false,false,,
casillas_205_C1_2847,casillas,205_C1_2847,Casilla C1 - Sección 205,,false,false,,
casillas_205_C2_2848,casillas,205_C2_2848,Casilla C2 - Sección 205,,false,false,,
casillas_206_B_2849,casillas,206_B_2849,Casilla B - Sección 206,,false,false,,
casillas_206_C1_2850,casillas,206_C1_2850,Casilla C1 - Sección 206,,false,false,,
casillas_206_C2_2851,casillas,206_C2_2851,Casilla C2 - Sección 206,,false,false,,
casillas_207_B_2852,casillas,207_B_2852,Casilla B - Sección 207,,false,false,,
casillas_208_B_2853,casillas,208_B_2853,Casilla B - Sección 208,,false,false,,
casillas_214_B_2854,casillas,214_B_2854,Casilla B - Sección 214,,false,false,,
casillas_215_B_2855,casillas,215_B_2855,Casilla B - Sección 215,,false,false,,
casillas_215_C1_2856,casillas,215_C1_2856,Casilla C1 - Sección 215,,false,false,,
casillas_216_B_2857,casillas,216_B_2857,Casilla B - Sección 216,,false,false,,
casillas_216_C1_2858,casillas,216_C1_2858,Casilla C1 - Sección 216,,false,false,,
casillas_217_B_2859,casillas,217_B_2859,Casilla B - Sección 217,,false,false,,
casillas_217_E1_2860,casillas,217_E1_2860,Casilla E1 - Sección 217,,false,false,,
casillas_218_B_2861,casillas,218_B_2861,Casilla B - Sección 218,,false,false,,
casillas_219_B_2862,casillas,219_B_2862,Casilla B - Sección 219,,false,false,,
casillas_219_E1_2863,casillas,219_E1_2863,Casilla E1 - Sección 219,,false,false,,
casillas_220_B_2864,casillas,220_B_2864,Casilla B - Sección 220,,false,false,,
casillas_266_B_2865,casillas,266_B_2865,Casilla B - Sección 266,,false,false,,
casillas_266_C1_2866,casillas,266_C1_2866,Casilla C1 - Sección 266,,false,false,,
casillas_267_B_2867,casillas,267_B_2867,Casilla B - Sección 267,,false,false,,
casillas_268_B_2868,casillas,268_B_2868,Casilla B - Sección 268,,false,false,,
casillas_269_B_2869,casillas,269_B_2869,Casilla B - Sección 269,,false,false,,
casillas_269_C1_2870,casillas,269_C1_2870,Casilla C1 - Sección 269,,false,false,,
casillas_270_B_2871,casillas,270_B_2871,Casilla B - Sección 270,,false,false,,
casillas_270_E1_2872,casillas,270_E1_2872,Casilla E1 - Sección 270,,false,false,,
casillas_1387_B_2873,casillas,1387_B_2873,Casilla B - Sección 1387,,false,false,,
casillas_1387_C1_2874,casillas,1387_C1_2874,Casilla C1 - Sección 1387,,false,false,,
casillas_1388_B_2875,casillas,1388_B_2875,Casilla B - Sección 1388,,false,false,,
casillas_1388_C1_2876,casillas,1388_C1_2876,Casilla C1 - Sección 1388,,false,false,,
casillas_1389_B_2877,casillas,1389_B_2877,Casilla B - Sección 1389,,false,false,,
casillas_1390_B_2878,casillas,1390_B_2878,Casilla B - Sección 1390,,false,false,,
casillas_1391_B_2879,casillas,1391_B_2879,Casilla B - Sección 1391,,false,false,,
casillas_1392_B_2880,casillas,1392_B_2880,Casilla B - Sección 1392,,false,false,,
casillas_1393_B_2881,casillas,1393_B_2881,Casilla B - Sección 1393,,false,false,,
casillas_1393_C1_2882,casillas,1393_C1_2882,Casilla C1 - Sección 1393,,false,false,,
casillas_1394_B_2883,casillas,1394_B_2883,Casilla B - Sección 1394,,false,false,,
casillas_1395_B_2884,casillas,1395_B_2884,Casilla B - Sección 1395,,false,false,,
casillas_1396_B_2885,casillas,1396_B_2885,Casilla B - Sección 1396,,false,false,,
casillas_1396_S1_2886,casillas,1396_S1_2886,Casilla S1 - Sección 1396,,false,false,,
casillas_1397_B_2887,casillas,1397_B_2887,Casilla B - Sección 1397,,false,false,,
casillas_1398_B_2888,casillas,1398_B_2888,Casilla B - Sección 1398,,false,false,,
casillas_1398_C1_2889,casillas,1398_C1_2889,Casilla C1 - Sección 1398,,false,false,,
casillas_1399_B_2890,casillas,1399_B_2890,Casilla B - Sección 1399,,false,false,,
casillas_1399_C1_2891,casillas,1399_C1_2891,Casilla C1 - Sección 1399,,false,false,,
casillas_1400_B_2892,casillas,1400_B_2892,Casilla B - Sección 1400,,false,false,,
casillas_1401_B_2893,casillas,1401_B_2893,Casilla B - Sección 1401,,false,false,,
casillas_1402_B_2894,casillas,1402_B_2894,Casilla B - Sección 1402,,false,false,,
casillas_1403_B_2895,casillas,1403_B_2895,Casilla B - Sección 1403,,false,false,,
casillas_1403_C1_2896,casillas,1403_C1_2896,Casilla C1 - Sección 1403,,false,false,,
casillas_1404_B_2897,casillas,1404_B_2897,Casilla B - Sección 1404,,false,false,,
casillas_1405_B_2898,casillas,1405_B_2898,Casilla B - Sección 1405,,false,false,,
casillas_1405_C1_2899,casillas,1405_C1_2899,Casilla C1 - Sección 1405,,false,false,,
casillas_1406_B_2900,casillas,1406_B_2900,Casilla B - Sección 1406,,false,false,,
casillas_1406_C1_2901,casillas,1406_C1_2901,Casilla C1 - Sección 1406,,false,false,,
casillas_1406_C2_2902,casillas,1406_C2_2902,Casilla C2 - Sección 1406,,false,false,,
casillas_1407_B_2903,casillas,1407_B_2903,Casilla B - Sección 1407,,false,false,,
casillas_1407_C1_2904,casillas,1407_C1_2904,Casilla C1 - Sección 1407,,false,false,,
casillas_1407_C2_2905,casillas,1407_C2_2905,Casilla C2 - Sección 1407,,false,false,,
casillas_1407_C3_2906,casillas,1407_C3_2906,Casilla C3 - Sección 1407,,false,false,,
casillas_1407_C4_2907,casillas,1407_C4_2907,Casilla C4 - Sección 1407,,false,false,,
casillas_1407_C5_2908,casillas,1407_C5_2908,Casilla C5 - Sección 1407,,false,false,,
casillas_1408_B_2909,casillas,1408_B_2909,Casilla B - Sección 1408,,false,false,,
casillas_1409_B_2910,casillas,1409_B_2910,Casilla B - Sección 1409,,false,false,,
casillas_1409_C1_2911,casillas,1409_C1_2911,Casilla C1 - Sección 1409,,false,false,,
casillas_1410_B_2912,casillas,1410_B_2912,Casilla B - Sección 1410,,false,false,,
casillas_1410_C1_2913,casillas,1410_C1_2913,Casilla C1 - Sección 1410,,false,false,,
casillas_1411_B_2914,casillas,1411_B_2914,Casilla B - Sección 1411,,false,false,,
casillas_1411_C1_2915,casillas,1411_C1_2915,Casilla C1 - Sección 1411,,false,false,,
casillas_1411_C2_2916,casillas,1411_C2_2916,Casilla C2 - Sección 1411,,false,false,,
casillas_1411_C3_2917,casillas,1411_C3_2917,Casilla C3 - Sección 1411,,false,false,,
casillas_1412_B_2918,casillas,1412_B_2918,Casilla B - Sección 1412,,false,false,,
casillas_1412_C1_2919,casillas,1412_C1_2919,Casilla C1 - Sección 1412,,false,false,,
casillas_1412_C2_2920,casillas,1412_C2_2920,Casilla C2 - Sección 1412,,false,false,,
casillas_1413_B_2921,casillas,1413_B_2921,Casilla B - Sección 1413,,false,false,,
casillas_1414_B_2922,casillas,1414_B_2922,Casilla B - Sección 1414,,false,false,,
casillas_1415_B_2923,casillas,1415_B_2923,Casilla B - Sección 1415,,false,false,,
casillas_1416_B_2924,casillas,1416_B_2924,Casilla B - Sección 1416,,false,false,,
casillas_1417_B_2925,casillas,1417_B_2925,Casilla B - Sección 1417,,false,false,,
casillas_1418_B_2926,casillas,1418_B_2926,Casilla B - Sección 1418,,false,false,,
casillas_1419_B_2927,casillas,1419_B_2927,Casilla B - Sección 1419,,false,false,,
casillas_1421_B_2928,casillas,1421_B_2928,Casilla B - Sección 1421,,false,false,,
casillas_1422_B_2929,casillas,1422_B_2929,Casilla B - Sección 1422,,false,false,,
casillas_1423_B_2930,casillas,1423_B_2930,Casilla B - Sección 1423,,false,false,,
casillas_2199_B_2931,casillas,2199_B_2931,Casilla B - Sección 2199,,false,false,,
casillas_2199_C1_2932,casillas,2199_C1_2932,Casilla C1 - Sección 2199,,false,false,,
casillas_2200_B_2933,casillas,2200_B_2933,Casilla B - Sección 2200,,false,false,,
casillas_2200_C1_2934,casillas,2200_C1_2934,Casilla C1 - Sección 2200,,false,false,,
casillas_2201_B_2935,casillas,2201_B_2935,Casilla B - Sección 2201,,false,false,,
casillas_2203_B_2936,casillas,2203_B_2936,Casilla B - Sección 2203,,false,false,,
casillas_2203_C1_2937,casillas,2203_C1_2937,Casilla C1 - Sección 2203,,false,false,,
casillas_2204_B_2938,casillas,2204_B_2938,Casilla B - Sección 2204,,false,false,,
casillas_2205_B_2939,casillas,2205_B_2939,Casilla B - Sección 2205,,false,false,,
casillas_2559_B_2940,casillas,2559_B_2940,Casilla B - Sección 2559,,false,false,,
casillas_2560_B_2941,casillas,2560_B_2941,Casilla B - Sección 2560,,false,false,,
casillas_2561_B_2942,casillas,2561_B_2942,Casilla B - Sección 2561,,false,false,,
casillas_2561_C1_2943,casillas,2561_C1_2943,Casilla C1 - Sección 2561,,false,false,,
casillas_2562_B_2944,casillas,2562_B_2944,Casilla B - Sección 2562,,false,false,,
casillas_2563_B_2945,casillas,2563_B_2945,Casilla B - Sección 2563,,false,false,,
casillas_2564_B_2946,casillas,2564_B_2946,Casilla B - Sección 2564,,false,false,,
casillas_2615_B_2947,casillas,2615_B_2947,Casilla B - Sección 2615,,false,false,,
casillas_2615_C1_2948,casillas,2615_C1_2948,Casilla C1 - Sección 2615,,false,false,,
casillas_2616_B_2949,casillas,2616_B_2949,Casilla B - Sección 2616,,false,false,,
casillas_2617_B_2950,casillas,2617_B_2950,Casilla B - Sección 2617,,false,false,,
casillas_2618_B_2951,casillas,2618_B_2951,Casilla B - Sección 2618,,false,false,,
casillas_2619_B_2952,casillas,2619_B_2952,Casilla B - Sección 2619,,false,false,,
casillas_2620_B_2953,casillas,2620_B_2953,Casilla B - Sección 2620,,false,false,,
casillas_2620_C1_2954,casillas,2620_C1_2954,Casilla C1 - Sección 2620,,false,false,,
casillas_2621_B_2955,casillas,2621_B_2955,Casilla B - Sección 2621,,false,false,,
casillas_2622_B_2956,casillas,2622_B_2956,Casilla B - Sección 2622,,false,false,,
casillas_2622_C1_2957,casillas,2622_C1_2957,Casilla C1 - Sección 2622,,false,false,,
casillas_2622_C2_2958,casillas,2622_C2_2958,Casilla C2 - Sección 2622,,false,false,,
casillas_2623_B_2959,casillas,2623_B_2959,Casilla B - Sección 2623,,false,false,,
casillas_2624_B_2960,casillas,2624_B_2960,Casilla B - Sección 2624,,false,false,,
casillas_2624_C1_2961,casillas,2624_C1_2961,Casilla C1 - Sección 2624,,false,false,,
casillas_2625_B_2962,casillas,2625_B_2962,Casilla B - Sección 2625,,false,false,,
casillas_2625_C1_2963,casillas,2625_C1_2963,Casilla C1 - Sección 2625,,false,false,,
casillas_2626_B_2964,casillas,2626_B_2964,Casilla B - Sección 2626,,false,false,,
casillas_2627_B_2965,casillas,2627_B_2965,Casilla B - Sección 2627,,false,false,,
casillas_2627_C1_2966,casillas,2627_C1_2966,Casilla C1 - Sección 2627,,false,false,,
casillas_2628_B_2967,casillas,2628_B_2967,Casilla B - Sección 2628,,false,false,,
casillas_2630_B_2968,casillas,2630_B_2968,Casilla B - Sección 2630,,false,false,,
casillas_2631_B_2969,casillas,2631_B_2969,Casilla B - Sección 2631,,false,false,,
casillas_2632_B_2970,casillas,2632_B_2970,Casilla B - Sección 2632,,false,false,,
casillas_2633_B_2971,casillas,2633_B_2971,Casilla B - Sección 2633,,false,false,,
casillas_2634_B_2972,casillas,2634_B_2972,Casilla B - Sección 2634,,false,false,,
casillas_2634_C1_2973,casillas,2634_C1_2973,Casilla C1 - Sección 2634,,false,false,,
casillas_2635_B_2974,casillas,2635_B_2974,Casilla B - Sección 2635,,false,false,,
casillas_2636_B_2975,casillas,2636_B_2975,Casilla B - Sección 2636,,false,false,,
casillas_2636_C1_2976,casillas,2636_C1_2976,Casilla C1 - Sección 2636,,false,false,,
casillas_2637_B_2977,casillas,2637_B_2977,Casilla B - Sección 2637,,false,false,,
casillas_2638_B_2978,casillas,2638_B_2978,Casilla B - Sección 2638,,false,false,,
casillas_2638_C1_2979,casillas,2638_C1_2979,Casilla C1 - Sección 2638,,false,false,,
casillas_2639_B_2980,casillas,2639_B_2980,Casilla B - Sección 2639,,false,false,,
casillas_2640_B_2981,casillas,2640_B_2981,Casilla B - Sección 2640,,false,false,,
casillas_2640_C1_2982,casillas,2640_C1_2982,Casilla C1 - Sección 2640,,false,false,,
casillas_2641_B_2983,casillas,2641_B_2983,Casilla B - Sección 2641,,false,false,,
casillas_2642_B_2984,casillas,2642_B_2984,Casilla B - Sección 2642,,false,false,,
casillas_2642_C1_2985,casillas,2642_C1_2985,Casilla C1 - Sección 2642,,false,false,,
casillas_2643_B_2986,casillas,2643_B_2986,Casilla B - Sección 2643,,false,false,,
casillas_2643_C1_2987,casillas,2643_C1_2987,Casilla C1 - Sección 2643,,false,false,,
casillas_2644_B_2988,casillas,2644_B_2988,Casilla B - Sección 2644,,false,false,,
casillas_2644_E1_2989,casillas,2644_E1_2989,Casilla E1 - Sección 2644,,false,false,,
casillas_2645_B_2990,casillas,2645_B_2990,Casilla B - Sección 2645,,false,false,,
casillas_2646_B_2991,casillas,2646_B_2991,Casilla B - Sección 2646,,false,false,,
casillas_2647_B_2992,casillas,2647_B_2992,Casilla B - Sección 2647,,false,false,,
casillas_615_B_2993,casillas,615_B_2993,Casilla B - Sección 615,,false,false,,
casillas_615_C1_2994,casillas,615_C1_2994,Casilla C1 - Sección 615,,false,false,,
casillas_616_B_2995,casillas,616_B_2995,Casilla B - Sección 616,,false,false,,
casillas_616_C1_2996,casillas,616_C1_2996,Casilla C1 - Sección 616,,false,false,,
casillas_617_B_2997,casillas,617_B_2997,Casilla B - Sección 617,,false,false,,
casillas_617_C1_2998,casillas,617_C1_2998,Casilla C1 - Sección 617,,false,false,,
casillas_617_C2_2999,casillas,617_C2_2999,Casilla C2 - Sección 617,,false,false,,
casillas_618_B_3000,casillas,618_B_3000,Casilla B - Sección 618,,false,false,,
casillas_618_C1_3001,casillas,618_C1_3001,Casilla C1 - Sección 618,,false,false,,
casillas_619_B_3002,casillas,619_B_3002,Casilla B - Sección 619,,false,false,,
casillas_619_C1_3003,casillas,619_C1_3003,Casilla C1 - Sección 619,,false,false,,
casillas_620_C1_3004,casillas,620_C1_3004,Casilla C1 - Sección 620,,false,false,,
casillas_620_B_3005,casillas,620_B_3005,Casilla B - Sección 620,,false,false,,
casillas_621_B_3006,casillas,621_B_3006,Casilla B - Sección 621,,false,false,,
casillas_621_C1_3007,casillas,621_C1_3007,Casilla C1 - Sección 621,,false,false,,
casillas_621_C2_3008,casillas,621_C2_3008,Casilla C2 - Sección 621,,false,false,,
casillas_621_C3_3009,casillas,621_C3_3009,Casilla C3 - Sección 621,,false,false,,
casillas_621_C4_3010,casillas,621_C4_3010,Casilla C4 - Sección 621,,false,false,,
casillas_621_C5_3011,casillas,621_C5_3011,Casilla C5 - Sección 621,,false,false,,
casillas_622_B_3012,casillas,622_B_3012,Casilla B - Sección 622,,false,false,,
casillas_623_C2_3013,casillas,623_C2_3013,Casilla C2 - Sección 623,,false,false,,
casillas_623_B_3014,casillas,623_B_3014,Casilla B - Sección 623,,false,false,,
casillas_623_C3_3015,casillas,623_C3_3015,Casilla C3 - Sección 623,,false,false,,
casillas_624_B_3016,casillas,624_B_3016,Casilla B - Sección 624,,false,false,,
casillas_627_B_3017,casillas,627_B_3017,Casilla B - Sección 627,,false,false,,
casillas_627_C1_3018,casillas,627_C1_3018,Casilla C1 - Sección 627,,false,false,,
casillas_628_B_3019,casillas,628_B_3019,Casilla B - Sección 628,,false,false,,
casillas_629_B_3020,casillas,629_B_3020,Casilla B - Sección 629,,false,false,,
casillas_630_B_3021,casillas,630_B_3021,Casilla B - Sección 630,,false,false,,
casillas_2845_C1_3022,casillas,2845_C1_3022,Casilla C1 - Sección 2845,,false,false,,
casillas_2845_B_3023,casillas,2845_B_3023,Casilla B - Sección 2845,,false,false,,
casillas_2846_B_3024,casillas,2846_B_3024,Casilla B - Sección 2846,,false,false,,
casillas_2847_B_3025,casillas,2847_B_3025,Casilla B - Sección 2847,,false,false,,
casillas_2847_C1_3026,casillas,2847_C1_3026,Casilla C1 - Sección 2847,,false,false,,
casillas_2848_B_3027,casillas,2848_B_3027,Casilla B - Sección 2848,,false,false,,
casillas_2848_C1_3028,casillas,2848_C1_3028,Casilla C1 - Sección 2848,,false,false,,
casillas_2848_C2_3029,casillas,2848_C2_3029,Casilla C2 - Sección 2848,,false,false,,
casillas_2848_C3_3030,casillas,2848_C3_3030,Casilla C3 - Sección 2848,,false,false,,
casillas_2848_C4_3031,casillas,2848_C4_3031,Casilla C4 - Sección 2848,,false,false,,
casillas_2848_C5_3032,casillas,2848_C5_3032,Casilla C5 - Sección 2848,,false,false,,
casillas_2849_B_3033,casillas,2849_B_3033,Casilla B - Sección 2849,,false,false,,
casillas_2849_C1_3034,casillas,2849_C1_3034,Casilla C1 - Sección 2849,,false,false,,
casillas_2849_C2_3035,casillas,2849_C2_3035,Casilla C2 - Sección 2849,,false,false,,
casillas_2850_B_3036,casillas,2850_B_3036,Casilla B - Sección 2850,,false,false,,
casillas_2850_C1_3037,casillas,2850_C1_3037,Casilla C1 - Sección 2850,,false,false,,
casillas_2851_B_3038,casillas,2851_B_3038,Casilla B - Sección 2851,,false,false,,
casillas_2851_C1_3039,casillas,2851_C1_3039,Casilla C1 - Sección 2851,,false,false,,
casillas_2852_B_3040,casillas,2852_B_3040,Casilla B - Sección 2852,,false,false,,
casillas_2853_B_3041,casillas,2853_B_3041,Casilla B - Sección 2853,,false,false,,
casillas_2853_C1_3042,casillas,2853_C1_3042,Casilla C1 - Sección 2853,,false,false,,
casillas_2854_B_3043,casillas,2854_B_3043,Casilla B - Sección 2854,,false,false,,
casillas_2854_C1_3044,casillas,2854_C1_3044,Casilla C1 - Sección 2854,,false,false,,
casillas_2855_C1_3045,casillas,2855_C1_3045,Casilla C1 - Sección 2855,,false,false,,
casillas_2855_B_3046,casillas,2855_B_3046,Casilla B - Sección 2855,,false,false,,
casillas_2856_B_3047,casillas,2856_B_3047,Casilla B - Sección 2856,,false,false,,
casillas_2856_C1_3048,casillas,2856_C1_3048,Casilla C1 - Sección 2856,,false,false,,
casillas_2857_B_3049,casillas,2857_B_3049,Casilla B - Sección 2857,,false,false,,
casillas_2858_C2_3050,casillas,2858_C2_3050,Casilla C2 - Sección 2858,,false,false,,
casillas_2858_C1_3051,casillas,2858_C1_3051,Casilla C1 - Sección 2858,,false,false,,
casillas_2858_B_3052,casillas,2858_B_3052,Casilla B - Sección 2858,,false,false,,
casillas_2859_B_3053,casillas,2859_B_3053,Casilla B - Sección 2859,,false,false,,
casillas_2859_C1_3054,casillas,2859_C1_3054,Casilla C1 - Sección 2859,,false,false,,
casillas_2860_C1_3055,casillas,2860_C1_3055,Casilla C1 - Sección 2860,,false,false,,
casillas_2860_B_3056,casillas,2860_B_3056,Casilla B - Sección 2860,,false,false,,
casillas_2861_B_3057,casillas,2861_B_3057,Casilla B - Sección 2861,,false,false,,
casillas_2862_B_3058,casillas,2862_B_3058,Casilla B - Sección 2862,,false,false,,
casillas_2862_C1_3059,casillas,2862_C1_3059,Casilla C1 - Sección 2862,,false,false,,
casillas_2863_B_3060,casillas,2863_B_3060,Casilla B - Sección 2863,,false,false,,
casillas_2864_B_3061,casillas,2864_B_3061,Casilla B - Sección 2864,,false,false,,
casillas_2864_C1_3062,casillas,2864_C1_3062,Casilla C1 - Sección 2864,,false,false,,
casillas_2865_B_3063,casillas,2865_B_3063,Casilla B - Sección 2865,,false,false,,
casillas_2865_C1_3064,casillas,2865_C1_3064,Casilla C1 - Sección 2865,,false,false,,
casillas_2866_B_3065,casillas,2866_B_3065,Casilla B - Sección 2866,,false,false,,
casillas_2867_B_3066,casillas,2867_B_3066,Casilla B - Sección 2867,,false,false,,
casillas_2867_C1_3067,casillas,2867_C1_3067,Casilla C1 - Sección 2867,,false,false,,
casillas_2868_B_3068,casillas,2868_B_3068,Casilla B - Sección 2868,,false,false,,
casillas_2868_C1_3069,casillas,2868_C1_3069,Casilla C1 - Sección 2868,,false,false,,
casillas_2869_B_3070,casillas,2869_B_3070,Casilla B - Sección 2869,,false,false,,
casillas_2869_C1_3071,casillas,2869_C1_3071,Casilla C1 - Sección 2869,,false,false,,
casillas_2870_B_3072,casillas,2870_B_3072,Casilla B - Sección 2870,,false,false,,
casillas_2870_C1_3073,casillas,2870_C1_3073,Casilla C1 - Sección 2870,,false,false,,
casillas_2871_C1_3074,casillas,2871_C1_3074,Casilla C1 - Sección 2871,,false,false,,
casillas_2871_B_3075,casillas,2871_B_3075,Casilla B - Sección 2871,,false,false,,
casillas_2872_B_3076,casillas,2872_B_3076,Casilla B - Sección 2872,,false,false,,
casillas_2872_C1_3077,casillas,2872_C1_3077,Casilla C1 - Sección 2872,,false,false,,
casillas_2873_B_3078,casillas,2873_B_3078,Casilla B - Sección 2873,,false,false,,
casillas_2873_C1_3079,casillas,2873_C1_3079,Casilla C1 - Sección 2873,,false,false,,
casillas_2874_B_3080,casillas,2874_B_3080,Casilla B - Sección 2874,,false,false,,
casillas_2874_C1_3081,casillas,2874_C1_3081,Casilla C1 - Sección 2874,,false,false,,
casillas_2875_C1_3082,casillas,2875_C1_3082,Casilla C1 - Sección 2875,,false,false,,
casillas_2875_B_3083,casillas,2875_B_3083,Casilla B - Sección 2875,,false,false,,
casillas_2876_B_3084,casillas,2876_B_3084,Casilla B - Sección 2876,,false,false,,
casillas_2876_C1_3085,casillas,2876_C1_3085,Casilla C1 - Sección 2876,,false,false,,
casillas_2877_B_3086,casillas,2877_B_3086,Casilla B - Sección 2877,,false,false,,
casillas_2877_C1_3087,casillas,2877_C1_3087,Casilla C1 - Sección 2877,,false,false,,
casillas_2878_C1_3088,casillas,2878_C1_3088,Casilla C1 - Sección 2878,,false,false,,
casillas_2878_B_3089,casillas,2878_B_3089,Casilla B - Sección 2878,,false,false,,
casillas_2879_B_3090,casillas,2879_B_3090,Casilla B - Sección 2879,,false,false,,
casillas_2880_B_3091,casillas,2880_B_3091,Casilla B - Sección 2880,,false,false,,
casillas_2880_C1_3092,casillas,2880_C1_3092,Casilla C1 - Sección 2880,,false,false,,
casillas_2881_B_3093,casillas,2881_B_3093,Casilla B - Sección 2881,,false,false,,
casillas_2882_B_3094,casillas,2882_B_3094,Casilla B - Sección 2882,,false,false,,
casillas_2882_C1_3095,casillas,2882_C1_3095,Casilla C1 - Sección 2882,,false,false,,
casillas_2883_B_3096,casillas,2883_B_3096,Casilla B - Sección 2883,,false,false,,
casillas_2883_C1_3097,casillas,2883_C1_3097,Casilla C1 - Sección 2883,,false,false,,
casillas_2884_B_3098,casillas,2884_B_3098,Casilla B - Sección 2884,,false,false,,
casillas_2884_C1_3099,casillas,2884_C1_3099,Casilla C1 - Sección 2884,,false,false,,
casillas_2885_B_3100,casillas,2885_B_3100,Casilla B - Sección 2885,,false,false,,
casillas_2885_C1_3101,casillas,2885_C1_3101,Casilla C1 - Sección 2885,,false,false,,
casillas_2886_C1_3102,casillas,2886_C1_3102,Casilla C1 - Sección 2886,,false,false,,
casillas_2886_B_3103,casillas,2886_B_3103,Casilla B - Sección 2886,,false,false,,
casillas_2887_B_3104,casillas,2887_B_3104,Casilla B - Sección 2887,,false,false,,
casillas_2888_B_3105,casillas,2888_B_3105,Casilla B - Sección 2888,,false,false,,
casillas_2888_C1_3106,casillas,2888_C1_3106,Casilla C1 - Sección 2888,,false,false,,
casillas_2889_B_3107,casillas,2889_B_3107,Casilla B - Sección 2889,,false,false,,
casillas_2889_C1_3108,casillas,2889_C1_3108,Casilla C1 - Sección 2889,,false,false,,
casillas_2890_B_3109,casillas,2890_B_3109,Casilla B - Sección 2890,,false,false,,
casillas_2890_C1_3110,casillas,2890_C1_3110,Casilla C1 - Sección 2890,,false,false,,
casillas_2891_C1_3111,casillas,2891_C1_3111,Casilla C1 - Sección 2891,,false,false,,
casillas_2891_B_3112,casillas,2891_B_3112,Casilla B - Sección 2891,,false,false,,
casillas_2892_B_3113,casillas,2892_B_3113,Casilla B - Sección 2892,,false,false,,
casillas_2892_C1_3114,casillas,2892_C1_3114,Casilla C1 - Sección 2892,,false,false,,
casillas_2893_B_3115,casillas,2893_B_3115,Casilla B - Sección 2893,,false,false,,
casillas_2893_C1_3116,casillas,2893_C1_3116,Casilla C1 - Sección 2893,,false,false,,
casillas_2894_B_3117,casillas,2894_B_3117,Casilla B - Sección 2894,,false,false,,
casillas_2894_C1_3118,casillas,2894_C1_3118,Casilla C1 - Sección 2894,,false,false,,
casillas_2895_B_3119,casillas,2895_B_3119,Casilla B - Sección 2895,,false,false,,
casillas_2895_C1_3120,casillas,2895_C1_3120,Casilla C1 - Sección 2895,,false,false,,
casillas_2896_B_3121,casillas,2896_B_3121,Casilla B - Sección 2896,,false,false,,
casillas_2896_C1_3122,casillas,2896_C1_3122,Casilla C1 - Sección 2896,,false,false,,
casillas_2897_B_3123,casillas,2897_B_3123,Casilla B - Sección 2897,,false,false,,
casillas_2897_C1_3124,casillas,2897_C1_3124,Casilla C1 - Sección 2897,,false,false,,
casillas_2898_B_3125,casillas,2898_B_3125,Casilla B - Sección 2898,,false,false,,
casillas_2898_C1_3126,casillas,2898_C1_3126,Casilla C1 - Sección 2898,,false,false,,
casillas_2899_C1_3127,casillas,2899_C1_3127,Casilla C1 - Sección 2899,,false,false,,
casillas_2899_B_3128,casillas,2899_B_3128,Casilla B - Sección 2899,,false,false,,
casillas_2900_B_3129,casillas,2900_B_3129,Casilla B - Sección 2900,,false,false,,
casillas_2900_C1_3130,casillas,2900_C1_3130,Casilla C1 - Sección 2900,,false,false,,
casillas_2901_C1_3131,casillas,2901_C1_3131,Casilla C1 - Sección 2901,,false,false,,
casillas_2901_B_3132,casillas,2901_B_3132,Casilla B - Sección 2901,,false,false,,
casillas_2902_B_3133,casillas,2902_B_3133,Casilla B - Sección 2902,,false,false,,
casillas_2902_C1_3134,casillas,2902_C1_3134,Casilla C1 - Sección 2902,,false,false,,
casillas_3177_B_3135,casillas,3177_B_3135,Casilla B - Sección 3177,,false,false,,
casillas_3177_C1_3136,casillas,3177_C1_3136,Casilla C1 - Sección 3177,,false,false,,
casillas_3177_C2_3137,casillas,3177_C2_3137,Casilla C2 - Sección 3177,,false,false,,
casillas_3177_C3_3138,casillas,3177_C3_3138,Casilla C3 - Sección 3177,,false,false,,
casillas_3177_C4_3139,casillas,3177_C4_3139,Casilla C4 - Sección 3177,,false,false,,
casillas_3178_B_3140,casillas,3178_B_3140,Casilla B - Sección 3178,,false,false,,
casillas_3178_C1_3141,casillas,3178_C1_3141,Casilla C1 - Sección 3178,,false,false,,
casillas_3178_C2_3142,casillas,3178_C2_3142,Casilla C2 - Sección 3178,,false,false,,
casillas_3178_S1_3143,casillas,3178_S1_3143,Casilla S1 - Sección 3178,,false,false,,
casillas_3179_C1_3144,casillas,3179_C1_3144,Casilla C1 - Sección 3179,,false,false,,
casillas_3179_B_3145,casillas,3179_B_3145,Casilla B - Sección 3179,,false,false,,
casillas_3179_C2_3146,casillas,3179_C2_3146,Casilla C2 - Sección 3179,,false,false,,
casillas_3179_C3_3147,casillas,3179_C3_3147,Casilla C3 - Sección 3179,,false,false,,
casillas_3179_C4_3148,casillas,3179_C4_3148,Casilla C4 - Sección 3179,,false,false,,
casillas_3180_B_3149,casillas,3180_B_3149,Casilla B - Sección 3180,,false,false,,
casillas_3180_C1_3150,casillas,3180_C1_3150,Casilla C1 - Sección 3180,,false,false,,
casillas_3181_B_3151,casillas,3181_B_3151,Casilla B - Sección 3181,,false,false,,
casillas_3182_B_3152,casillas,3182_B_3152,Casilla B - Sección 3182,,false,false,,
casillas_3182_C1_3153,casillas,3182_C1_3153,Casilla C1 - Sección 3182,,false,false,,
casillas_3183_B_3154,casillas,3183_B_3154,Casilla B - Sección 3183,,false,false,,
casillas_3183_C1_3155,casillas,3183_C1_3155,Casilla C1 - Sección 3183,,false,false,,
casillas_3184_B_3156,casillas,3184_B_3156,Casilla B - Sección 3184,,false,false,,
casillas_3185_B_3157,casillas,3185_B_3157,Casilla B - Sección 3185,,false,false,,
casillas_3186_B_3158,casillas,3186_B_3158,Casilla B - Sección 3186,,false,false,,
casillas_3187_B_3159,casillas,3187_B_3159,Casilla B - Sección 3187,,false,false,,
casillas_3188_B_3160,casillas,3188_B_3160,Casilla B - Sección 3188,,false,false,,
casillas_3189_B_3161,casillas,3189_B_3161,Casilla B - Sección 3189,,false,false,,
casillas_3190_B_3162,casillas,3190_B_3162,Casilla B - Sección 3190,,false,false,,
casillas_3191_B_3163,casillas,3191_B_3163,Casilla B - Sección 3191,,false,false,,
casillas_3192_B_3164,casillas,3192_B_3164,Casilla B - Sección 3192,,false,false,,
casillas_3192_C1_3165,casillas,3192_C1_3165,Casilla C1 - Sección 3192,,false,false,,
casillas_3193_B_3166,casillas,3193_B_3166,Casilla B - Sección 3193,,false,false,,
casillas_3194_B_3167,casillas,3194_B_3167,Casilla B - Sección 3194,,false,false,,
casillas_3194_C1_3168,casillas,3194_C1_3168,Casilla C1 - Sección 3194,,false,false,,
casillas_3195_B_3169,casillas,3195_B_3169,Casilla B - Sección 3195,,false,false,,
casillas_3196_B_3170,casillas,3196_B_3170,Casilla B - Sección 3196,,false,false,,
casillas_3196_C1_3171,casillas,3196_C1_3171,Casilla C1 - Sección 3196,,false,false,,
casillas_3197_B_3172,casillas,3197_B_3172,Casilla B - Sección 3197,,false,false,,
casillas_3198_B_3173,casillas,3198_B_3173,Casilla B - Sección 3198,,false,false,,
casillas_3199_B_3174,casillas,3199_B_3174,Casilla B - Sección 3199,,false,false,,
casillas_3200_B_3175,casillas,3200_B_3175,Casilla B - Sección 3200,,false,false,,
casillas_3200_C1_3176,casillas,3200_C1_3176,Casilla C1 - Sección 3200,,false,false,,
casillas_3201_B_3177,casillas,3201_B_3177,Casilla B - Sección 3201,,false,false,,
casillas_3202_B_3178,casillas,3202_B_3178,Casilla B - Sección 3202,,false,false,,
casillas_3203_B_3179,casillas,3203_B_3179,Casilla B - Sección 3203,,false,false,,
casillas_3204_B_3180,casillas,3204_B_3180,Casilla B - Sección 3204,,false,false,,
casillas_3205_B_3181,casillas,3205_B_3181,Casilla B - Sección 3205,,false,false,,
casillas_3206_B_3182,casillas,3206_B_3182,Casilla B - Sección 3206,,false,false,,
casillas_3206_C1_3183,casillas,3206_C1_3183,Casilla C1 - Sección 3206,,false,false,,
casillas_3207_B_3184,casillas,3207_B_3184,Casilla B - Sección 3207,,false,false,,
casillas_3207_C1_3185,casillas,3207_C1_3185,Casilla C1 - Sección 3207,,false,false,,
casillas_3208_B_3186,casillas,3208_B_3186,Casilla B - Sección 3208,,false,false,,
casillas_3208_C1_3187,casillas,3208_C1_3187,Casilla C1 - Sección 3208,,false,false,,
casillas_3209_B_3188,casillas,3209_B_3188,Casilla B - Sección 3209,,false,false,,
casillas_3210_B_3189,casillas,3210_B_3189,Casilla B - Sección 3210,,false,false,,
casillas_3211_B_3190,casillas,3211_B_3190,Casilla B - Sección 3211,,false,false,,
casillas_3211_C1_3191,casillas,3211_C1_3191,Casilla C1 - Sección 3211,,false,false,,
casillas_3212_B_3192,casillas,3212_B_3192,Casilla B - Sección 3212,,false,false,,
casillas_3213_B_3193,casillas,3213_B_3193,Casilla B - Sección 3213,,false,false,,
casillas_3213_C1_3194,casillas,3213_C1_3194,Casilla C1 - Sección 3213,,false,false,,
casillas_3279_B_3195,casillas,3279_B_3195,Casilla B - Sección 3279,,false,false,,
casillas_3279_C1_3196,casillas,3279_C1_3196,Casilla C1 - Sección 3279,,false,false,,
casillas_3279_C2_3197,casillas,3279_C2_3197,Casilla C2 - Sección 3279,,false,false,,
casillas_3279_C3_3198,casillas,3279_C3_3198,Casilla C3 - Sección 3279,,false,false,,
casillas_3279_C4_3199,casillas,3279_C4_3199,Casilla C4 - Sección 3279,,false,false,,
casillas_3281_B_3200,casillas,3281_B_3200,Casilla B - Sección 3281,,false,false,,
casillas_3281_C1_3201,casillas,3281_C1_3201,Casilla C1 - Sección 3281,,false,false,,
casillas_3285_B_3202,casillas,3285_B_3202,Casilla B - Sección 3285,,false,false,,
casillas_3285_C1_3203,casillas,3285_C1_3203,Casilla C1 - Sección 3285,,false,false,,
casillas_3285_C2_3204,casillas,3285_C2_3204,Casilla C2 - Sección 3285,,false,false,,
casillas_3285_C3_3205,casillas,3285_C3_3205,Casilla C3 - Sección 3285,,false,false,,
casillas_3286_B_3206,casillas,3286_B_3206,Casilla B - Sección 3286,,false,false,,
casillas_3286_C1_3207,casillas,3286_C1_3207,Casilla C1 - Sección 3286,,false,false,,
casillas_3286_C2_3208,casillas,3286_C2_3208,Casilla C2 - Sección 3286,,false,false,,
casillas_3286_C3_3209,casillas,3286_C3_3209,Casilla C3 - Sección 3286,,false,false,,
casillas_3287_B_3210,casillas,3287_B_3210,Casilla B - Sección 3287,,false,false,,
casillas_3287_C1_3211,casillas,3287_C1_3211,Casilla C1 - Sección 3287,,false,false,,
casillas_3289_B_3212,casillas,3289_B_3212,Casilla B - Sección 3289,,false,false,,
casillas_3289_C1_3213,casillas,3289_C1_3213,Casilla C1 - Sección 3289,,false,false,,
casillas_3290_B_3214,casillas,3290_B_3214,Casilla B - Sección 3290,,false,false,,
casillas_3290_C1_3215,casillas,3290_C1_3215,Casilla C1 - Sección 3290,,false,false,,
casillas_3290_C2_3216,casillas,3290_C2_3216,Casilla C2 - Sección 3290,,false,false,,
casillas_3290_C3_3217,casillas,3290_C3_3217,Casilla C3 - Sección 3290,,false,false,,
casillas_3344_C2_3218,casillas,3344_C2_3218,Casilla C2 - Sección 3344,,false,false,,
casillas_3344_C1_3219,casillas,3344_C1_3219,Casilla C1 - Sección 3344,,false,false,,
casillas_3344_B_3220,casillas,3344_B_3220,Casilla B - Sección 3344,,false,false,,
casillas_3345_B_3221,casillas,3345_B_3221,Casilla B - Sección 3345,,false,false,,
casillas_3345_C1_3222,casillas,3345_C1_3222,Casilla C1 - Sección 3345,,false,false,,
casillas_3345_C2_3223,casillas,3345_C2_3223,Casilla C2 - Sección 3345,,false,false,,
casillas_3345_C3_3224,casillas,3345_C3_3224,Casilla C3 - Sección 3345,,false,false,,
casillas_3346_B_3225,casillas,3346_B_3225,Casilla B - Sección 3346,,false,false,,
casillas_3346_C1_3226,casillas,3346_C1_3226,Casilla C1 - Sección 3346,,false,false,,
casillas_3346_C2_3227,casillas,3346_C2_3227,Casilla C2 - Sección 3346,,false,false,,
casillas_3347_C1_3228,casillas,3347_C1_3228,Casilla C1 - Sección 3347,,false,false,,
casillas_3347_B_3229,casillas,3347_B_3229,Casilla B - Sección 3347,,false,false,,
casillas_3347_C2_3230,casillas,3347_C2_3230,Casilla C2 - Sección 3347,,false,false,,
casillas_3348_B_3231,casillas,3348_B_3231,Casilla B - Sección 3348,,false,false,,
casillas_3348_C1_3232,casillas,3348_C1_3232,Casilla C1 - Sección 3348,,false,false,,
casillas_3348_C2_3233,casillas,3348_C2_3233,Casilla C2 - Sección 3348,,false,false,,
casillas_3348_C3_3234,casillas,3348_C3_3234,Casilla C3 - Sección 3348,,false,false,,
casillas_3348_C4_3235,casillas,3348_C4_3235,Casilla C4 - Sección 3348,,false,false,,
casillas_3349_B_3236,casillas,3349_B_3236,Casilla B - Sección 3349,,false,false,,
casillas_3349_C1_3237,casillas,3349_C1_3237,Casilla C1 - Sección 3349,,false,false,,
casillas_3349_C2_3238,casillas,3349_C2_3238,Casilla C2 - Sección 3349,,false,false,,
casillas_3349_C3_3239,casillas,3349_C3_3239,Casilla C3 - Sección 3349,,false,false,,
casillas_3350_B_3240,casillas,3350_B_3240,Casilla B - Sección 3350,,false,false,,
casillas_3350_C1_3241,casillas,3350_C1_3241,Casilla C1 - Sección 3350,,false,false,,
casillas_3350_C2_3242,casillas,3350_C2_3242,Casilla C2 - Sección 3350,,false,false,,
casillas_3350_C3_3243,casillas,3350_C3_3243,Casilla C3 - Sección 3350,,false,false,,
casillas_626_B_3244,casillas,626_B_3244,Casilla B - Sección 626,,false,false,,
casillas_626_C1_3245,casillas,626_C1_3245,Casilla C1 - Sección 626,,false,false,,
casillas_626_C2_3246,casillas,626_C2_3246,Casilla C2 - Sección 626,,false,false,,
casillas_631_B_3247,casillas,631_B_3247,Casilla B - Sección 631,,false,false,,
casillas_631_C1_3248,casillas,631_C1_3248,Casilla C1 - Sección 631,,false,false,,
casillas_632_C1_3249,casillas,632_C1_3249,Casilla C1 - Sección 632,,false,false,,
casillas_632_B_3250,casillas,632_B_3250,Casilla B - Sección 632,,false,false,,
casillas_634_B_3251,casillas,634_B_3251,Casilla B - Sección 634,,false,false,,
casillas_635_B_3252,casillas,635_B_3252,Casilla B - Sección 635,,false,false,,
casillas_636_B_3253,casillas,636_B_3253,Casilla B - Sección 636,,false,false,,
casillas_636_C1_3254,casillas,636_C1_3254,Casilla C1 - Sección 636,,false,false,,
casillas_637_B_3255,casillas,637_B_3255,Casilla B - Sección 637,,false,false,,
casillas_638_B_3256,casillas,638_B_3256,Casilla B - Sección 638,,false,false,,
casillas_639_B_3257,casillas,639_B_3257,Casilla B - Sección 639,,false,false,,
casillas_639_C1_3258,casillas,639_C1_3258,Casilla C1 - Sección 639,,false,false,,
casillas_640_B_3259,casillas,640_B_3259,Casilla B - Sección 640,,false,false,,
casillas_640_C1_3260,casillas,640_C1_3260,Casilla C1 - Sección 640,,false,false,,
casillas_642_B_3261,casillas,642_B_3261,Casilla B - Sección 642,,false,false,,
casillas_642_C1_3262,casillas,642_C1_3262,Casilla C1 - Sección 642,,false,false,,
casillas_643_C1_3263,casillas,643_C1_3263,Casilla C1 - Sección 643,,false,false,,
casillas_643_B_3264,casillas,643_B_3264,Casilla B - Sección 643,,false,false,,
casillas_644_B_3265,casillas,644_B_3265,Casilla B - Sección 644,,false,false,,
casillas_644_C1_3266,casillas,644_C1_3266,Casilla C1 - Sección 644,,false,false,,
casillas_645_B_3267,casillas,645_B_3267,Casilla B - Sección 645,,false,false,,
casillas_654_B_3268,casillas,654_B_3268,Casilla B - Sección 654,,false,false,,
casillas_654_C1_3269,casillas,654_C1_3269,Casilla C1 - Sección 654,,false,false,,
casillas_655_B_3270,casillas,655_B_3270,Casilla B - Sección 655,,false,false,,
casillas_656_B_3271,casillas,656_B_3271,Casilla B - Sección 656,,false,false,,
casillas_657_B_3272,casillas,657_B_3272,Casilla B - Sección 657,,false,false,,
casillas_657_C1_3273,casillas,657_C1_3273,Casilla C1 - Sección 657,,false,false,,
casillas_658_B_3274,casillas,658_B_3274,Casilla B - Sección 658,,false,false,,
casillas_659_B_3275,casillas,659_B_3275,Casilla B - Sección 659,,false,false,,
casillas_660_B_3276,casillas,660_B_3276,Casilla B - Sección 660,,false,false,,
casillas_660_C1_3277,casillas,660_C1_3277,Casilla C1 - Sección 660,,false,false,,
casillas_661_B_3278,casillas,661_B_3278,Casilla B - Sección 661,,false,false,,
casillas_661_C1_3279,casillas,661_C1_3279,Casilla C1 - Sección 661,,false,false,,
casillas_661_C2_3280,casillas,661_C2_3280,Casilla C2 - Sección 661,,false,false,,
casillas_661_C3_3281,casillas,661_C3_3281,Casilla C3 - Sección 661,,false,false,,
casillas_661_C4_3282,casillas,661_C4_3282,Casilla C4 - Sección 661,,false,false,,
casillas_675_B_3283,casillas,675_B_3283,Casilla B - Sección 675,,false,false,,
casillas_676_B_3284,casillas,676_B_3284,Casilla B - Sección 676,,false,false,,
casillas_676_C1_3285,casillas,676_C1_3285,Casilla C1 - Sección 676,,false,false,,
casillas_677_B_3286,casillas,677_B_3286,Casilla B - Sección 677,,false,false,,
casillas_678_B_3287,casillas,678_B_3287,Casilla B - Sección 678,,false,false,,
casillas_679_C1_3288,casillas,679_C1_3288,Casilla C1 - Sección 679,,false,false,,
casillas_679_B_3289,casillas,679_B_3289,Casilla B - Sección 679,,false,false,,
casillas_680_B_3290,casillas,680_B_3290,Casilla B - Sección 680,,false,false,,
casillas_681_B_3291,casillas,681_B_3291,Casilla B - Sección 681,,false,false,,
casillas_682_B_3292,casillas,682_B_3292,Casilla B - Sección 682,,false,false,,
casillas_696_B_3293,casillas,696_B_3293,Casilla B - Sección 696,,false,false,,
casillas_696_C1_3294,casillas,696_C1_3294,Casilla C1 - Sección 696,,false,false,,
casillas_697_B_3295,casillas,697_B_3295,Casilla B - Sección 697,,false,false,,
casillas_697_C1_3296,casillas,697_C1_3296,Casilla C1 - Sección 697,,false,false,,
casillas_698_B_3297,casillas,698_B_3297,Casilla B - Sección 698,,false,false,,
casillas_699_B_3298,casillas,699_B_3298,Casilla B - Sección 699,,false,false,,
casillas_699_C1_3299,casillas,699_C1_3299,Casilla C1 - Sección 699,,false,false,,
casillas_700_B_3300,casillas,700_B_3300,Casilla B - Sección 700,,false,false,,
casillas_701_B_3301,casillas,701_B_3301,Casilla B - Sección 701,,false,false,,
casillas_702_B_3302,casillas,702_B_3302,Casilla B - Sección 702,,false,false,,
casillas_703_B_3303,casillas,703_B_3303,Casilla B - Sección 703,,false,false,,
casillas_703_C1_3304,casillas,703_C1_3304,Casilla C1 - Sección 703,,false,false,,
casillas_704_B_3305,casillas,704_B_3305,Casilla B - Sección 704,,false,false,,
casillas_704_C1_3306,casillas,704_C1_3306,Casilla C1 - Sección 704,,false,false,,
casillas_705_B_3307,casillas,705_B_3307,Casilla B - Sección 705,,false,false,,
casillas_705_C1_3308,casillas,705_C1_3308,Casilla C1 - Sección 705,,false,false,,
casillas_706_B_3309,casillas,706_B_3309,Casilla B - Sección 706,,false,false,,
casillas_707_B_3310,casillas,707_B_3310,Casilla B - Sección 707,,false,false,,
casillas_708_B_3311,casillas,708_B_3311,Casilla B - Sección 708,,false,false,,
casillas_709_B_3312,casillas,709_B_3312,Casilla B - Sección 709,,false,false,,
casillas_710_B_3313,casillas,710_B_3313,Casilla B - Sección 710,,false,false,,
casillas_720_B_3314,casillas,720_B_3314,Casilla B - Sección 720,,false,false,,
casillas_720_C1_3315,casillas,720_C1_3315,Casilla C1 - Sección 720,,false,false,,
casillas_721_B_3316,casillas,721_B_3316,Casilla B - Sección 721,,false,false,,
casillas_721_C1_3317,casillas,721_C1_3317,Casilla C1 - Sección 721,,false,false,,
casillas_722_B_3318,casillas,722_B_3318,Casilla B - Sección 722,,false,false,,
casillas_722_C1_3319,casillas,722_C1_3319,Casilla C1 - Sección 722,,false,false,,
casillas_723_B_3320,casillas,723_B_3320,Casilla B - Sección 723,,false,false,,
casillas_723_C1_3321,casillas,723_C1_3321,Casilla C1 - Sección 723,,false,false,,
casillas_724_B_3322,casillas,724_B_3322,Casilla B - Sección 724,,false,false,,
casillas_724_C1_3323,casillas,724_C1_3323,Casilla C1 - Sección 724,,false,false,,
casillas_725_B_3324,casillas,725_B_3324,Casilla B - Sección 725,,false,false,,
casillas_725_C1_3325,casillas,725_C1_3325,Casilla C1 - Sección 725,,false,false,,
casillas_725_C2_3326,casillas,725_C2_3326,Casilla C2 - Sección 725,,false,false,,
casillas_726_C2_3327,casillas,726_C2_3327,Casilla C2 - Sección 726,,false,false,,
casillas_726_B_3328,casillas,726_B_3328,Casilla B - Sección 726,,false,false,,
casillas_726_C1_3329,casillas,726_C1_3329,Casilla C1 - Sección 726,,false,false,,
casillas_727_B_3330,casillas,727_B_3330,Casilla B - Sección 727,,false,false,,
casillas_728_B_3331,casillas,728_B_3331,Casilla B - Sección 728,,false,false,,
casillas_729_B_3332,casillas,729_B_3332,Casilla B - Sección 729,,false,false,,
casillas_730_B_3333,casillas,730_B_3333,Casilla B - Sección 730,,false,false,,
casillas_730_C1_3334,casillas,730_C1_3334,Casilla C1 - Sección 730,,false,false,,
casillas_731_B_3335,casillas,731_B_3335,Casilla B - Sección 731,,false,false,,
casillas_732_B_3336,casillas,732_B_3336,Casilla B - Sección 732,,false,false,,
casillas_733_B_3337,casillas,733_B_3337,Casilla B - Sección 733,,false,false,,
casillas_734_B_3338,casillas,734_B_3338,Casilla B - Sección 734,,false,false,,
casillas_734_C1_3339,casillas,734_C1_3339,Casilla C1 - Sección 734,,false,false,,
casillas_735_B_3340,casillas,735_B_3340,Casilla B - Sección 735,,false,false,,
casillas_736_B_3341,casillas,736_B_3341,Casilla B - Sección 736,,false,false,,
casillas_736_C1_3342,casillas,736_C1_3342,Casilla C1 - Sección 736,,false,false,,
casillas_737_B_3343,casillas,737_B_3343,Casilla B - Sección 737,,false,false,,
casillas_743_B_3344,casillas,743_B_3344,Casilla B - Sección 743,,false,false,,
casillas_744_B_3345,casillas,744_B_3345,Casilla B - Sección 744,,false,false,,
casillas_745_B_3346,casillas,745_B_3346,Casilla B - Sección 745,,false,false,,
casillas_745_C1_3347,casillas,745_C1_3347,Casilla C1 - Sección 745,,false,false,,
casillas_746_B_3348,casillas,746_B_3348,Casilla B - Sección 746,,false,false,,
casillas_746_C1_3349,casillas,746_C1_3349,Casilla C1 - Sección 746,,false,false,,
casillas_747_B_3350,casillas,747_B_3350,Casilla B - Sección 747,,false,false,,
casillas_748_C1_3351,casillas,748_C1_3351,Casilla C1 - Sección 748,,false,false,,
casillas_748_B_3352,casillas,748_B_3352,Casilla B - Sección 748,,false,false,,
casillas_749_B_3353,casillas,749_B_3353,Casilla B - Sección 749,,false,false,,
casillas_750_B_3354,casillas,750_B_3354,Casilla B - Sección 750,,false,false,,
casillas_751_B_3355,casillas,751_B_3355,Casilla B - Sección 751,,false,false,,
casillas_752_B_3356,casillas,752_B_3356,Casilla B - Sección 752,,false,false,,
casillas_752_C1_3357,casillas,752_C1_3357,Casilla C1 - Sección 752,,false,false,,
casillas_753_B_3358,casillas,753_B_3358,Casilla B - Sección 753,,false,false,,
casillas_753_C1_3359,casillas,753_C1_3359,Casilla C1 - Sección 753,,false,false,,
casillas_753_C2_3360,casillas,753_C2_3360,Casilla C2 - Sección 753,,false,false,,
casillas_753_C3_3361,casillas,753_C3_3361,Casilla C3 - Sección 753,,false,false,,
casillas_757_B_3362,casillas,757_B_3362,Casilla B - Sección 757,,false,false,,
casillas_757_C1_3363,casillas,757_C1_3363,Casilla C1 - Sección 757,,false,false,,
casillas_758_B_3364,casillas,758_B_3364,Casilla B - Sección 758,,false,false,,
casillas_758_C1_3365,casillas,758_C1_3365,Casilla C1 - Sección 758,,false,false,,
casillas_759_B_3366,casillas,759_B_3366,Casilla B - Sección 759,,false,false,,
casillas_759_C1_3367,casillas,759_C1_3367,Casilla C1 - Sección 759,,false,false,,
casillas_760_B_3368,casillas,760_B_3368,Casilla B - Sección 760,,false,false,,
casillas_760_C1_3369,casillas,760_C1_3369,Casilla C1 - Sección 760,,false,false,,
casillas_761_B_3370,casillas,761_B_3370,Casilla B - Sección 761,,false,false,,
casillas_761_C1_3371,casillas,761_C1_3371,Casilla C1 - Sección 761,,false,false,,
casillas_762_B_3372,casillas,762_B_3372,Casilla B - Sección 762,,false,false,,
casillas_762_C1_3373,casillas,762_C1_3373,Casilla C1 - Sección 762,,false,false,,
casillas_763_B_3374,casillas,763_B_3374,Casilla B - Sección 763,,false,false,,
casillas_763_C1_3375,casillas,763_C1_3375,Casilla C1 - Sección 763,,false,false,,
casillas_764_B_3376,casillas,764_B_3376,Casilla B - Sección 764,,false,false,,
casillas_771_C1_3377,casillas,771_C1_3377,Casilla C1 - Sección 771,,false,false,,
casillas_771_B_3378,casillas,771_B_3378,Casilla B - Sección 771,,false,false,,
casillas_772_B_3379,casillas,772_B_3379,Casilla B - Sección 772,,false,false,,
casillas_772_C1_3380,casillas,772_C1_3380,Casilla C1 - Sección 772,,false,false,,
casillas_773_B_3381,casillas,773_B_3381,Casilla B - Sección 773,,false,false,,
casillas_773_C1_3382,casillas,773_C1_3382,Casilla C1 - Sección 773,,false,false,,
casillas_774_B_3383,casillas,774_B_3383,Casilla B - Sección 774,,false,false,,
casillas_774_C1_3384,casillas,774_C1_3384,Casilla C1 - Sección 774,,false,false,,
casillas_775_B_3385,casillas,775_B_3385,Casilla B - Sección 775,,false,false,,
casillas_775_C1_3386,casillas,775_C1_3386,Casilla C1 - Sección 775,,false,false,,
casillas_777_B_3387,casillas,777_B_3387,Casilla B - Sección 777,,false,false,,
casillas_777_C1_3388,casillas,777_C1_3388,Casilla C1 - Sección 777,,false,false,,
casillas_778_B_3389,casillas,778_B_3389,Casilla B - Sección 778,,false,false,,
casillas_778_C1_3390,casillas,778_C1_3390,Casilla C1 - Sección 778,,false,false,,
casillas_779_B_3391,casillas,779_B_3391,Casilla B - Sección 779,,false,false,,
casillas_779_C1_3392,casillas,779_C1_3392,Casilla C1 - Sección 779,,false,false,,
casillas_780_B_3393,casillas,780_B_3393,Casilla B - Sección 780,,false,false,,
casillas_781_B_3394,casillas,781_B_3394,Casilla B - Sección 781,,false,false,,
casillas_795_B_3395,casillas,795_B_3395,Casilla B - Sección 795,,false,false,,
casillas_795_C1_3396,casillas,795_C1_3396,Casilla C1 - Sección 795,,false,false,,
casillas_796_B_3397,casillas,796_B_3397,Casilla B - Sección 796,,false,false,,
casillas_797_B_3398,casillas,797_B_3398,Casilla B - Sección 797,,false,false,,
casillas_798_B_3399,casillas,798_B_3399,Casilla B - Sección 798,,false,false,,
casillas_799_B_3400,casillas,799_B_3400,Casilla B - Sección 799,,false,false,,
casillas_800_B_3401,casillas,800_B_3401,Casilla B - Sección 800,,false,false,,
casillas_800_C1_3402,casillas,800_C1_3402,Casilla C1 - Sección 800,,false,false,,
casillas_800_S1_3403,casillas,800_S1_3403,Casilla S1 - Sección 800,,false,false,,
casillas_801_B_3404,casillas,801_B_3404,Casilla B - Sección 801,,false,false,,
casillas_801_C1_3405,casillas,801_C1_3405,Casilla C1 - Sección 801,,false,false,,
casillas_802_B_3406,casillas,802_B_3406,Casilla B - Sección 802,,false,false,,
casillas_803_B_3407,casillas,803_B_3407,Casilla B - Sección 803,,false,false,,
casillas_804_B_3408,casillas,804_B_3408,Casilla B - Sección 804,,false,false,,
casillas_804_C1_3409,casillas,804_C1_3409,Casilla C1 - Sección 804,,false,false,,
casillas_806_B_3410,casillas,806_B_3410,Casilla B - Sección 806,,false,false,,
casillas_806_C1_3411,casillas,806_C1_3411,Casilla C1 - Sección 806,,false,false,,
casillas_807_B_3412,casillas,807_B_3412,Casilla B - Sección 807,,false,false,,
casillas_807_C1_3413,casillas,807_C1_3413,Casilla C1 - Sección 807,,false,false,,
casillas_808_B_3414,casillas,808_B_3414,Casilla B - Sección 808,,false,false,,
casillas_808_C1_3415,casillas,808_C1_3415,Casilla C1 - Sección 808,,false,false,,
casillas_809_B_3416,casillas,809_B_3416,Casilla B - Sección 809,,false,false,,
casillas_819_B_3417,casillas,819_B_3417,Casilla B - Sección 819,,false,false,,
casillas_820_B_3418,casillas,820_B_3418,Casilla B - Sección 820,,false,false,,
casillas_822_B_3419,casillas,822_B_3419,Casilla B - Sección 822,,false,false,,
casillas_828_B_3420,casillas,828_B_3420,Casilla B - Sección 828,,false,false,,
casillas_829_B_3421,casillas,829_B_3421,Casilla B - Sección 829,,false,false,,
casillas_829_C1_3422,casillas,829_C1_3422,Casilla C1 - Sección 829,,false,false,,
casillas_830_B_3423,casillas,830_B_3423,Casilla B - Sección 830,,false,false,,
casillas_835_B_3424,casillas,835_B_3424,Casilla B - Sección 835,,false,false,,
casillas_843_B_3425,casillas,843_B_3425,Casilla B - Sección 843,,false,false,,
casillas_612_B_3426,casillas,612_B_3426,Casilla B - Sección 612,,false,false,,
casillas_612_C1_3427,casillas,612_C1_3427,Casilla C1 - Sección 612,,false,false,,
casillas_612_C2_3428,casillas,612_C2_3428,Casilla C2 - Sección 612,,false,false,,
casillas_612_C3_3429,casillas,612_C3_3429,Casilla C3 - Sección 612,,false,false,,
casillas_612_C4_3430,casillas,612_C4_3430,Casilla C4 - Sección 612,,false,false,,
casillas_612_C5_3431,casillas,612_C5_3431,Casilla C5 - Sección 612,,false,false,,
casillas_612_C6_3432,casillas,612_C6_3432,Casilla C6 - Sección 612,,false,false,,
casillas_612_C7_3433,casillas,612_C7_3433,Casilla C7 - Sección 612,,false,false,,
casillas_3288_B_3434,casillas,3288_B_3434,Casilla B - Sección 3288,,false,false,,
casillas_3288_C1_3435,casillas,3288_C1_3435,Casilla C1 - Sección 3288,,false,false,,
casillas_3291_B_3436,casillas,3291_B_3436,Casilla B - Sección 3291,,false,false,,
casillas_3291_C1_3437,casillas,3291_C1_3437,Casilla C1 - Sección 3291,,false,false,,
casillas_3292_B_3438,casillas,3292_B_3438,Casilla B - Sección 3292,,false,false,,
casillas_3292_C1_3439,casillas,3292_C1_3439,Casilla C1 - Sección 3292,,false,false,,
casillas_3292_C2_3440,casillas,3292_C2_3440,Casilla C2 - Sección 3292,,false,false,,
casillas_3293_B_3441,casillas,3293_B_3441,Casilla B - Sección 3293,,false,false,,
casillas_3294_B_3442,casillas,3294_B_3442,Casilla B - Sección 3294,,false,false,,
casillas_3294_C1_3443,casillas,3294_C1_3443,Casilla C1 - Sección 3294,,false,false,,
casillas_3294_C2_3444,casillas,3294_C2_3444,Casilla C2 - Sección 3294,,false,false,,
casillas_3294_C3_3445,casillas,3294_C3_3445,Casilla C3 - Sección 3294,,false,false,,
casillas_402_B_3446,casillas,402_B_3446,Casilla B - Sección 402,,false,false,,
casillas_402_C1_3447,casillas,402_C1_3447,Casilla C1 - Sección 402,,false,false,,
casillas_403_B_3448,casillas,403_B_3448,Casilla B - Sección 403,,false,false,,
casillas_403_C1_3449,casillas,403_C1_3449,Casilla C1 - Sección 403,,false,false,,
casillas_404_B_3450,casillas,404_B_3450,Casilla B - Sección 404,,false,false,,
casillas_405_B_3451,casillas,405_B_3451,Casilla B - Sección 405,,false,false,,
casillas_405_C1_3452,casillas,405_C1_3452,Casilla C1 - Sección 405,,false,false,,
casillas_406_B_3453,casillas,406_B_3453,Casilla B - Sección 406,,false,false,,
casillas_407_B_3454,casillas,407_B_3454,Casilla B - Sección 407,,false,false,,
casillas_408_B_3455,casillas,408_B_3455,Casilla B - Sección 408,,false,false,,
casillas_408_C1_3456,casillas,408_C1_3456,Casilla C1 - Sección 408,,false,false,,
casillas_409_B_3457,casillas,409_B_3457,Casilla B - Sección 409,,false,false,,
casillas_410_B_3458,casillas,410_B_3458,Casilla B - Sección 410,,false,false,,
casillas_410_C1_3459,casillas,410_C1_3459,Casilla C1 - Sección 410,,false,false,,
casillas_411_B_3460,casillas,411_B_3460,Casilla B - Sección 411,,false,false,,
casillas_411_C1_3461,casillas,411_C1_3461,Casilla C1 - Sección 411,,false,false,,
casillas_412_B_3462,casillas,412_B_3462,Casilla B - Sección 412,,false,false,,
casillas_412_C1_3463,casillas,412_C1_3463,Casilla C1 - Sección 412,,false,false,,
casillas_413_B_3464,casillas,413_B_3464,Casilla B - Sección 413,,false,false,,
casillas_413_C1_3465,casillas,413_C1_3465,Casilla C1 - Sección 413,,false,false,,
casillas_414_B_3466,casillas,414_B_3466,Casilla B - Sección 414,,false,false,,
casillas_414_C1_3467,casillas,414_C1_3467,Casilla C1 - Sección 414,,false,false,,
casillas_625_B_3468,casillas,625_B_3468,Casilla B - Sección 625,,false,false,,
casillas_625_C1_3469,casillas,625_C1_3469,Casilla C1 - Sección 625,,false,false,,
casillas_641_B_3470,casillas,641_B_3470,Casilla B - Sección 641,,false,false,,
casillas_641_C1_3471,casillas,641_C1_3471,Casilla C1 - Sección 641,,false,false,,
casillas_641_C10_3472,casillas,641_C10_3472,Casilla C10 - Sección 641,,false,false,,
casillas_641_C11_3473,casillas,641_C11_3473,Casilla C11 - Sección 641,,false,false,,
casillas_641_C12_3474,casillas,641_C12_3474,Casilla C12 - Sección 641,,false,false,,
casillas_641_C13_3475,casillas,641_C13_3475,Casilla C13 - Sección 641,,false,false,,
casillas_641_C14_3476,casillas,641_C14_3476,Casilla C14 - Sección 641,,false,false,,
casillas_641_C15_3477,casillas,641_C15_3477,Casilla C15 - Sección 641,,false,false,,
casillas_641_C16_3478,casillas,641_C16_3478,Casilla C16 - Sección 641,,false,false,,
casillas_641_C17_3479,casillas,641_C17_3479,Casilla C17 - Sección 641,,false,false,,
casillas_641_C2_3480,casillas,641_C2_3480,Casilla C2 - Sección 641,,false,false,,
casillas_641_C3_3481,casillas,641_C3_3481,Casilla C3 - Sección 641,,false,false,,
casillas_641_C4_3482,casillas,641_C4_3482,Casilla C4 - Sección 641,,false,false,,
casillas_641_C5_3483,casillas,641_C5_3483,Casilla C5 - Sección 641,,false,false,,
casillas_641_C6_3484,casillas,641_C6_3484,Casilla C6 - Sección 641,,false,false,,
casillas_641_C7_3485,casillas,641_C7_3485,Casilla C7 - Sección 641,,false,false,,
casillas_641_C8_3486,casillas,641_C8_3486,Casilla C8 - Sección 641,,false,false,,
casillas_641_C9_3487,casillas,641_C9_3487,Casilla C9 - Sección 641,,false,false,,
casillas_653_B_3488,casillas,653_B_3488,Casilla B - Sección 653,,false,false,,
casillas_653_C1_3489,casillas,653_C1_3489,Casilla C1 - Sección 653,,false,false,,
casillas_653_C2_3490,casillas,653_C2_3490,Casilla C2 - Sección 653,,false,false,,
casillas_653_C3_3491,casillas,653_C3_3491,Casilla C3 - Sección 653,,false,false,,
casillas_653_C4_3492,casillas,653_C4_3492,Casilla C4 - Sección 653,,false,false,,
casillas_653_C5_3493,casillas,653_C5_3493,Casilla C5 - Sección 653,,false,false,,
casillas_653_C6_3494,casillas,653_C6_3494,Casilla C6 - Sección 653,,false,false,,
casillas_653_C7_3495,casillas,653_C7_3495,Casilla C7 - Sección 653,,false,false,,
casillas_754_B_3496,casillas,754_B_3496,Casilla B - Sección 754,,false,false,,
casillas_754_C1_3497,casillas,754_C1_3497,Casilla C1 - Sección 754,,false,false,,
casillas_754_C10_3498,casillas,754_C10_3498,Casilla C10 - Sección 754,,false,false,,
casillas_754_C2_3499,casillas,754_C2_3499,Casilla C2 - Sección 754,,false,false,,
casillas_754_C3_3500,casillas,754_C3_3500,Casilla C3 - Sección 754,,false,false,,
casillas_754_C4_3501,casillas,754_C4_3501,Casilla C4 - Sección 754,,false,false,,
casillas_754_C5_3502,casillas,754_C5_3502,Casilla C5 - Sección 754,,false,false,,
casillas_754_C6_3503,casillas,754_C6_3503,Casilla C6 - Sección 754,,false,false,,
casillas_754_C7_3504,casillas,754_C7_3504,Casilla C7 - Sección 754,,false,false,,
casillas_754_C8_3505,casillas,754_C8_3505,Casilla C8 - Sección 754,,false,false,,
casillas_754_C9_3506,casillas,754_C9_3506,Casilla C9 - Sección 754,,false,false,,
casillas_755_B_3507,casillas,755_B_3507,Casilla B - Sección 755,,false,false,,
casillas_756_B_3508,casillas,756_B_3508,Casilla B - Sección 756,,false,false,,
casillas_756_C1_3509,casillas,756_C1_3509,Casilla C1 - Sección 756,,false,false,,
casillas_776_B_3510,casillas,776_B_3510,Casilla B - Sección 776,,false,false,,
casillas_805_B_3511,casillas,805_B_3511,Casilla B - Sección 805,,false,false,,
casillas_805_C1_3512,casillas,805_C1_3512,Casilla C1 - Sección 805,,false,false,,
casillas_805_C10_3513,casillas,805_C10_3513,Casilla C10 - Sección 805,,false,false,,
casillas_805_C11_3514,casillas,805_C11_3514,Casilla C11 - Sección 805,,false,false,,
casillas_805_C12_3515,casillas,805_C12_3515,Casilla C12 - Sección 805,,false,false,,
casillas_805_C2_3516,casillas,805_C2_3516,Casilla C2 - Sección 805,,false,false,,
casillas_805_C3_3517,casillas,805_C3_3517,Casilla C3 - Sección 805,,false,false,,
casillas_805_C4_3518,casillas,805_C4_3518,Casilla C4 - Sección 805,,false,false,,
casillas_805_C5_3519,casillas,805_C5_3519,Casilla C5 - Sección 805,,false,false,,
casillas_805_C6_3520,casillas,805_C6_3520,Casilla C6 - Sección 805,,false,false,,
casillas_805_C7_3521,casillas,805_C7_3521,Casilla C7 - Sección 805,,false,false,,
casillas_805_C8_3522,casillas,805_C8_3522,Casilla C8 - Sección 805,,false,false,,
casillas_805_C9_3523,casillas,805_C9_3523,Casilla C9 - Sección 805,,false,false,,
casillas_823_B_3524,casillas,823_B_3524,Casilla B - Sección 823,,false,false,,
casillas_823_C1_3525,casillas,823_C1_3525,Casilla C1 - Sección 823,,false,false,,
casillas_823_C2_3526,casillas,823_C2_3526,Casilla C2 - Sección 823,,false,false,,
casillas_824_B_3527,casillas,824_B_3527,Casilla B - Sección 824,,false,false,,
casillas_824_C1_3528,casillas,824_C1_3528,Casilla C1 - Sección 824,,false,false,,
casillas_825_B_3529,casillas,825_B_3529,Casilla B - Sección 825,,false,false,,
casillas_826_B_3530,casillas,826_B_3530,Casilla B - Sección 826,,false,false,,
casillas_826_C1_3531,casillas,826_C1_3531,Casilla C1 - Sección 826,,false,false,,
casillas_827_B_3532,casillas,827_B_3532,Casilla B - Sección 827,,false,false,,
casillas_836_B_3533,casillas,836_B_3533,Casilla B - Sección 836,,false,false,,
casillas_836_C1_3534,casillas,836_C1_3534,Casilla C1 - Sección 836,,false,false,,
casillas_837_B_3535,casillas,837_B_3535,Casilla B - Sección 837,,false,false,,
casillas_837_C1_3536,casillas,837_C1_3536,Casilla C1 - Sección 837,,false,false,,
casillas_838_B_3537,casillas,838_B_3537,Casilla B - Sección 838,,false,false,,
casillas_838_C1_3538,casillas,838_C1_3538,Casilla C1 - Sección 838,,false,false,,
casillas_838_C2_3539,casillas,838_C2_3539,Casilla C2 - Sección 838,,false,false,,
casillas_839_B_3540,casillas,839_B_3540,Casilla B - Sección 839,,false,false,,
casillas_839_C1_3541,casillas,839_C1_3541,Casilla C1 - Sección 839,,false,false,,
casillas_839_C2_3542,casillas,839_C2_3542,Casilla C2 - Sección 839,,false,false,,
casillas_839_C3_3543,casillas,839_C3_3543,Casilla C3 - Sección 839,,false,false,,
casillas_839_C4_3544,casillas,839_C4_3544,Casilla C4 - Sección 839,,false,false,,
casillas_840_C1_3545,casillas,840_C1_3545,Casilla C1 - Sección 840,,false,false,,
casillas_840_B_3546,casillas,840_B_3546,Casilla B - Sección 840,,false,false,,
casillas_841_B_3547,casillas,841_B_3547,Casilla B - Sección 841,,false,false,,
casillas_842_B_3548,casillas,842_B_3548,Casilla B - Sección 842,,false,false,,
casillas_842_C1_3549,casillas,842_C1_3549,Casilla C1 - Sección 842,,false,false,,
casillas_844_B_3550,casillas,844_B_3550,Casilla B - Sección 844,,false,false,,
casillas_845_B_3551,casillas,845_B_3551,Casilla B - Sección 845,,false,false,,
casillas_845_C1_3552,casillas,845_C1_3552,Casilla C1 - Sección 845,,false,false,,
casillas_846_B_3553,casillas,846_B_3553,Casilla B - Sección 846,,false,false,,
casillas_846_C1_3554,casillas,846_C1_3554,Casilla C1 - Sección 846,,false,false,,
casillas_846_C2_3555,casillas,846_C2_3555,Casilla C2 - Sección 846,,false,false,,
casillas_846_C3_3556,casillas,846_C3_3556,Casilla C3 - Sección 846,,false,false,,
casillas_846_S1_3557,casillas,846_S1_3557,Casilla S1 - Sección 846,,false,false,,
casillas_847_B_3558,casillas,847_B_3558,Casilla B - Sección 847,,false,false,,
casillas_847_C1_3559,casillas,847_C1_3559,Casilla C1 - Sección 847,,false,false,,
casillas_847_C2_3560,casillas,847_C2_3560,Casilla C2 - Sección 847,,false,false,,
casillas_847_C3_3561,casillas,847_C3_3561,Casilla C3 - Sección 847,,false,false,,
casillas_847_C4_3562,casillas,847_C4_3562,Casilla C4 - Sección 847,,false,false,,
casillas_847_C5_3563,casillas,847_C5_3563,Casilla C5 - Sección 847,,false,false,,
casillas_847_C6_3564,casillas,847_C6_3564,Casilla C6 - Sección 847,,false,false,,
casillas_847_C7_3565,casillas,847_C7_3565,Casilla C7 - Sección 847,,false,false,,
casillas_847_C8_3566,casillas,847_C8_3566,Casilla C8 - Sección 847,,false,false,,
casillas_886_B_3567,casillas,886_B_3567,Casilla B - Sección 886,,false,false,,
casillas_887_B_3568,casillas,887_B_3568,Casilla B - Sección 887,,false,false,,
casillas_889_B_3569,casillas,889_B_3569,Casilla B - Sección 889,,false,false,,
casillas_889_C1_3570,casillas,889_C1_3570,Casilla C1 - Sección 889,,false,false,,
casillas_890_B_3571,casillas,890_B_3571,Casilla B - Sección 890,,false,false,,
casillas_891_B_3572,casillas,891_B_3572,Casilla B - Sección 891,,false,false,,
casillas_893_B_3573,casillas,893_B_3573,Casilla B - Sección 893,,false,false,,
casillas_894_B_3574,casillas,894_B_3574,Casilla B - Sección 894,,false,false,,
casillas_894_C1_3575,casillas,894_C1_3575,Casilla C1 - Sección 894,,false,false,,
casillas_898_B_3576,casillas,898_B_3576,Casilla B - Sección 898,,false,false,,
casillas_898_C1_3577,casillas,898_C1_3577,Casilla C1 - Sección 898,,false,false,,
casillas_906_B_3578,casillas,906_B_3578,Casilla B - Sección 906,,false,false,,
casillas_906_C1_3579,casillas,906_C1_3579,Casilla C1 - Sección 906,,false,false,,
casillas_3214_B_3580,casillas,3214_B_3580,Casilla B - Sección 3214,,false,false,,
casillas_3214_C2_3581,casillas,3214_C2_3581,Casilla C2 - Sección 3214,,false,false,,
casillas_3214_C1_3582,casillas,3214_C1_3582,Casilla C1 - Sección 3214,,false,false,,
casillas_3264_B_3583,casillas,3264_B_3583,Casilla B - Sección 3264,,false,false,,
casillas_3265_B_3584,casillas,3265_B_3584,Casilla B - Sección 3265,,false,false,,
casillas_3265_C1_3585,casillas,3265_C1_3585,Casilla C1 - Sección 3265,,false,false,,
casillas_3266_B_3586,casillas,3266_B_3586,Casilla B - Sección 3266,,false,false,,
casillas_3266_C1_3587,casillas,3266_C1_3587,Casilla C1 - Sección 3266,,false,false,,
casillas_3266_C2_3588,casillas,3266_C2_3588,Casilla C2 - Sección 3266,,false,false,,
casillas_3266_C3_3589,casillas,3266_C3_3589,Casilla C3 - Sección 3266,,false,false,,
casillas_3267_C2_3590,casillas,3267_C2_3590,Casilla C2 - Sección 3267,,false,false,,
casillas_3267_B_3591,casillas,3267_B_3591,Casilla B - Sección 3267,,false,false,,
casillas_3267_C1_3592,casillas,3267_C1_3592,Casilla C1 - Sección 3267,,false,false,,
casillas_3268_B_3593,casillas,3268_B_3593,Casilla B - Sección 3268,,false,false,,
casillas_3269_B_3594,casillas,3269_B_3594,Casilla B - Sección 3269,,false,false,,
casillas_3269_C1_3595,casillas,3269_C1_3595,Casilla C1 - Sección 3269,,false,false,,
casillas_3269_C2_3596,casillas,3269_C2_3596,Casilla C2 - Sección 3269,,false,false,,
casillas_3270_C2_3597,casillas,3270_C2_3597,Casilla C2 - Sección 3270,,false,false,,
casillas_3270_B_3598,casillas,3270_B_3598,Casilla B - Sección 3270,,false,false,,
casillas_3270_C1_3599,casillas,3270_C1_3599,Casilla C1 - Sección 3270,,false,false,,
casillas_3271_B_3600,casillas,3271_B_3600,Casilla B - Sección 3271,,false,false,,
casillas_3271_C1_3601,casillas,3271_C1_3601,Casilla C1 - Sección 3271,,false,false,,
casillas_3271_C2_3602,casillas,3271_C2_3602,Casilla C2 - Sección 3271,,false,false,,
casillas_3271_C3_3603,casillas,3271_C3_3603,Casilla C3 - Sección 3271,,false,false,,
casillas_3272_C1_3604,casillas,3272_C1_3604,Casilla C1 - Sección 3272,,false,false,,
casillas_3272_B_3605,casillas,3272_B_3605,Casilla B - Sección 3272,,false,false,,
casillas_3273_B_3606,casillas,3273_B_3606,Casilla B - Sección 3273,,false,false,,
casillas_3273_C1_3607,casillas,3273_C1_3607,Casilla C1 - Sección 3273,,false,false,,
casillas_3274_C1_3608,casillas,3274_C1_3608,Casilla C1 - Sección 3274,,false,false,,
casillas_3274_B_3609,casillas,3274_B_3609,Casilla B - Sección 3274,,false,false,,
casillas_3275_B_3610,casillas,3275_B_3610,Casilla B - Sección 3275,,false,false,,
casillas_3275_C1_3611,casillas,3275_C1_3611,Casilla C1 - Sección 3275,,false,false,,
casillas_3275_C2_3612,casillas,3275_C2_3612,Casilla C2 - Sección 3275,,false,false,,
casillas_3276_B_3613,casillas,3276_B_3613,Casilla B - Sección 3276,,false,false,,
casillas_3276_C1_3614,casillas,3276_C1_3614,Casilla C1 - Sección 3276,,false,false,,
casillas_3276_C2_3615,casillas,3276_C2_3615,Casilla C2 - Sección 3276,,false,false,,
casillas_3277_B_3616,casillas,3277_B_3616,Casilla B - Sección 3277,,false,false,,
casillas_3277_C1_3617,casillas,3277_C1_3617,Casilla C1 - Sección 3277,,false,false,,
casillas_3278_B_3618,casillas,3278_B_3618,Casilla B - Sección 3278,,false,false,,
casillas_3278_C1_3619,casillas,3278_C1_3619,Casilla C1 - Sección 3278,,false,false,,
casillas_3280_B_3620,casillas,3280_B_3620,Casilla B - Sección 3280,,false,false,,
casillas_3280_C1_3621,casillas,3280_C1_3621,Casilla C1 - Sección 3280,,false,false,,
casillas_3357_B_3622,casillas,3357_B_3622,Casilla B - Sección 3357,,false,false,,
casillas_3357_C1_3623,casillas,3357_C1_3623,Casilla C1 - Sección 3357,,false,false,,
casillas_3357_C2_3624,casillas,3357_C2_3624,Casilla C2 - Sección 3357,,false,false,,
casillas_3357_C3_3625,casillas,3357_C3_3625,Casilla C3 - Sección 3357,,false,false,,
casillas_3358_B_3626,casillas,3358_B_3626,Casilla B - Sección 3358,,false,false,,
casillas_3358_C1_3627,casillas,3358_C1_3627,Casilla C1 - Sección 3358,,false,false,,
casillas_3358_C2_3628,casillas,3358_C2_3628,Casilla C2 - Sección 3358,,false,false,,
casillas_3359_C2_3629,casillas,3359_C2_3629,Casilla C2 - Sección 3359,,false,false,,
casillas_3359_B_3630,casillas,3359_B_3630,Casilla B - Sección 3359,,false,false,,
casillas_3359_C1_3631,casillas,3359_C1_3631,Casilla C1 - Sección 3359,,false,false,,
casillas_3360_B_3632,casillas,3360_B_3632,Casilla B - Sección 3360,,false,false,,
casillas_3360_C1_3633,casillas,3360_C1_3633,Casilla C1 - Sección 3360,,false,false,,
casillas_3360_C2_3634,casillas,3360_C2_3634,Casilla C2 - Sección 3360,,false,false,,
casillas_3360_C3_3635,casillas,3360_C3_3635,Casilla C3 - Sección 3360,,false,false,,
casillas_3361_B_3636,casillas,3361_B_3636,Casilla B - Sección 3361,,false,false,,
casillas_3361_C1_3637,casillas,3361_C1_3637,Casilla C1 - Sección 3361,,false,false,,
casillas_3365_B_3638,casillas,3365_B_3638,Casilla B - Sección 3365,,false,false,,
casillas_3365_C1_3639,casillas,3365_C1_3639,Casilla C1 - Sección 3365,,false,false,,
casillas_3365_C2_3640,casillas,3365_C2_3640,Casilla C2 - Sección 3365,,false,false,,
casillas_3366_B_3641,casillas,3366_B_3641,Casilla B - Sección 3366,,false,false,,
casillas_3366_C1_3642,casillas,3366_C1_3642,Casilla C1 - Sección 3366,,false,false,,
casillas_3366_C2_3643,casillas,3366_C2_3643,Casilla C2 - Sección 3366,,false,false,,
casillas_3366_C3_3644,casillas,3366_C3_3644,Casilla C3 - Sección 3366,,false,false,,
casillas_3366_C4_3645,casillas,3366_C4_3645,Casilla C4 - Sección 3366,,false,false,,
casillas_149_B_3646,casillas,149_B_3646,Casilla B - Sección 149,,false,false,,
casillas_150_B_3647,casillas,150_B_3647,Casilla B - Sección 150,,false,false,,
casillas_151_B_3648,casillas,151_B_3648,Casilla B - Sección 151,,false,false,,
casillas_152_B_3649,casillas,152_B_3649,Casilla B - Sección 152,,false,false,,
casillas_153_B_3650,casillas,153_B_3650,Casilla B - Sección 153,,false,false,,
casillas_153_C1_3651,casillas,153_C1_3651,Casilla C1 - Sección 153,,false,false,,
casillas_153_C2_3652,casillas,153_C2_3652,Casilla C2 - Sección 153,,false,false,,
casillas_154_B_3653,casillas,154_B_3653,Casilla B - Sección 154,,false,false,,
casillas_155_B_3654,casillas,155_B_3654,Casilla B - Sección 155,,false,false,,
casillas_156_B_3655,casillas,156_B_3655,Casilla B - Sección 156,,false,false,,
casillas_156_C1_3656,casillas,156_C1_3656,Casilla C1 - Sección 156,,false,false,,
casillas_157_B_3657,casillas,157_B_3657,Casilla B - Sección 157,,false,false,,
casillas_157_C1_3658,casillas,157_C1_3658,Casilla C1 - Sección 157,,false,false,,
casillas_158_B_3659,casillas,158_B_3659,Casilla B - Sección 158,,false,false,,
casillas_158_C1_3660,casillas,158_C1_3660,Casilla C1 - Sección 158,,false,false,,
casillas_159_B_3661,casillas,159_B_3661,Casilla B - Sección 159,,false,false,,
casillas_160_B_3662,casillas,160_B_3662,Casilla B - Sección 160,,false,false,,
casillas_160_C1_3663,casillas,160_C1_3663,Casilla C1 - Sección 160,,false,false,,
casillas_161_B_3664,casillas,161_B_3664,Casilla B - Sección 161,,false,false,,
casillas_161_C1_3665,casillas,161_C1_3665,Casilla C1 - Sección 161,,false,false,,
casillas_162_B_3666,casillas,162_B_3666,Casilla B - Sección 162,,false,false,,
casillas_163_B_3667,casillas,163_B_3667,Casilla B - Sección 163,,false,false,,
casillas_164_B_3668,casillas,164_B_3668,Casilla B - Sección 164,,false,false,,
casillas_164_C1_3669,casillas,164_C1_3669,Casilla C1 - Sección 164,,false,false,,
casillas_165_B_3670,casillas,165_B_3670,Casilla B - Sección 165,,false,false,,
casillas_166_B_3671,casillas,166_B_3671,Casilla B - Sección 166,,false,false,,
casillas_167_B_3672,casillas,167_B_3672,Casilla B - Sección 167,,false,false,,
casillas_167_C1_3673,casillas,167_C1_3673,Casilla C1 - Sección 167,,false,false,,
casillas_168_B_3674,casillas,168_B_3674,Casilla B - Sección 168,,false,false,,
casillas_168_C1_3675,casillas,168_C1_3675,Casilla C1 - Sección 168,,false,false,,
casillas_169_B_3676,casillas,169_B_3676,Casilla B - Sección 169,,false,false,,
casillas_170_B_3677,casillas,170_B_3677,Casilla B - Sección 170,,false,false,,
casillas_170_C1_3678,casillas,170_C1_3678,Casilla C1 - Sección 170,,false,false,,
casillas_171_B_3679,casillas,171_B_3679,Casilla B - Sección 171,,false,false,,
casillas_172_B_3680,casillas,172_B_3680,Casilla B - Sección 172,,false,false,,
casillas_172_C1_3681,casillas,172_C1_3681,Casilla C1 - Sección 172,,false,false,,
casillas_172_C2_3682,casillas,172_C2_3682,Casilla C2 - Sección 172,,false,false,,
casillas_173_B_3683,casillas,173_B_3683,Casilla B - Sección 173,,false,false,,
casillas_173_E1_3684,casillas,173_E1_3684,Casilla E1 - Sección 173,,false,false,,
casillas_174_B_3685,casillas,174_B_3685,Casilla B - Sección 174,,false,false,,
casillas_238_B_3686,casillas,238_B_3686,Casilla B - Sección 238,,false,false,,
casillas_238_C1_3687,casillas,238_C1_3687,Casilla C1 - Sección 238,,false,false,,
casillas_239_B_3688,casillas,239_B_3688,Casilla B - Sección 239,,false,false,,
casillas_239_C1_3689,casillas,239_C1_3689,Casilla C1 - Sección 239,,false,false,,
casillas_240_B_3690,casillas,240_B_3690,Casilla B - Sección 240,,false,false,,
casillas_240_C1_3691,casillas,240_C1_3691,Casilla C1 - Sección 240,,false,false,,
casillas_241_B_3692,casillas,241_B_3692,Casilla B - Sección 241,,false,false,,
casillas_241_C1_3693,casillas,241_C1_3693,Casilla C1 - Sección 241,,false,false,,
casillas_241_C2_3694,casillas,241_C2_3694,Casilla C2 - Sección 241,,false,false,,
casillas_241_C3_3695,casillas,241_C3_3695,Casilla C3 - Sección 241,,false,false,,
casillas_241_C4_3696,casillas,241_C4_3696,Casilla C4 - Sección 241,,false,false,,
casillas_242_B_3697,casillas,242_B_3697,Casilla B - Sección 242,,false,false,,
casillas_242_E1_3698,casillas,242_E1_3698,Casilla E1 - Sección 242,,false,false,,
casillas_243_B_3699,casillas,243_B_3699,Casilla B - Sección 243,,false,false,,
casillas_243_C1_3700,casillas,243_C1_3700,Casilla C1 - Sección 243,,false,false,,
casillas_244_B_3701,casillas,244_B_3701,Casilla B - Sección 244,,false,false,,
casillas_245_B_3702,casillas,245_B_3702,Casilla B - Sección 245,,false,false,,
casillas_245_C1_3703,casillas,245_C1_3703,Casilla C1 - Sección 245,,false,false,,
casillas_248_B_3704,casillas,248_B_3704,Casilla B - Sección 248,,false,false,,
casillas_249_B_3705,casillas,249_B_3705,Casilla B - Sección 249,,false,false,,
casillas_250_B_3706,casillas,250_B_3706,Casilla B - Sección 250,,false,false,,
casillas_251_B_3707,casillas,251_B_3707,Casilla B - Sección 251,,false,false,,
casillas_251_C1_3708,casillas,251_C1_3708,Casilla C1 - Sección 251,,false,false,,
casillas_1042_B_3709,casillas,1042_B_3709,Casilla B - Sección 1042,,false,false,,
casillas_1042_C1_3710,casillas,1042_C1_3710,Casilla C1 - Sección 1042,,false,false,,
casillas_1044_E1_3711,casillas,1044_E1_3711,Casilla E1 - Sección 1044,,false,false,,
casillas_1044_B_3712,casillas,1044_B_3712,Casilla B - Sección 1044,,false,false,,
casillas_1044_C1_3713,casillas,1044_C1_3713,Casilla C1 - Sección 1044,,false,false,,
casillas_1044_C2_3714,casillas,1044_C2_3714,Casilla C2 - Sección 1044,,false,false,,
casillas_1045_B_3715,casillas,1045_B_3715,Casilla B - Sección 1045,,false,false,,
casillas_1045_C1_3716,casillas,1045_C1_3716,Casilla C1 - Sección 1045,,false,false,,
casillas_1045_C2_3717,casillas,1045_C2_3717,Casilla C2 - Sección 1045,,false,false,,
casillas_1045_C3_3718,casillas,1045_C3_3718,Casilla C3 - Sección 1045,,false,false,,
casillas_1357_B_3719,casillas,1357_B_3719,Casilla B - Sección 1357,,false,false,,
casillas_1358_B_3720,casillas,1358_B_3720,Casilla B - Sección 1358,,false,false,,
casillas_1358_C1_3721,casillas,1358_C1_3721,Casilla C1 - Sección 1358,,false,false,,
casillas_1359_B_3722,casillas,1359_B_3722,Casilla B - Sección 1359,,false,false,,
casillas_1359_C1_3723,casillas,1359_C1_3723,Casilla C1 - Sección 1359,,false,false,,
casillas_1360_B_3724,casillas,1360_B_3724,Casilla B - Sección 1360,,false,false,,
casillas_1361_B_3725,casillas,1361_B_3725,Casilla B - Sección 1361,,false,false,,
casillas_1362_B_3726,casillas,1362_B_3726,Casilla B - Sección 1362,,false,false,,
casillas_1363_B_3727,casillas,1363_B_3727,Casilla B - Sección 1363,,false,false,,
casillas_1367_B_3728,casillas,1367_B_3728,Casilla B - Sección 1367,,false,false,,
casillas_1368_B_3729,casillas,1368_B_3729,Casilla B - Sección 1368,,false,false,,
casillas_1369_B_3730,casillas,1369_B_3730,Casilla B - Sección 1369,,false,false,,
casillas_1371_B_3731,casillas,1371_B_3731,Casilla B - Sección 1371,,false,false,,
casillas_1374_B_3732,casillas,1374_B_3732,Casilla B - Sección 1374,,false,false,,
casillas_2396_B_3733,casillas,2396_B_3733,Casilla B - Sección 2396,,false,false,,
casillas_2396_C1_3734,casillas,2396_C1_3734,Casilla C1 - Sección 2396,,false,false,,
casillas_2397_B_3735,casillas,2397_B_3735,Casilla B - Sección 2397,,false,false,,
casillas_2397_C1_3736,casillas,2397_C1_3736,Casilla C1 - Sección 2397,,false,false,,
casillas_2398_B_3737,casillas,2398_B_3737,Casilla B - Sección 2398,,false,false,,
casillas_2398_C1_3738,casillas,2398_C1_3738,Casilla C1 - Sección 2398,,false,false,,
casillas_2398_C2_3739,casillas,2398_C2_3739,Casilla C2 - Sección 2398,,false,false,,
casillas_2398_C3_3740,casillas,2398_C3_3740,Casilla C3 - Sección 2398,,false,false,,
casillas_2398_C4_3741,casillas,2398_C4_3741,Casilla C4 - Sección 2398,,false,false,,
casillas_2398_C5_3742,casillas,2398_C5_3742,Casilla C5 - Sección 2398,,false,false,,
casillas_2398_S1_3743,casillas,2398_S1_3743,Casilla S1 - Sección 2398,,false,false,,
casillas_2399_B_3744,casillas,2399_B_3744,Casilla B - Sección 2399,,false,false,,
casillas_2400_B_3745,casillas,2400_B_3745,Casilla B - Sección 2400,,false,false,,
casillas_2401_B_3746,casillas,2401_B_3746,Casilla B - Sección 2401,,false,false,,
casillas_2401_C1_3747,casillas,2401_C1_3747,Casilla C1 - Sección 2401,,false,false,,
casillas_2402_B_3748,casillas,2402_B_3748,Casilla B - Sección 2402,,false,false,,
casillas_2403_B_3749,casillas,2403_B_3749,Casilla B - Sección 2403,,false,false,,
casillas_2404_B_3750,casillas,2404_B_3750,Casilla B - Sección 2404,,false,false,,
casillas_2405_B_3751,casillas,2405_B_3751,Casilla B - Sección 2405,,false,false,,
casillas_2406_B_3752,casillas,2406_B_3752,Casilla B - Sección 2406,,false,false,,
casillas_2407_B_3753,casillas,2407_B_3753,Casilla B - Sección 2407,,false,false,,
casillas_2407_C1_3754,casillas,2407_C1_3754,Casilla C1 - Sección 2407,,false,false,,
casillas_2408_B_3755,casillas,2408_B_3755,Casilla B - Sección 2408,,false,false,,
casillas_2409_B_3756,casillas,2409_B_3756,Casilla B - Sección 2409,,false,false,,
casillas_2410_B_3757,casillas,2410_B_3757,Casilla B - Sección 2410,,false,false,,
casillas_2411_B_3758,casillas,2411_B_3758,Casilla B - Sección 2411,,false,false,,
casillas_2412_B_3759,casillas,2412_B_3759,Casilla B - Sección 2412,,false,false,,
casillas_2413_B_3760,casillas,2413_B_3760,Casilla B - Sección 2413,,false,false,,
casillas_2414_B_3761,casillas,2414_B_3761,Casilla B - Sección 2414,,false,false,,
casillas_2414_C1_3762,casillas,2414_C1_3762,Casilla C1 - Sección 2414,,false,false,,
casillas_2415_B_3763,casillas,2415_B_3763,Casilla B - Sección 2415,,false,false,,
casillas_2415_C1_3764,casillas,2415_C1_3764,Casilla C1 - Sección 2415,,false,false,,
casillas_2416_B_3765,casillas,2416_B_3765,Casilla B - Sección 2416,,false,false,,
casillas_2416_C1_3766,casillas,2416_C1_3766,Casilla C1 - Sección 2416,,false,false,,
casillas_2417_B_3767,casillas,2417_B_3767,Casilla B - Sección 2417,,false,false,,
casillas_2418_B_3768,casillas,2418_B_3768,Casilla B - Sección 2418,,false,false,,
casillas_2419_B_3769,casillas,2419_B_3769,Casilla B - Sección 2419,,false,false,,
casillas_2420_B_3770,casillas,2420_B_3770,Casilla B - Sección 2420,,false,false,,
casillas_2421_B_3771,casillas,2421_B_3771,Casilla B - Sección 2421,,false,false,,
casillas_2422_B_3772,casillas,2422_B_3772,Casilla B - Sección 2422,,false,false,,
casillas_2423_B_3773,casillas,2423_B_3773,Casilla B - Sección 2423,,false,false,,
casillas_2424_B_3774,casillas,2424_B_3774,Casilla B - Sección 2424,,false,false,,
casillas_2425_B_3775,casillas,2425_B_3775,Casilla B - Sección 2425,,false,false,,
casillas_2426_B_3776,casillas,2426_B_3776,Casilla B - Sección 2426,,false,false,,
casillas_2427_B_3777,casillas,2427_B_3777,Casilla B - Sección 2427,,false,false,,
casillas_2428_B_3778,casillas,2428_B_3778,Casilla B - Sección 2428,,false,false,,
casillas_2429_B_3779,casillas,2429_B_3779,Casilla B - Sección 2429,,false,false,,
casillas_2429_C1_3780,casillas,2429_C1_3780,Casilla C1 - Sección 2429,,false,false,,
casillas_2430_B_3781,casillas,2430_B_3781,Casilla B - Sección 2430,,false,false,,
casillas_2430_C1_3782,casillas,2430_C1_3782,Casilla C1 - Sección 2430,,false,false,,
casillas_2430_C2_3783,casillas,2430_C2_3783,Casilla C2 - Sección 2430,,false,false,,
casillas_2430_C3_3784,casillas,2430_C3_3784,Casilla C3 - Sección 2430,,false,false,,
casillas_2430_C4_3785,casillas,2430_C4_3785,Casilla C4 - Sección 2430,,false,false,,
casillas_2430_C5_3786,casillas,2430_C5_3786,Casilla C5 - Sección 2430,,false,false,,
casillas_2431_B_3787,casillas,2431_B_3787,Casilla B - Sección 2431,,false,false,,
casillas_2431_C1_3788,casillas,2431_C1_3788,Casilla C1 - Sección 2431,,false,false,,
casillas_2432_B_3789,casillas,2432_B_3789,Casilla B - Sección 2432,,false,false,,
casillas_2433_B_3790,casillas,2433_B_3790,Casilla B - Sección 2433,,false,false,,
casillas_2434_B_3791,casillas,2434_B_3791,Casilla B - Sección 2434,,false,false,,
casillas_2435_B_3792,casillas,2435_B_3792,Casilla B - Sección 2435,,false,false,,
casillas_2436_B_3793,casillas,2436_B_3793,Casilla B - Sección 2436,,false,false,,
casillas_2437_B_3794,casillas,2437_B_3794,Casilla B - Sección 2437,,false,false,,
casillas_2438_B_3795,casillas,2438_B_3795,Casilla B - Sección 2438,,false,false,,
casillas_2438_C1_3796,casillas,2438_C1_3796,Casilla C1 - Sección 2438,,false,false,,
casillas_2439_B_3797,casillas,2439_B_3797,Casilla B - Sección 2439,,false,false,,
casillas_2439_C1_3798,casillas,2439_C1_3798,Casilla C1 - Sección 2439,,false,false,,
casillas_2440_B_3799,casillas,2440_B_3799,Casilla B - Sección 2440,,false,false,,
casillas_2440_C1_3800,casillas,2440_C1_3800,Casilla C1 - Sección 2440,,false,false,,
casillas_2440_C2_3801,casillas,2440_C2_3801,Casilla C2 - Sección 2440,,false,false,,
casillas_2440_C3_3802,casillas,2440_C3_3802,Casilla C3 - Sección 2440,,false,false,,
casillas_2440_C4_3803,casillas,2440_C4_3803,Casilla C4 - Sección 2440,,false,false,,
casillas_2441_B_3804,casillas,2441_B_3804,Casilla B - Sección 2441,,false,false,,
casillas_2442_B_3805,casillas,2442_B_3805,Casilla B - Sección 2442,,false,false,,
casillas_2443_B_3806,casillas,2443_B_3806,Casilla B - Sección 2443,,false,false,,
casillas_2444_B_3807,casillas,2444_B_3807,Casilla B - Sección 2444,,false,false,,
casillas_2444_C1_3808,casillas,2444_C1_3808,Casilla C1 - Sección 2444,,false,false,,
casillas_2445_B_3809,casillas,2445_B_3809,Casilla B - Sección 2445,,false,false,,
casillas_2446_B_3810,casillas,2446_B_3810,Casilla B - Sección 2446,,false,false,,
casillas_2446_C1_3811,casillas,2446_C1_3811,Casilla C1 - Sección 2446,,false,false,,
casillas_2446_C2_3812,casillas,2446_C2_3812,Casilla C2 - Sección 2446,,false,false,,
casillas_2447_B_3813,casillas,2447_B_3813,Casilla B - Sección 2447,,false,false,,
casillas_2447_C1_3814,casillas,2447_C1_3814,Casilla C1 - Sección 2447,,false,false,,
casillas_2448_B_3815,casillas,2448_B_3815,Casilla B - Sección 2448,,false,false,,
casillas_2448_C1_3816,casillas,2448_C1_3816,Casilla C1 - Sección 2448,,false,false,,
casillas_2448_C2_3817,casillas,2448_C2_3817,Casilla C2 - Sección 2448,,false,false,,
casillas_2449_B_3818,casillas,2449_B_3818,Casilla B - Sección 2449,,false,false,,
casillas_2450_B_3819,casillas,2450_B_3819,Casilla B - Sección 2450,,false,false,,
casillas_2450_C1_3820,casillas,2450_C1_3820,Casilla C1 - Sección 2450,,false,false,,
casillas_2451_B_3821,casillas,2451_B_3821,Casilla B - Sección 2451,,false,false,,
casillas_2452_B_3822,casillas,2452_B_3822,Casilla B - Sección 2452,,false,false,,
casillas_2452_C1_3823,casillas,2452_C1_3823,Casilla C1 - Sección 2452,,false,false,,
casillas_2453_B_3824,casillas,2453_B_3824,Casilla B - Sección 2453,,false,false,,
casillas_2454_B_3825,casillas,2454_B_3825,Casilla B - Sección 2454,,false,false,,
casillas_2454_C1_3826,casillas,2454_C1_3826,Casilla C1 - Sección 2454,,false,false,,
casillas_2455_B_3827,casillas,2455_B_3827,Casilla B - Sección 2455,,false,false,,
casillas_2455_C1_3828,casillas,2455_C1_3828,Casilla C1 - Sección 2455,,false,false,,
casillas_2456_B_3829,casillas,2456_B_3829,Casilla B - Sección 2456,,false,false,,
casillas_2457_B_3830,casillas,2457_B_3830,Casilla B - Sección 2457,,false,false,,
casillas_2458_B_3831,casillas,2458_B_3831,Casilla B - Sección 2458,,false,false,,
casillas_2459_B_3832,casillas,2459_B_3832,Casilla B - Sección 2459,,false,false,,
casillas_82_B_3833,casillas,82_B_3833,Casilla B - Sección 82,,false,false,,
casillas_83_B_3834,casillas,83_B_3834,Casilla B - Sección 83,,false,false,,
casillas_83_C1_3835,casillas,83_C1_3835,Casilla C1 - Sección 83,,false,false,,
casillas_84_B_3836,casillas,84_B_3836,Casilla B - Sección 84,,false,false,,
casillas_85_B_3837,casillas,85_B_3837,Casilla B - Sección 85,,false,false,,
casillas_87_B_3838,casillas,87_B_3838,Casilla B - Sección 87,,false,false,,
casillas_88_B_3839,casillas,88_B_3839,Casilla B - Sección 88,,false,false,,
casillas_89_B_3840,casillas,89_B_3840,Casilla B - Sección 89,,false,false,,
casillas_90_B_3841,casillas,90_B_3841,Casilla B - Sección 90,,false,false,,
casillas_91_B_3842,casillas,91_B_3842,Casilla B - Sección 91,,false,false,,
casillas_92_B_3843,casillas,92_B_3843,Casilla B - Sección 92,,false,false,,
casillas_94_B_3844,casillas,94_B_3844,Casilla B - Sección 94,,false,false,,
casillas_95_B_3845,casillas,95_B_3845,Casilla B - Sección 95,,false,false,,
casillas_97_B_3846,casillas,97_B_3846,Casilla B - Sección 97,,false,false,,
casillas_98_B_3847,casillas,98_B_3847,Casilla B - Sección 98,,false,false,,
casillas_99_B_3848,casillas,99_B_3848,Casilla B - Sección 99,,false,false,,
casillas_100_B_3849,casillas,100_B_3849,Casilla B - Sección 100,,false,false,,
casillas_101_B_3850,casillas,101_B_3850,Casilla B - Sección 101,,false,false,,
casillas_1053_B_3851,casillas,1053_B_3851,Casilla B - Sección 1053,,false,false,,
casillas_1054_B_3852,casillas,1054_B_3852,Casilla B - Sección 1054,,false,false,,
casillas_1055_B_3853,casillas,1055_B_3853,Casilla B - Sección 1055,,false,false,,
casillas_1055_C1_3854,casillas,1055_C1_3854,Casilla C1 - Sección 1055,,false,false,,
casillas_1056_B_3855,casillas,1056_B_3855,Casilla B - Sección 1056,,false,false,,
casillas_1057_B_3856,casillas,1057_B_3856,Casilla B - Sección 1057,,false,false,,
casillas_1058_B_3857,casillas,1058_B_3857,Casilla B - Sección 1058,,false,false,,
casillas_1058_C1_3858,casillas,1058_C1_3858,Casilla C1 - Sección 1058,,false,false,,
casillas_1059_B_3859,casillas,1059_B_3859,Casilla B - Sección 1059,,false,false,,
casillas_1060_B_3860,casillas,1060_B_3860,Casilla B - Sección 1060,,false,false,,
casillas_1061_B_3861,casillas,1061_B_3861,Casilla B - Sección 1061,,false,false,,
casillas_1062_B_3862,casillas,1062_B_3862,Casilla B - Sección 1062,,false,false,,
casillas_1063_B_3863,casillas,1063_B_3863,Casilla B - Sección 1063,,false,false,,
casillas_1064_B_3864,casillas,1064_B_3864,Casilla B - Sección 1064,,false,false,,
casillas_1065_B_3865,casillas,1065_B_3865,Casilla B - Sección 1065,,false,false,,
casillas_1066_B_3866,casillas,1066_B_3866,Casilla B - Sección 1066,,false,false,,
casillas_1067_B_3867,casillas,1067_B_3867,Casilla B - Sección 1067,,false,false,,
casillas_1182_B_3868,casillas,1182_B_3868,Casilla B - Sección 1182,,false,false,,
casillas_1182_C1_3869,casillas,1182_C1_3869,Casilla C1 - Sección 1182,,false,false,,
casillas_1183_B_3870,casillas,1183_B_3870,Casilla B - Sección 1183,,false,false,,
casillas_1184_B_3871,casillas,1184_B_3871,Casilla B - Sección 1184,,false,false,,
casillas_1185_B_3872,casillas,1185_B_3872,Casilla B - Sección 1185,,false,false,,
casillas_1185_C1_3873,casillas,1185_C1_3873,Casilla C1 - Sección 1185,,false,false,,
casillas_1186_B_3874,casillas,1186_B_3874,Casilla B - Sección 1186,,false,false,,
casillas_1186_C1_3875,casillas,1186_C1_3875,Casilla C1 - Sección 1186,,false,false,,
casillas_1187_B_3876,casillas,1187_B_3876,Casilla B - Sección 1187,,false,false,,
casillas_1187_C1_3877,casillas,1187_C1_3877,Casilla C1 - Sección 1187,,false,false,,
casillas_1187_C2_3878,casillas,1187_C2_3878,Casilla C2 - Sección 1187,,false,false,,
casillas_1188_B_3879,casillas,1188_B_3879,Casilla B - Sección 1188,,false,false,,
casillas_1188_C1_3880,casillas,1188_C1_3880,Casilla C1 - Sección 1188,,false,false,,
casillas_1189_B_3881,casillas,1189_B_3881,Casilla B - Sección 1189,,false,false,,
casillas_1190_B_3882,casillas,1190_B_3882,Casilla B - Sección 1190,,false,false,,
casillas_1191_B_3883,casillas,1191_B_3883,Casilla B - Sección 1191,,false,false,,
casillas_1192_B_3884,casillas,1192_B_3884,Casilla B - Sección 1192,,false,false,,
casillas_1193_B_3885,casillas,1193_B_3885,Casilla B - Sección 1193,,false,false,,
casillas_1194_B_3886,casillas,1194_B_3886,Casilla B - Sección 1194,,false,false,,
casillas_1195_B_3887,casillas,1195_B_3887,Casilla B - Sección 1195,,false,false,,
casillas_1195_C1_3888,casillas,1195_C1_3888,Casilla C1 - Sección 1195,,false,false,,
casillas_1196_B_3889,casillas,1196_B_3889,Casilla B - Sección 1196,,false,false,,
casillas_1197_B_3890,casillas,1197_B_3890,Casilla B - Sección 1197,,false,false,,
casillas_1198_B_3891,casillas,1198_B_3891,Casilla B - Sección 1198,,false,false,,
casillas_1198_C1_3892,casillas,1198_C1_3892,Casilla C1 - Sección 1198,,false,false,,
casillas_1199_B_3893,casillas,1199_B_3893,Casilla B - Sección 1199,,false,false,,
casillas_1199_S1_3894,casillas,1199_S1_3894,Casilla S1 - Sección 1199,,false,false,,
casillas_1200_B_3895,casillas,1200_B_3895,Casilla B - Sección 1200,,false,false,,
casillas_1200_C1_3896,casillas,1200_C1_3896,Casilla C1 - Sección 1200,,false,false,,
casillas_1201_B_3897,casillas,1201_B_3897,Casilla B - Sección 1201,,false,false,,
casillas_1202_B_3898,casillas,1202_B_3898,Casilla B - Sección 1202,,false,false,,
casillas_1203_B_3899,casillas,1203_B_3899,Casilla B - Sección 1203,,false,false,,
casillas_1204_B_3900,casillas,1204_B_3900,Casilla B - Sección 1204,,false,false,,
casillas_1205_B_3901,casillas,1205_B_3901,Casilla B - Sección 1205,,false,false,,
casillas_1209_B_3902,casillas,1209_B_3902,Casilla B - Sección 1209,,false,false,,
casillas_1210_B_3903,casillas,1210_B_3903,Casilla B - Sección 1210,,false,false,,
casillas_1211_B_3904,casillas,1211_B_3904,Casilla B - Sección 1211,,false,false,,
casillas_1212_B_3905,casillas,1212_B_3905,Casilla B - Sección 1212,,false,false,,
casillas_1213_B_3906,casillas,1213_B_3906,Casilla B - Sección 1213,,false,false,,
casillas_1214_B_3907,casillas,1214_B_3907,Casilla B - Sección 1214,,false,false,,
casillas_1215_B_3908,casillas,1215_B_3908,Casilla B - Sección 1215,,false,false,,
casillas_1215_C1_3909,casillas,1215_C1_3909,Casilla C1 - Sección 1215,,false,false,,
casillas_1216_B_3910,casillas,1216_B_3910,Casilla B - Sección 1216,,false,false,,
casillas_1217_B_3911,casillas,1217_B_3911,Casilla B - Sección 1217,,false,false,,
casillas_1218_B_3912,casillas,1218_B_3912,Casilla B - Sección 1218,,false,false,,
casillas_1218_C1_3913,casillas,1218_C1_3913,Casilla C1 - Sección 1218,,false,false,,
casillas_1219_B_3914,casillas,1219_B_3914,Casilla B - Sección 1219,,false,false,,
casillas_1221_B_3915,casillas,1221_B_3915,Casilla B - Sección 1221,,false,false,,
casillas_1222_B_3916,casillas,1222_B_3916,Casilla B - Sección 1222,,false,false,,
casillas_1223_B_3917,casillas,1223_B_3917,Casilla B - Sección 1223,,false,false,,
casillas_1224_B_3918,casillas,1224_B_3918,Casilla B - Sección 1224,,false,false,,
casillas_1225_B_3919,casillas,1225_B_3919,Casilla B - Sección 1225,,false,false,,
casillas_1226_B_3920,casillas,1226_B_3920,Casilla B - Sección 1226,,false,false,,
casillas_1227_B_3921,casillas,1227_B_3921,Casilla B - Sección 1227,,false,false,,
casillas_1228_B_3922,casillas,1228_B_3922,Casilla B - Sección 1228,,false,false,,
casillas_1229_B_3923,casillas,1229_B_3923,Casilla B - Sección 1229,,false,false,,
casillas_1230_B_3924,casillas,1230_B_3924,Casilla B - Sección 1230,,false,false,,
casillas_1231_B_3925,casillas,1231_B_3925,Casilla B - Sección 1231,,false,false,,
casillas_1232_B_3926,casillas,1232_B_3926,Casilla B - Sección 1232,,false,false,,
casillas_1235_B_3927,casillas,1235_B_3927,Casilla B - Sección 1235,,false,false,,
casillas_1235_C1_3928,casillas,1235_C1_3928,Casilla C1 - Sección 1235,,false,false,,
casillas_1237_B_3929,casillas,1237_B_3929,Casilla B - Sección 1237,,false,false,,
casillas_1237_C1_3930,casillas,1237_C1_3930,Casilla C1 - Sección 1237,,false,false,,
casillas_1238_B_3931,casillas,1238_B_3931,Casilla B - Sección 1238,,false,false,,
casillas_1239_B_3932,casillas,1239_B_3932,Casilla B - Sección 1239,,false,false,,
casillas_1242_B_3933,casillas,1242_B_3933,Casilla B - Sección 1242,,false,false,,
casillas_1243_B_3934,casillas,1243_B_3934,Casilla B - Sección 1243,,false,false,,
casillas_1244_B_3935,casillas,1244_B_3935,Casilla B - Sección 1244,,false,false,,
casillas_1244_C1_3936,casillas,1244_C1_3936,Casilla C1 - Sección 1244,,false,false,,
casillas_1245_B_3937,casillas,1245_B_3937,Casilla B - Sección 1245,,false,false,,
casillas_1246_B_3938,casillas,1246_B_3938,Casilla B - Sección 1246,,false,false,,
casillas_1246_E1_3939,casillas,1246_E1_3939,Casilla E1 - Sección 1246,,false,false,,
casillas_1247_B_3940,casillas,1247_B_3940,Casilla B - Sección 1247,,false,false,,
casillas_1248_B_3941,casillas,1248_B_3941,Casilla B - Sección 1248,,false,false,,
casillas_1249_B_3942,casillas,1249_B_3942,Casilla B - Sección 1249,,false,false,,
casillas_1250_B_3943,casillas,1250_B_3943,Casilla B - Sección 1250,,false,false,,
casillas_1255_B_3944,casillas,1255_B_3944,Casilla B - Sección 1255,,false,false,,
casillas_1257_B_3945,casillas,1257_B_3945,Casilla B - Sección 1257,,false,false,,
casillas_1258_B_3946,casillas,1258_B_3946,Casilla B - Sección 1258,,false,false,,
casillas_1260_B_3947,casillas,1260_B_3947,Casilla B - Sección 1260,,false,false,,
casillas_1264_B_3948,casillas,1264_B_3948,Casilla B - Sección 1264,,false,false,,
casillas_1265_B_3949,casillas,1265_B_3949,Casilla B - Sección 1265,,false,false,,
casillas_2214_B_3950,casillas,2214_B_3950,Casilla B - Sección 2214,,false,false,,
casillas_2214_C1_3951,casillas,2214_C1_3951,Casilla C1 - Sección 2214,,false,false,,
casillas_2215_B_3952,casillas,2215_B_3952,Casilla B - Sección 2215,,false,false,,
casillas_2215_C1_3953,casillas,2215_C1_3953,Casilla C1 - Sección 2215,,false,false,,
casillas_2215_C2_3954,casillas,2215_C2_3954,Casilla C2 - Sección 2215,,false,false,,
casillas_2216_B_3955,casillas,2216_B_3955,Casilla B - Sección 2216,,false,false,,
casillas_2217_B_3956,casillas,2217_B_3956,Casilla B - Sección 2217,,false,false,,
casillas_2218_B_3957,casillas,2218_B_3957,Casilla B - Sección 2218,,false,false,,
casillas_2218_C1_3958,casillas,2218_C1_3958,Casilla C1 - Sección 2218,,false,false,,
casillas_2219_B_3959,casillas,2219_B_3959,Casilla B - Sección 2219,,false,false,,
casillas_2220_B_3960,casillas,2220_B_3960,Casilla B - Sección 2220,,false,false,,
casillas_2221_B_3961,casillas,2221_B_3961,Casilla B - Sección 2221,,false,false,,
casillas_2222_B_3962,casillas,2222_B_3962,Casilla B - Sección 2222,,false,false,,
casillas_2223_B_3963,casillas,2223_B_3963,Casilla B - Sección 2223,,false,false,,
casillas_2224_B_3964,casillas,2224_B_3964,Casilla B - Sección 2224,,false,false,,
casillas_2225_B_3965,casillas,2225_B_3965,Casilla B - Sección 2225,,false,false,,
casillas_2225_C1_3966,casillas,2225_C1_3966,Casilla C1 - Sección 2225,,false,false,,
casillas_2226_B_3967,casillas,2226_B_3967,Casilla B - Sección 2226,,false,false,,
casillas_2226_C1_3968,casillas,2226_C1_3968,Casilla C1 - Sección 2226,,false,false,,
casillas_2226_C2_3969,casillas,2226_C2_3969,Casilla C2 - Sección 2226,,false,false,,
casillas_2227_B_3970,casillas,2227_B_3970,Casilla B - Sección 2227,,false,false,,
casillas_2227_E1_3971,casillas,2227_E1_3971,Casilla E1 - Sección 2227,,false,false,,
casillas_2228_B_3972,casillas,2228_B_3972,Casilla B - Sección 2228,,false,false,,
casillas_2229_B_3973,casillas,2229_B_3973,Casilla B - Sección 2229,,false,false,,
casillas_2230_B_3974,casillas,2230_B_3974,Casilla B - Sección 2230,,false,false,,
casillas_2230_C1_3975,casillas,2230_C1_3975,Casilla C1 - Sección 2230,,false,false,,
casillas_2231_B_3976,casillas,2231_B_3976,Casilla B - Sección 2231,,false,false,,
casillas_2232_B_3977,casillas,2232_B_3977,Casilla B - Sección 2232,,false,false,,
casillas_2233_B_3978,casillas,2233_B_3978,Casilla B - Sección 2233,,false,false,,
casillas_2234_B_3979,casillas,2234_B_3979,Casilla B - Sección 2234,,false,false,,
casillas_2235_B_3980,casillas,2235_B_3980,Casilla B - Sección 2235,,false,false,,
casillas_2236_B_3981,casillas,2236_B_3981,Casilla B - Sección 2236,,false,false,,
casillas_2236_E1_3982,casillas,2236_E1_3982,Casilla E1 - Sección 2236,,false,false,,
casillas_2237_B_3983,casillas,2237_B_3983,Casilla B - Sección 2237,,false,false,,
casillas_2238_B_3984,casillas,2238_B_3984,Casilla B - Sección 2238,,false,false,,
casillas_2239_B_3985,casillas,2239_B_3985,Casilla B - Sección 2239,,false,false,,
casillas_2240_B_3986,casillas,2240_B_3986,Casilla B - Sección 2240,,false,false,,
casillas_2241_B_3987,casillas,2241_B_3987,Casilla B - Sección 2241,,false,false,,
casillas_2242_B_3988,casillas,2242_B_3988,Casilla B - Sección 2242,,false,false,,
casillas_2243_B_3989,casillas,2243_B_3989,Casilla B - Sección 2243,,false,false,,
casillas_2244_B_3990,casillas,2244_B_3990,Casilla B - Sección 2244,,false,false,,
casillas_2245_B_3991,casillas,2245_B_3991,Casilla B - Sección 2245,,false,false,,
casillas_2245_E1_3992,casillas,2245_E1_3992,Casilla E1 - Sección 2245,,false,false,,
casillas_2246_B_3993,casillas,2246_B_3993,Casilla B - Sección 2246,,false,false,,
casillas_2247_B_3994,casillas,2247_B_3994,Casilla B - Sección 2247,,false,false,,
casillas_2249_B_3995,casillas,2249_B_3995,Casilla B - Sección 2249,,false,false,,
casillas_2250_B_3996,casillas,2250_B_3996,Casilla B - Sección 2250,,false,false,,
casillas_2251_B_3997,casillas,2251_B_3997,Casilla B - Sección 2251,,false,false,,
casillas_2251_E1_3998,casillas,2251_E1_3998,Casilla E1 - Sección 2251,,false,false,,
casillas_2252_B_3999,casillas,2252_B_3999,Casilla B - Sección 2252,,false,false,,
casillas_2254_B_4000,casillas,2254_B_4000,Casilla B - Sección 2254,,false,false,,
casillas_2255_B_4001,casillas,2255_B_4001,Casilla B - Sección 2255,,false,false,,
casillas_2255_E1_4002,casillas,2255_E1_4002,Casilla E1 - Sección 2255,,false,false,,
casillas_2256_E1_4003,casillas,2256_E1_4003,Casilla E1 - Sección 2256,,false,false,,
casillas_2256_B_4004,casillas,2256_B_4004,Casilla B - Sección 2256,,false,false,,
casillas_2257_B_4005,casillas,2257_B_4005,Casilla B - Sección 2257,,false,false,,
casillas_2258_B_4006,casillas,2258_B_4006,Casilla B - Sección 2258,,false,false,,
casillas_2259_B_4007,casillas,2259_B_4007,Casilla B - Sección 2259,,false,false,,
casillas_2260_B_4008,casillas,2260_B_4008,Casilla B - Sección 2260,,false,false,,
casillas_2271_B_4009,casillas,2271_B_4009,Casilla B - Sección 2271,,false,false,,
casillas_2272_B_4010,casillas,2272_B_4010,Casilla B - Sección 2272,,false,false,,
casillas_2272_C1_4011,casillas,2272_C1_4011,Casilla C1 - Sección 2272,,false,false,,
casillas_2273_B_4012,casillas,2273_B_4012,Casilla B - Sección 2273,,false,false,,
casillas_2274_B_4013,casillas,2274_B_4013,Casilla B - Sección 2274,,false,false,,
casillas_2275_B_4014,casillas,2275_B_4014,Casilla B - Sección 2275,,false,false,,
casillas_2276_B_4015,casillas,2276_B_4015,Casilla B - Sección 2276,,false,false,,
casillas_2277_B_4016,casillas,2277_B_4016,Casilla B - Sección 2277,,false,false,,
casillas_2331_B_4017,casillas,2331_B_4017,Casilla B - Sección 2331,,false,false,,
casillas_2331_C1_4018,casillas,2331_C1_4018,Casilla C1 - Sección 2331,,false,false,,
casillas_2332_B_4019,casillas,2332_B_4019,Casilla B - Sección 2332,,false,false,,
casillas_2333_E1_4020,casillas,2333_E1_4020,Casilla E1 - Sección 2333,,false,false,,
casillas_2333_B_4021,casillas,2333_B_4021,Casilla B - Sección 2333,,false,false,,
casillas_2334_B_4022,casillas,2334_B_4022,Casilla B - Sección 2334,,false,false,,
casillas_2335_B_4023,casillas,2335_B_4023,Casilla B - Sección 2335,,false,false,,
casillas_2335_C1_4024,casillas,2335_C1_4024,Casilla C1 - Sección 2335,,false,false,,
casillas_2336_B_4025,casillas,2336_B_4025,Casilla B - Sección 2336,,false,false,,
casillas_2337_B_4026,casillas,2337_B_4026,Casilla B - Sección 2337,,false,false,,
casillas_2338_B_4027,casillas,2338_B_4027,Casilla B - Sección 2338,,false,false,,
casillas_2339_B_4028,casillas,2339_B_4028,Casilla B - Sección 2339,,false,false,,
casillas_2339_C1_4029,casillas,2339_C1_4029,Casilla C1 - Sección 2339,,false,false,,
casillas_2340_B_4030,casillas,2340_B_4030,Casilla B - Sección 2340,,false,false,,
casillas_2341_B_4031,casillas,2341_B_4031,Casilla B - Sección 2341,,false,false,,
casillas_2342_B_4032,casillas,2342_B_4032,Casilla B - Sección 2342,,false,false,,
casillas_2342_C1_4033,casillas,2342_C1_4033,Casilla C1 - Sección 2342,,false,false,,
casillas_2343_B_4034,casillas,2343_B_4034,Casilla B - Sección 2343,,false,false,,
casillas_2343_C1_4035,casillas,2343_C1_4035,Casilla C1 - Sección 2343,,false,false,,
casillas_2344_B_4036,casillas,2344_B_4036,Casilla B - Sección 2344,,false,false,,
casillas_2345_B_4037,casillas,2345_B_4037,Casilla B - Sección 2345,,false,false,,
casillas_2346_B_4038,casillas,2346_B_4038,Casilla B - Sección 2346,,false,false,,
casillas_2347_B_4039,casillas,2347_B_4039,Casilla B - Sección 2347,,false,false,,
casillas_2348_B_4040,casillas,2348_B_4040,Casilla B - Sección 2348,,false,false,,
casillas_2349_B_4041,casillas,2349_B_4041,Casilla B - Sección 2349,,false,false,,
casillas_2349_C1_4042,casillas,2349_C1_4042,Casilla C1 - Sección 2349,,false,false,,
casillas_2350_B_4043,casillas,2350_B_4043,Casilla B - Sección 2350,,false,false,,
casillas_2350_C1_4044,casillas,2350_C1_4044,Casilla C1 - Sección 2350,,false,false,,
casillas_2351_B_4045,casillas,2351_B_4045,Casilla B - Sección 2351,,false,false,,
casillas_2351_C1_4046,casillas,2351_C1_4046,Casilla C1 - Sección 2351,,false,false,,
casillas_2352_B_4047,casillas,2352_B_4047,Casilla B - Sección 2352,,false,false,,
casillas_2352_C1_4048,casillas,2352_C1_4048,Casilla C1 - Sección 2352,,false,false,,
casillas_2353_B_4049,casillas,2353_B_4049,Casilla B - Sección 2353,,false,false,,
casillas_2353_C1_4050,casillas,2353_C1_4050,Casilla C1 - Sección 2353,,false,false,,
casillas_2354_B_4051,casillas,2354_B_4051,Casilla B - Sección 2354,,false,false,,
casillas_2354_C1_4052,casillas,2354_C1_4052,Casilla C1 - Sección 2354,,false,false,,
casillas_2356_B_4053,casillas,2356_B_4053,Casilla B - Sección 2356,,false,false,,
casillas_2357_B_4054,casillas,2357_B_4054,Casilla B - Sección 2357,,false,false,,
casillas_2358_B_4055,casillas,2358_B_4055,Casilla B - Sección 2358,,false,false,,
casillas_2358_C1_4056,casillas,2358_C1_4056,Casilla C1 - Sección 2358,,false,false,,
casillas_2359_B_4057,casillas,2359_B_4057,Casilla B - Sección 2359,,false,false,,
casillas_2360_B_4058,casillas,2360_B_4058,Casilla B - Sección 2360,,false,false,,
casillas_2361_B_4059,casillas,2361_B_4059,Casilla B - Sección 2361,,false,false,,
casillas_2362_B_4060,casillas,2362_B_4060,Casilla B - Sección 2362,,false,false,,
casillas_2362_C1_4061,casillas,2362_C1_4061,Casilla C1 - Sección 2362,,false,false,,
casillas_2362_C2_4062,casillas,2362_C2_4062,Casilla C2 - Sección 2362,,false,false,,
casillas_2363_B_4063,casillas,2363_B_4063,Casilla B - Sección 2363,,false,false,,
casillas_2364_B_4064,casillas,2364_B_4064,Casilla B - Sección 2364,,false,false,,
casillas_2365_B_4065,casillas,2365_B_4065,Casilla B - Sección 2365,,false,false,,
casillas_2365_C1_4066,casillas,2365_C1_4066,Casilla C1 - Sección 2365,,false,false,,
casillas_2367_B_4067,casillas,2367_B_4067,Casilla B - Sección 2367,,false,false,,
casillas_2368_B_4068,casillas,2368_B_4068,Casilla B - Sección 2368,,false,false,,
casillas_2371_B_4069,casillas,2371_B_4069,Casilla B - Sección 2371,,false,false,,
casillas_2374_B_4070,casillas,2374_B_4070,Casilla B - Sección 2374,,false,false,,
casillas_2375_B_4071,casillas,2375_B_4071,Casilla B - Sección 2375,,false,false,,
casillas_2378_B_4072,casillas,2378_B_4072,Casilla B - Sección 2378,,false,false,,
casillas_2379_B_4073,casillas,2379_B_4073,Casilla B - Sección 2379,,false,false,,
casillas_2380_B_4074,casillas,2380_B_4074,Casilla B - Sección 2380,,false,false,,
casillas_2381_B_4075,casillas,2381_B_4075,Casilla B - Sección 2381,,false,false,,
casillas_2381_C1_4076,casillas,2381_C1_4076,Casilla C1 - Sección 2381,,false,false,,
casillas_2382_B_4077,casillas,2382_B_4077,Casilla B - Sección 2382,,false,false,,
casillas_2384_B_4078,casillas,2384_B_4078,Casilla B - Sección 2384,,false,false,,
casillas_2385_B_4079,casillas,2385_B_4079,Casilla B - Sección 2385,,false,false,,
casillas_2387_B_4080,casillas,2387_B_4080,Casilla B - Sección 2387,,false,false,,
casillas_2388_B_4081,casillas,2388_B_4081,Casilla B - Sección 2388,,false,false,,
casillas_2389_B_4082,casillas,2389_B_4082,Casilla B - Sección 2389,,false,false,,
casillas_2460_B_4083,casillas,2460_B_4083,Casilla B - Sección 2460,,false,false,,
casillas_2461_B_4084,casillas,2461_B_4084,Casilla B - Sección 2461,,false,false,,
casillas_2462_B_4085,casillas,2462_B_4085,Casilla B - Sección 2462,,false,false,,
casillas_2463_B_4086,casillas,2463_B_4086,Casilla B - Sección 2463,,false,false,,
casillas_2464_B_4087,casillas,2464_B_4087,Casilla B - Sección 2464,,false,false,,
casillas_2466_B_4088,casillas,2466_B_4088,Casilla B - Sección 2466,,false,false,,
casillas_2466_C1_4089,casillas,2466_C1_4089,Casilla C1 - Sección 2466,,false,false,,
casillas_2466_C2_4090,casillas,2466_C2_4090,Casilla C2 - Sección 2466,,false,false,,
casillas_2467_B_4091,casillas,2467_B_4091,Casilla B - Sección 2467,,false,false,,
casillas_2467_C1_4092,casillas,2467_C1_4092,Casilla C1 - Sección 2467,,false,false,,
casillas_2469_B_4093,casillas,2469_B_4093,Casilla B - Sección 2469,,false,false,,
casillas_2470_B_4094,casillas,2470_B_4094,Casilla B - Sección 2470,,false,false,,
casillas_2471_B_4095,casillas,2471_B_4095,Casilla B - Sección 2471,,false,false,,
casillas_2472_B_4096,casillas,2472_B_4096,Casilla B - Sección 2472,,false,false,,
casillas_2473_B_4097,casillas,2473_B_4097,Casilla B - Sección 2473,,false,false,,
casillas_2475_B_4098,casillas,2475_B_4098,Casilla B - Sección 2475,,false,false,,
casillas_2518_B_4099,casillas,2518_B_4099,Casilla B - Sección 2518,,false,false,,
casillas_2519_B_4100,casillas,2519_B_4100,Casilla B - Sección 2519,,false,false,,
casillas_2519_C1_4101,casillas,2519_C1_4101,Casilla C1 - Sección 2519,,false,false,,
casillas_2519_C2_4102,casillas,2519_C2_4102,Casilla C2 - Sección 2519,,false,false,,
casillas_2520_B_4103,casillas,2520_B_4103,Casilla B - Sección 2520,,false,false,,
casillas_2520_C1_4104,casillas,2520_C1_4104,Casilla C1 - Sección 2520,,false,false,,
casillas_2520_C2_4105,casillas,2520_C2_4105,Casilla C2 - Sección 2520,,false,false,,
casillas_2520_C3_4106,casillas,2520_C3_4106,Casilla C3 - Sección 2520,,false,false,,
casillas_2520_C4_4107,casillas,2520_C4_4107,Casilla C4 - Sección 2520,,false,false,,
casillas_2520_C5_4108,casillas,2520_C5_4108,Casilla C5 - Sección 2520,,false,false,,
casillas_2521_B_4109,casillas,2521_B_4109,Casilla B - Sección 2521,,false,false,,
casillas_2522_B_4110,casillas,2522_B_4110,Casilla B - Sección 2522,,false,false,,
casillas_2523_B_4111,casillas,2523_B_4111,Casilla B - Sección 2523,,false,false,,
casillas_2524_B_4112,casillas,2524_B_4112,Casilla B - Sección 2524,,false,false,,
casillas_2525_B_4113,casillas,2525_B_4113,Casilla B - Sección 2525,,false,false,,
casillas_2527_B_4114,casillas,2527_B_4114,Casilla B - Sección 2527,,false,false,,
casillas_2648_B_4115,casillas,2648_B_4115,Casilla B - Sección 2648,,false,false,,
casillas_2649_B_4116,casillas,2649_B_4116,Casilla B - Sección 2649,,false,false,,
casillas_2649_C1_4117,casillas,2649_C1_4117,Casilla C1 - Sección 2649,,false,false,,
casillas_2650_B_4118,casillas,2650_B_4118,Casilla B - Sección 2650,,false,false,,
casillas_2651_B_4119,casillas,2651_B_4119,Casilla B - Sección 2651,,false,false,,
casillas_2652_B_4120,casillas,2652_B_4120,Casilla B - Sección 2652,,false,false,,
casillas_2653_B_4121,casillas,2653_B_4121,Casilla B - Sección 2653,,false,false,,
casillas_2654_B_4122,casillas,2654_B_4122,Casilla B - Sección 2654,,false,false,,
casillas_2655_B_4123,casillas,2655_B_4123,Casilla B - Sección 2655,,false,false,,
casillas_2655_E1_4124,casillas,2655_E1_4124,Casilla E1 - Sección 2655,,false,false,,
casillas_2656_B_4125,casillas,2656_B_4125,Casilla B - Sección 2656,,false,false,,
casillas_2657_B_4126,casillas,2657_B_4126,Casilla B - Sección 2657,,false,false,,
casillas_2659_B_4127,casillas,2659_B_4127,Casilla B - Sección 2659,,false,false,,
casillas_2659_C1_4128,casillas,2659_C1_4128,Casilla C1 - Sección 2659,,false,false,,
casillas_2660_B_4129,casillas,2660_B_4129,Casilla B - Sección 2660,,false,false,,
casillas_271_B_4130,casillas,271_B_4130,Casilla B - Sección 271,,false,false,,
casillas_271_C1_4131,casillas,271_C1_4131,Casilla C1 - Sección 271,,false,false,,
casillas_271_C2_4132,casillas,271_C2_4132,Casilla C2 - Sección 271,,false,false,,
casillas_272_B_4133,casillas,272_B_4133,Casilla B - Sección 272,,false,false,,
casillas_272_C1_4134,casillas,272_C1_4134,Casilla C1 - Sección 272,,false,false,,
casillas_272_C2_4135,casillas,272_C2_4135,Casilla C2 - Sección 272,,false,false,,
casillas_272_C3_4136,casillas,272_C3_4136,Casilla C3 - Sección 272,,false,false,,
casillas_272_C4_4137,casillas,272_C4_4137,Casilla C4 - Sección 272,,false,false,,
casillas_272_C5_4138,casillas,272_C5_4138,Casilla C5 - Sección 272,,false,false,,
casillas_273_B_4139,casillas,273_B_4139,Casilla B - Sección 273,,false,false,,
casillas_274_B_4140,casillas,274_B_4140,Casilla B - Sección 274,,false,false,,
casillas_275_B_4141,casillas,275_B_4141,Casilla B - Sección 275,,false,false,,
casillas_275_C1_4142,casillas,275_C1_4142,Casilla C1 - Sección 275,,false,false,,
casillas_275_C2_4143,casillas,275_C2_4143,Casilla C2 - Sección 275,,false,false,,
casillas_275_C3_4144,casillas,275_C3_4144,Casilla C3 - Sección 275,,false,false,,
casillas_275_C4_4145,casillas,275_C4_4145,Casilla C4 - Sección 275,,false,false,,
casillas_276_B_4146,casillas,276_B_4146,Casilla B - Sección 276,,false,false,,
casillas_276_C1_4147,casillas,276_C1_4147,Casilla C1 - Sección 276,,false,false,,
casillas_276_C2_4148,casillas,276_C2_4148,Casilla C2 - Sección 276,,false,false,,
casillas_276_C3_4149,casillas,276_C3_4149,Casilla C3 - Sección 276,,false,false,,
casillas_276_C4_4150,casillas,276_C4_4150,Casilla C4 - Sección 276,,false,false,,
casillas_276_C5_4151,casillas,276_C5_4151,Casilla C5 - Sección 276,,false,false,,
casillas_276_C6_4152,casillas,276_C6_4152,Casilla C6 - Sección 276,,false,false,,
casillas_276_S1_4153,casillas,276_S1_4153,Casilla S1 - Sección 276,,false,false,,
casillas_277_B_4154,casillas,277_B_4154,Casilla B - Sección 277,,false,false,,
casillas_277_C1_4155,casillas,277_C1_4155,Casilla C1 - Sección 277,,false,false,,
casillas_278_B_4156,casillas,278_B_4156,Casilla B - Sección 278,,false,false,,
casillas_278_C1_4157,casillas,278_C1_4157,Casilla C1 - Sección 278,,false,false,,
casillas_278_C2_4158,casillas,278_C2_4158,Casilla C2 - Sección 278,,false,false,,
casillas_279_B_4159,casillas,279_B_4159,Casilla B - Sección 279,,false,false,,
casillas_279_C1_4160,casillas,279_C1_4160,Casilla C1 - Sección 279,,false,false,,
casillas_279_C2_4161,casillas,279_C2_4161,Casilla C2 - Sección 279,,false,false,,
casillas_279_C3_4162,casillas,279_C3_4162,Casilla C3 - Sección 279,,false,false,,
casillas_280_B_4163,casillas,280_B_4163,Casilla B - Sección 280,,false,false,,
casillas_280_C1_4164,casillas,280_C1_4164,Casilla C1 - Sección 280,,false,false,,
casillas_281_B_4165,casillas,281_B_4165,Casilla B - Sección 281,,false,false,,
casillas_281_C1_4166,casillas,281_C1_4166,Casilla C1 - Sección 281,,false,false,,
casillas_282_B_4167,casillas,282_B_4167,Casilla B - Sección 282,,false,false,,
casillas_283_B_4168,casillas,283_B_4168,Casilla B - Sección 283,,false,false,,
casillas_283_C1_4169,casillas,283_C1_4169,Casilla C1 - Sección 283,,false,false,,
casillas_284_S1_4170,casillas,284_S1_4170,Casilla S1 - Sección 284,,false,false,,
casillas_284_B_4171,casillas,284_B_4171,Casilla B - Sección 284,,false,false,,
casillas_284_C1_4172,casillas,284_C1_4172,Casilla C1 - Sección 284,,false,false,,
casillas_284_C2_4173,casillas,284_C2_4173,Casilla C2 - Sección 284,,false,false,,
casillas_284_C3_4174,casillas,284_C3_4174,Casilla C3 - Sección 284,,false,false,,
casillas_284_C4_4175,casillas,284_C4_4175,Casilla C4 - Sección 284,,false,false,,
casillas_285_B_4176,casillas,285_B_4176,Casilla B - Sección 285,,false,false,,
casillas_285_C1_4177,casillas,285_C1_4177,Casilla C1 - Sección 285,,false,false,,
casillas_286_B_4178,casillas,286_B_4178,Casilla B - Sección 286,,false,false,,
casillas_286_C1_4179,casillas,286_C1_4179,Casilla C1 - Sección 286,,false,false,,
casillas_286_C2_4180,casillas,286_C2_4180,Casilla C2 - Sección 286,,false,false,,
casillas_286_C3_4181,casillas,286_C3_4181,Casilla C3 - Sección 286,,false,false,,
casillas_286_C4_4182,casillas,286_C4_4182,Casilla C4 - Sección 286,,false,false,,
casillas_286_C5_4183,casillas,286_C5_4183,Casilla C5 - Sección 286,,false,false,,
casillas_287_B_4184,casillas,287_B_4184,Casilla B - Sección 287,,false,false,,
casillas_288_B_4185,casillas,288_B_4185,Casilla B - Sección 288,,false,false,,
casillas_288_C1_4186,casillas,288_C1_4186,Casilla C1 - Sección 288,,false,false,,
casillas_289_B_4187,casillas,289_B_4187,Casilla B - Sección 289,,false,false,,
casillas_290_B_4188,casillas,290_B_4188,Casilla B - Sección 290,,false,false,,
casillas_290_C1_4189,casillas,290_C1_4189,Casilla C1 - Sección 290,,false,false,,
casillas_291_B_4190,casillas,291_B_4190,Casilla B - Sección 291,,false,false,,
casillas_292_B_4191,casillas,292_B_4191,Casilla B - Sección 292,,false,false,,
casillas_293_B_4192,casillas,293_B_4192,Casilla B - Sección 293,,false,false,,
casillas_294_B_4193,casillas,294_B_4193,Casilla B - Sección 294,,false,false,,
casillas_295_B_4194,casillas,295_B_4194,Casilla B - Sección 295,,false,false,,
casillas_296_B_4195,casillas,296_B_4195,Casilla B - Sección 296,,false,false,,
casillas_298_B_4196,casillas,298_B_4196,Casilla B - Sección 298,,false,false,,
casillas_299_B_4197,casillas,299_B_4197,Casilla B - Sección 299,,false,false,,
casillas_300_B_4198,casillas,300_B_4198,Casilla B - Sección 300,,false,false,,
casillas_301_B_4199,casillas,301_B_4199,Casilla B - Sección 301,,false,false,,
casillas_302_B_4200,casillas,302_B_4200,Casilla B - Sección 302,,false,false,,
casillas_303_B_4201,casillas,303_B_4201,Casilla B - Sección 303,,false,false,,
casillas_304_B_4202,casillas,304_B_4202,Casilla B - Sección 304,,false,false,,
casillas_305_B_4203,casillas,305_B_4203,Casilla B - Sección 305,,false,false,,
casillas_305_C1_4204,casillas,305_C1_4204,Casilla C1 - Sección 305,,false,false,,
casillas_307_B_4205,casillas,307_B_4205,Casilla B - Sección 307,,false,false,,
casillas_307_C1_4206,casillas,307_C1_4206,Casilla C1 - Sección 307,,false,false,,
casillas_307_C2_4207,casillas,307_C2_4207,Casilla C2 - Sección 307,,false,false,,
casillas_307_C3_4208,casillas,307_C3_4208,Casilla C3 - Sección 307,,false,false,,
casillas_307_C4_4209,casillas,307_C4_4209,Casilla C4 - Sección 307,,false,false,,
casillas_307_C5_4210,casillas,307_C5_4210,Casilla C5 - Sección 307,,false,false,,
casillas_307_C6_4211,casillas,307_C6_4211,Casilla C6 - Sección 307,,false,false,,
casillas_308_B_4212,casillas,308_B_4212,Casilla B - Sección 308,,false,false,,
casillas_308_C1_4213,casillas,308_C1_4213,Casilla C1 - Sección 308,,false,false,,
casillas_309_B_4214,casillas,309_B_4214,Casilla B - Sección 309,,false,false,,
casillas_310_B_4215,casillas,310_B_4215,Casilla B - Sección 310,,false,false,,
casillas_310_C1_4216,casillas,310_C1_4216,Casilla C1 - Sección 310,,false,false,,
casillas_311_B_4217,casillas,311_B_4217,Casilla B - Sección 311,,false,false,,
casillas_311_C1_4218,casillas,311_C1_4218,Casilla C1 - Sección 311,,false,false,,
casillas_312_B_4219,casillas,312_B_4219,Casilla B - Sección 312,,false,false,,
casillas_312_C1_4220,casillas,312_C1_4220,Casilla C1 - Sección 312,,false,false,,
casillas_313_B_4221,casillas,313_B_4221,Casilla B - Sección 313,,false,false,,
casillas_314_B_4222,casillas,314_B_4222,Casilla B - Sección 314,,false,false,,
casillas_315_B_4223,casillas,315_B_4223,Casilla B - Sección 315,,false,false,,
casillas_316_B_4224,casillas,316_B_4224,Casilla B - Sección 316,,false,false,,
casillas_317_B_4225,casillas,317_B_4225,Casilla B - Sección 317,,false,false,,
casillas_318_B_4226,casillas,318_B_4226,Casilla B - Sección 318,,false,false,,
casillas_319_B_4227,casillas,319_B_4227,Casilla B - Sección 319,,false,false,,
casillas_319_C1_4228,casillas,319_C1_4228,Casilla C1 - Sección 319,,false,false,,
casillas_320_B_4229,casillas,320_B_4229,Casilla B - Sección 320,,false,false,,
casillas_321_B_4230,casillas,321_B_4230,Casilla B - Sección 321,,false,false,,
casillas_321_C1_4231,casillas,321_C1_4231,Casilla C1 - Sección 321,,false,false,,
casillas_321_C2_4232,casillas,321_C2_4232,Casilla C2 - Sección 321,,false,false,,
casillas_322_B_4233,casillas,322_B_4233,Casilla B - Sección 322,,false,false,,
casillas_323_B_4234,casillas,323_B_4234,Casilla B - Sección 323,,false,false,,
casillas_323_C1_4235,casillas,323_C1_4235,Casilla C1 - Sección 323,,false,false,,
casillas_324_B_4236,casillas,324_B_4236,Casilla B - Sección 324,,false,false,,
casillas_325_B_4237,casillas,325_B_4237,Casilla B - Sección 325,,false,false,,
casillas_325_C1_4238,casillas,325_C1_4238,Casilla C1 - Sección 325,,false,false,,
casillas_326_B_4239,casillas,326_B_4239,Casilla B - Sección 326,,false,false,,
casillas_326_C1_4240,casillas,326_C1_4240,Casilla C1 - Sección 326,,false,false,,
casillas_327_B_4241,casillas,327_B_4241,Casilla B - Sección 327,,false,false,,
casillas_327_C1_4242,casillas,327_C1_4242,Casilla C1 - Sección 327,,false,false,,
casillas_328_B_4243,casillas,328_B_4243,Casilla B - Sección 328,,false,false,,
casillas_329_B_4244,casillas,329_B_4244,Casilla B - Sección 329,,false,false,,
casillas_330_B_4245,casillas,330_B_4245,Casilla B - Sección 330,,false,false,,
casillas_330_C1_4246,casillas,330_C1_4246,Casilla C1 - Sección 330,,false,false,,
casillas_330_C2_4247,casillas,330_C2_4247,Casilla C2 - Sección 330,,false,false,,
casillas_330_C3_4248,casillas,330_C3_4248,Casilla C3 - Sección 330,,false,false,,
casillas_330_C4_4249,casillas,330_C4_4249,Casilla C4 - Sección 330,,false,false,,
casillas_331_B_4250,casillas,331_B_4250,Casilla B - Sección 331,,false,false,,
casillas_331_C1_4251,casillas,331_C1_4251,Casilla C1 - Sección 331,,false,false,,
casillas_332_B_4252,casillas,332_B_4252,Casilla B - Sección 332,,false,false,,
casillas_332_C1_4253,casillas,332_C1_4253,Casilla C1 - Sección 332,,false,false,,
casillas_332_C2_4254,casillas,332_C2_4254,Casilla C2 - Sección 332,,false,false,,
casillas_332_C3_4255,casillas,332_C3_4255,Casilla C3 - Sección 332,,false,false,,
casillas_332_C4_4256,casillas,332_C4_4256,Casilla C4 - Sección 332,,false,false,,
casillas_332_C5_4257,casillas,332_C5_4257,Casilla C5 - Sección 332,,false,false,,
casillas_333_B_4258,casillas,333_B_4258,Casilla B - Sección 333,,false,false,,
casillas_333_C1_4259,casillas,333_C1_4259,Casilla C1 - Sección 333,,false,false,,
casillas_333_C2_4260,casillas,333_C2_4260,Casilla C2 - Sección 333,,false,false,,
casillas_334_B_4261,casillas,334_B_4261,Casilla B - Sección 334,,false,false,,
casillas_334_C1_4262,casillas,334_C1_4262,Casilla C1 - Sección 334,,false,false,,
casillas_334_C2_4263,casillas,334_C2_4263,Casilla C2 - Sección 334,,false,false,,
casillas_335_B_4264,casillas,335_B_4264,Casilla B - Sección 335,,false,false,,
casillas_335_C1_4265,casillas,335_C1_4265,Casilla C1 - Sección 335,,false,false,,
casillas_335_C2_4266,casillas,335_C2_4266,Casilla C2 - Sección 335,,false,false,,
casillas_336_B_4267,casillas,336_B_4267,Casilla B - Sección 336,,false,false,,
casillas_336_C1_4268,casillas,336_C1_4268,Casilla C1 - Sección 336,,false,false,,
casillas_337_B_4269,casillas,337_B_4269,Casilla B - Sección 337,,false,false,,
casillas_337_C1_4270,casillas,337_C1_4270,Casilla C1 - Sección 337,,false,false,,
casillas_338_B_4271,casillas,338_B_4271,Casilla B - Sección 338,,false,false,,
casillas_338_C1_4272,casillas,338_C1_4272,Casilla C1 - Sección 338,,false,false,,
casillas_338_C2_4273,casillas,338_C2_4273,Casilla C2 - Sección 338,,false,false,,
casillas_338_C3_4274,casillas,338_C3_4274,Casilla C3 - Sección 338,,false,false,,
casillas_339_B_4275,casillas,339_B_4275,Casilla B - Sección 339,,false,false,,
casillas_339_C1_4276,casillas,339_C1_4276,Casilla C1 - Sección 339,,false,false,,
casillas_340_B_4277,casillas,340_B_4277,Casilla B - Sección 340,,false,false,,
casillas_340_C1_4278,casillas,340_C1_4278,Casilla C1 - Sección 340,,false,false,,
casillas_340_C2_4279,casillas,340_C2_4279,Casilla C2 - Sección 340,,false,false,,
casillas_341_B_4280,casillas,341_B_4280,Casilla B - Sección 341,,false,false,,
casillas_341_C1_4281,casillas,341_C1_4281,Casilla C1 - Sección 341,,false,false,,
casillas_342_B_4282,casillas,342_B_4282,Casilla B - Sección 342,,false,false,,
casillas_342_C1_4283,casillas,342_C1_4283,Casilla C1 - Sección 342,,false,false,,
casillas_343_B_4284,casillas,343_B_4284,Casilla B - Sección 343,,false,false,,
casillas_343_C1_4285,casillas,343_C1_4285,Casilla C1 - Sección 343,,false,false,,
casillas_343_C2_4286,casillas,343_C2_4286,Casilla C2 - Sección 343,,false,false,,
casillas_344_B_4287,casillas,344_B_4287,Casilla B - Sección 344,,false,false,,
casillas_344_C1_4288,casillas,344_C1_4288,Casilla C1 - Sección 344,,false,false,,
casillas_345_B_4289,casillas,345_B_4289,Casilla B - Sección 345,,false,false,,
casillas_346_B_4290,casillas,346_B_4290,Casilla B - Sección 346,,false,false,,
casillas_347_B_4291,casillas,347_B_4291,Casilla B - Sección 347,,false,false,,
casillas_348_B_4292,casillas,348_B_4292,Casilla B - Sección 348,,false,false,,
casillas_348_C1_4293,casillas,348_C1_4293,Casilla C1 - Sección 348,,false,false,,
casillas_348_C2_4294,casillas,348_C2_4294,Casilla C2 - Sección 348,,false,false,,
casillas_349_B_4295,casillas,349_B_4295,Casilla B - Sección 349,,false,false,,
casillas_349_C1_4296,casillas,349_C1_4296,Casilla C1 - Sección 349,,false,false,,
casillas_350_B_4297,casillas,350_B_4297,Casilla B - Sección 350,,false,false,,
casillas_351_B_4298,casillas,351_B_4298,Casilla B - Sección 351,,false,false,,
casillas_353_B_4299,casillas,353_B_4299,Casilla B - Sección 353,,false,false,,
casillas_355_B_4300,casillas,355_B_4300,Casilla B - Sección 355,,false,false,,
casillas_356_B_4301,casillas,356_B_4301,Casilla B - Sección 356,,false,false,,
casillas_356_C1_4302,casillas,356_C1_4302,Casilla C1 - Sección 356,,false,false,,
casillas_358_B_4303,casillas,358_B_4303,Casilla B - Sección 358,,false,false,,
casillas_359_B_4304,casillas,359_B_4304,Casilla B - Sección 359,,false,false,,
casillas_359_C1_4305,casillas,359_C1_4305,Casilla C1 - Sección 359,,false,false,,
casillas_361_B_4306,casillas,361_B_4306,Casilla B - Sección 361,,false,false,,
casillas_362_B_4307,casillas,362_B_4307,Casilla B - Sección 362,,false,false,,
casillas_363_B_4308,casillas,363_B_4308,Casilla B - Sección 363,,false,false,,
casillas_363_E1_4309,casillas,363_E1_4309,Casilla E1 - Sección 363,,false,false,,
casillas_363_E1C1_4310,casillas,363_E1C1_4310,Casilla E1C1 - Sección 363,,false,false,,
casillas_364_E1_4311,casillas,364_E1_4311,Casilla E1 - Sección 364,,false,false,,
casillas_364_E1C1_4312,casillas,364_E1C1_4312,Casilla E1C1 - Sección 364,,false,false,,
casillas_364_E1C2_4313,casillas,364_E1C2_4313,Casilla E1C2 - Sección 364,,false,false,,
casillas_364_E1C3_4314,casillas,364_E1C3_4314,Casilla E1C3 - Sección 364,,false,false,,
casillas_364_B_4315,casillas,364_B_4315,Casilla B - Sección 364,,false,false,,
casillas_365_B_4316,casillas,365_B_4316,Casilla B - Sección 365,,false,false,,
casillas_365_C1_4317,casillas,365_C1_4317,Casilla C1 - Sección 365,,false,false,,
casillas_367_B_4318,casillas,367_B_4318,Casilla B - Sección 367,,false,false,,
casillas_368_B_4319,casillas,368_B_4319,Casilla B - Sección 368,,false,false,,
casillas_368_C1_4320,casillas,368_C1_4320,Casilla C1 - Sección 368,,false,false,,
casillas_368_C2_4321,casillas,368_C2_4321,Casilla C2 - Sección 368,,false,false,,
casillas_368_C3_4322,casillas,368_C3_4322,Casilla C3 - Sección 368,,false,false,,
casillas_368_C4_4323,casillas,368_C4_4323,Casilla C4 - Sección 368,,false,false,,
casillas_369_B_4324,casillas,369_B_4324,Casilla B - Sección 369,,false,false,,
casillas_369_C1_4325,casillas,369_C1_4325,Casilla C1 - Sección 369,,false,false,,
casillas_369_C2_4326,casillas,369_C2_4326,Casilla C2 - Sección 369,,false,false,,
casillas_369_C3_4327,casillas,369_C3_4327,Casilla C3 - Sección 369,,false,false,,
casillas_369_C4_4328,casillas,369_C4_4328,Casilla C4 - Sección 369,,false,false,,
casillas_370_B_4329,casillas,370_B_4329,Casilla B - Sección 370,,false,false,,
casillas_373_B_4330,casillas,373_B_4330,Casilla B - Sección 373,,false,false,,
casillas_373_C1_4331,casillas,373_C1_4331,Casilla C1 - Sección 373,,false,false,,
casillas_373_C2_4332,casillas,373_C2_4332,Casilla C2 - Sección 373,,false,false,,
casillas_373_C3_4333,casillas,373_C3_4333,Casilla C3 - Sección 373,,false,false,,
casillas_373_C4_4334,casillas,373_C4_4334,Casilla C4 - Sección 373,,false,false,,
casillas_373_C5_4335,casillas,373_C5_4335,Casilla C5 - Sección 373,,false,false,,
casillas_374_B_4336,casillas,374_B_4336,Casilla B - Sección 374,,false,false,,
casillas_375_B_4337,casillas,375_B_4337,Casilla B - Sección 375,,false,false,,
casillas_376_B_4338,casillas,376_B_4338,Casilla B - Sección 376,,false,false,,
casillas_377_B_4339,casillas,377_B_4339,Casilla B - Sección 377,,false,false,,
casillas_378_B_4340,casillas,378_B_4340,Casilla B - Sección 378,,false,false,,
casillas_379_B_4341,casillas,379_B_4341,Casilla B - Sección 379,,false,false,,
casillas_380_B_4342,casillas,380_B_4342,Casilla B - Sección 380,,false,false,,
casillas_381_B_4343,casillas,381_B_4343,Casilla B - Sección 381,,false,false,,
casillas_382_B_4344,casillas,382_B_4344,Casilla B - Sección 382,,false,false,,
casillas_383_E1_4345,casillas,383_E1_4345,Casilla E1 - Sección 383,,false,false,,
casillas_383_E1C1_4346,casillas,383_E1C1_4346,Casilla E1C1 - Sección 383,,false,false,,
casillas_383_E1C2_4347,casillas,383_E1C2_4347,Casilla E1C2 - Sección 383,,false,false,,
casillas_383_E1C3_4348,casillas,383_E1C3_4348,Casilla E1C3 - Sección 383,,false,false,,
casillas_383_E1C4_4349,casillas,383_E1C4_4349,Casilla E1C4 - Sección 383,,false,false,,
casillas_383_E1C5_4350,casillas,383_E1C5_4350,Casilla E1C5 - Sección 383,,false,false,,
casillas_383_E1C6_4351,casillas,383_E1C6_4351,Casilla E1C6 - Sección 383,,false,false,,
casillas_383_B_4352,casillas,383_B_4352,Casilla B - Sección 383,,false,false,,
casillas_384_E1_4353,casillas,384_E1_4353,Casilla E1 - Sección 384,,false,false,,
casillas_384_E1C1_4354,casillas,384_E1C1_4354,Casilla E1C1 - Sección 384,,false,false,,
casillas_384_B_4355,casillas,384_B_4355,Casilla B - Sección 384,,false,false,,
casillas_385_B_4356,casillas,385_B_4356,Casilla B - Sección 385,,false,false,,
casillas_385_C1_4357,casillas,385_C1_4357,Casilla C1 - Sección 385,,false,false,,
casillas_386_B_4358,casillas,386_B_4358,Casilla B - Sección 386,,false,false,,
casillas_386_C1_4359,casillas,386_C1_4359,Casilla C1 - Sección 386,,false,false,,
casillas_3315_B_4360,casillas,3315_B_4360,Casilla B - Sección 3315,,false,false,,
casillas_3315_C1_4361,casillas,3315_C1_4361,Casilla C1 - Sección 3315,,false,false,,
casillas_3315_C2_4362,casillas,3315_C2_4362,Casilla C2 - Sección 3315,,false,false,,
casillas_3316_B_4363,casillas,3316_B_4363,Casilla B - Sección 3316,,false,false,,
casillas_3316_C1_4364,casillas,3316_C1_4364,Casilla C1 - Sección 3316,,false,false,,
casillas_3316_C2_4365,casillas,3316_C2_4365,Casilla C2 - Sección 3316,,false,false,,
casillas_3351_B_4366,casillas,3351_B_4366,Casilla B - Sección 3351,,false,false,,
casillas_3351_C1_4367,casillas,3351_C1_4367,Casilla C1 - Sección 3351,,false,false,,
casillas_3351_C2_4368,casillas,3351_C2_4368,Casilla C2 - Sección 3351,,false,false,,
casillas_3351_C3_4369,casillas,3351_C3_4369,Casilla C3 - Sección 3351,,false,false,,
casillas_3352_B_4370,casillas,3352_B_4370,Casilla B - Sección 3352,,false,false,,
casillas_3352_C1_4371,casillas,3352_C1_4371,Casilla C1 - Sección 3352,,false,false,,
casillas_3352_C2_4372,casillas,3352_C2_4372,Casilla C2 - Sección 3352,,false,false,,
casillas_3353_B_4373,casillas,3353_B_4373,Casilla B - Sección 3353,,false,false,,
casillas_3353_C1_4374,casillas,3353_C1_4374,Casilla C1 - Sección 3353,,false,false,,
casillas_3353_C2_4375,casillas,3353_C2_4375,Casilla C2 - Sección 3353,,false,false,,
casillas_3354_B_4376,casillas,3354_B_4376,Casilla B - Sección 3354,,false,false,,
casillas_3354_C1_4377,casillas,3354_C1_4377,Casilla C1 - Sección 3354,,false,false,,
casillas_3354_C2_4378,casillas,3354_C2_4378,Casilla C2 - Sección 3354,,false,false,,
casillas_3355_B_4379,casillas,3355_B_4379,Casilla B - Sección 3355,,false,false,,
casillas_3355_C1_4380,casillas,3355_C1_4380,Casilla C1 - Sección 3355,,false,false,,
casillas_3355_C2_4381,casillas,3355_C2_4381,Casilla C2 - Sección 3355,,false,false,,
casillas_3355_C3_4382,casillas,3355_C3_4382,Casilla C3 - Sección 3355,,false,false,,
casillas_3356_B_4383,casillas,3356_B_4383,Casilla B - Sección 3356,,false,false,,
casillas_3356_C1_4384,casillas,3356_C1_4384,Casilla C1 - Sección 3356,,false,false,,
casillas_3356_C2_4385,casillas,3356_C2_4385,Casilla C2 - Sección 3356,,false,false,,
casillas_3356_C3_4386,casillas,3356_C3_4386,Casilla C3 - Sección 3356,,false,false,,
casillas_388_B_4387,casillas,388_B_4387,Casilla B - Sección 388,,false,false,,
casillas_388_C1_4388,casillas,388_C1_4388,Casilla C1 - Sección 388,,false,false,,
casillas_389_B_4389,casillas,389_B_4389,Casilla B - Sección 389,,false,false,,
casillas_390_B_4390,casillas,390_B_4390,Casilla B - Sección 390,,false,false,,
casillas_391_B_4391,casillas,391_B_4391,Casilla B - Sección 391,,false,false,,
casillas_393_B_4392,casillas,393_B_4392,Casilla B - Sección 393,,false,false,,
casillas_394_B_4393,casillas,394_B_4393,Casilla B - Sección 394,,false,false,,
casillas_395_B_4394,casillas,395_B_4394,Casilla B - Sección 395,,false,false,,
casillas_396_B_4395,casillas,396_B_4395,Casilla B - Sección 396,,false,false,,
casillas_397_B_4396,casillas,397_B_4396,Casilla B - Sección 397,,false,false,,
casillas_398_B_4397,casillas,398_B_4397,Casilla B - Sección 398,,false,false,,
casillas_399_B_4398,casillas,399_B_4398,Casilla B - Sección 399,,false,false,,
casillas_400_B_4399,casillas,400_B_4399,Casilla B - Sección 400,,false,false,,
casillas_401_B_4400,casillas,401_B_4400,Casilla B - Sección 401,,false,false,,
casillas_1046_B_4401,casillas,1046_B_4401,Casilla B - Sección 1046,,false,false,,
casillas_1046_C1_4402,casillas,1046_C1_4402,Casilla C1 - Sección 1046,,false,false,,
casillas_1047_B_4403,casillas,1047_B_4403,Casilla B - Sección 1047,,false,false,,
casillas_1047_C1_4404,casillas,1047_C1_4404,Casilla C1 - Sección 1047,,false,false,,
casillas_1048_B_4405,casillas,1048_B_4405,Casilla B - Sección 1048,,false,false,,
casillas_1049_B_4406,casillas,1049_B_4406,Casilla B - Sección 1049,,false,false,,
casillas_1050_B_4407,casillas,1050_B_4407,Casilla B - Sección 1050,,false,false,,
casillas_1051_B_4408,casillas,1051_B_4408,Casilla B - Sección 1051,,false,false,,
casillas_1052_B_4409,casillas,1052_B_4409,Casilla B - Sección 1052,,false,false,,
casillas_1069_B_4410,casillas,1069_B_4410,Casilla B - Sección 1069,,false,false,,
casillas_1070_B_4411,casillas,1070_B_4411,Casilla B - Sección 1070,,false,false,,
casillas_1071_B_4412,casillas,1071_B_4412,Casilla B - Sección 1071,,false,false,,
casillas_1072_B_4413,casillas,1072_B_4413,Casilla B - Sección 1072,,false,false,,
casillas_1073_B_4414,casillas,1073_B_4414,Casilla B - Sección 1073,,false,false,,
casillas_1074_B_4415,casillas,1074_B_4415,Casilla B - Sección 1074,,false,false,,
casillas_1075_B_4416,casillas,1075_B_4416,Casilla B - Sección 1075,,false,false,,
casillas_1076_B_4417,casillas,1076_B_4417,Casilla B - Sección 1076,,false,false,,
casillas_1077_B_4418,casillas,1077_B_4418,Casilla B - Sección 1077,,false,false,,
casillas_1078_B_4419,casillas,1078_B_4419,Casilla B - Sección 1078,,false,false,,
casillas_1079_B_4420,casillas,1079_B_4420,Casilla B - Sección 1079,,false,false,,
casillas_1080_B_4421,casillas,1080_B_4421,Casilla B - Sección 1080,,false,false,,
casillas_1081_B_4422,casillas,1081_B_4422,Casilla B - Sección 1081,,false,false,,
casillas_434_B_4423,casillas,434_B_4423,Casilla B - Sección 434,,false,false,,
casillas_435_B_4424,casillas,435_B_4424,Casilla B - Sección 435,,false,false,,
casillas_436_B_4425,casillas,436_B_4425,Casilla B - Sección 436,,false,false,,
casillas_437_B_4426,casillas,437_B_4426,Casilla B - Sección 437,,false,false,,
casillas_438_B_4427,casillas,438_B_4427,Casilla B - Sección 438,,false,false,,
casillas_439_B_4428,casillas,439_B_4428,Casilla B - Sección 439,,false,false,,
casillas_439_C1_4429,casillas,439_C1_4429,Casilla C1 - Sección 439,,false,false,,
casillas_440_B_4430,casillas,440_B_4430,Casilla B - Sección 440,,false,false,,
casillas_440_C1_4431,casillas,440_C1_4431,Casilla C1 - Sección 440,,false,false,,
casillas_441_B_4432,casillas,441_B_4432,Casilla B - Sección 441,,false,false,,
casillas_442_B_4433,casillas,442_B_4433,Casilla B - Sección 442,,false,false,,
casillas_443_B_4434,casillas,443_B_4434,Casilla B - Sección 443,,false,false,,
casillas_444_B_4435,casillas,444_B_4435,Casilla B - Sección 444,,false,false,,
casillas_445_B_4436,casillas,445_B_4436,Casilla B - Sección 445,,false,false,,
casillas_446_B_4437,casillas,446_B_4437,Casilla B - Sección 446,,false,false,,
casillas_447_B_4438,casillas,447_B_4438,Casilla B - Sección 447,,false,false,,
casillas_448_B_4439,casillas,448_B_4439,Casilla B - Sección 448,,false,false,,
casillas_449_B_4440,casillas,449_B_4440,Casilla B - Sección 449,,false,false,,
casillas_450_B_4441,casillas,450_B_4441,Casilla B - Sección 450,,false,false,,
casillas_450_C1_4442,casillas,450_C1_4442,Casilla C1 - Sección 450,,false,false,,
casillas_451_B_4443,casillas,451_B_4443,Casilla B - Sección 451,,false,false,,
casillas_452_B_4444,casillas,452_B_4444,Casilla B - Sección 452,,false,false,,
casillas_453_B_4445,casillas,453_B_4445,Casilla B - Sección 453,,false,false,,
casillas_454_B_4446,casillas,454_B_4446,Casilla B - Sección 454,,false,false,,
casillas_455_B_4447,casillas,455_B_4447,Casilla B - Sección 455,,false,false,,
casillas_455_C1_4448,casillas,455_C1_4448,Casilla C1 - Sección 455,,false,false,,
casillas_456_B_4449,casillas,456_B_4449,Casilla B - Sección 456,,false,false,,
casillas_457_B_4450,casillas,457_B_4450,Casilla B - Sección 457,,false,false,,
casillas_458_B_4451,casillas,458_B_4451,Casilla B - Sección 458,,false,false,,
casillas_459_B_4452,casillas,459_B_4452,Casilla B - Sección 459,,false,false,,
casillas_503_B_4453,casillas,503_B_4453,Casilla B - Sección 503,,false,false,,
casillas_504_B_4454,casillas,504_B_4454,Casilla B - Sección 504,,false,false,,
casillas_505_B_4455,casillas,505_B_4455,Casilla B - Sección 505,,false,false,,
casillas_506_B_4456,casillas,506_B_4456,Casilla B - Sección 506,,false,false,,
casillas_507_B_4457,casillas,507_B_4457,Casilla B - Sección 507,,false,false,,
casillas_508_E1_4458,casillas,508_E1_4458,Casilla E1 - Sección 508,,false,false,,
casillas_508_B_4459,casillas,508_B_4459,Casilla B - Sección 508,,false,false,,
casillas_517_B_4460,casillas,517_B_4460,Casilla B - Sección 517,,false,false,,
casillas_633_C1_4461,casillas,633_C1_4461,Casilla C1 - Sección 633,,false,false,,
casillas_633_B_4462,casillas,633_B_4462,Casilla B - Sección 633,,false,false,,
casillas_646_B_4463,casillas,646_B_4463,Casilla B - Sección 646,,false,false,,
casillas_646_C1_4464,casillas,646_C1_4464,Casilla C1 - Sección 646,,false,false,,
casillas_647_B_4465,casillas,647_B_4465,Casilla B - Sección 647,,false,false,,
casillas_647_C1_4466,casillas,647_C1_4466,Casilla C1 - Sección 647,,false,false,,
casillas_648_B_4467,casillas,648_B_4467,Casilla B - Sección 648,,false,false,,
casillas_649_B_4468,casillas,649_B_4468,Casilla B - Sección 649,,false,false,,
casillas_650_B_4469,casillas,650_B_4469,Casilla B - Sección 650,,false,false,,
casillas_651_B_4470,casillas,651_B_4470,Casilla B - Sección 651,,false,false,,
casillas_652_B_4471,casillas,652_B_4471,Casilla B - Sección 652,,false,false,,
casillas_662_B_4472,casillas,662_B_4472,Casilla B - Sección 662,,false,false,,
casillas_663_B_4473,casillas,663_B_4473,Casilla B - Sección 663,,false,false,,
casillas_664_B_4474,casillas,664_B_4474,Casilla B - Sección 664,,false,false,,
casillas_665_B_4475,casillas,665_B_4475,Casilla B - Sección 665,,false,false,,
casillas_666_B_4476,casillas,666_B_4476,Casilla B - Sección 666,,false,false,,
casillas_667_B_4477,casillas,667_B_4477,Casilla B - Sección 667,,false,false,,
casillas_668_B_4478,casillas,668_B_4478,Casilla B - Sección 668,,false,false,,
casillas_669_B_4479,casillas,669_B_4479,Casilla B - Sección 669,,false,false,,
casillas_669_C1_4480,casillas,669_C1_4480,Casilla C1 - Sección 669,,false,false,,
casillas_671_B_4481,casillas,671_B_4481,Casilla B - Sección 671,,false,false,,
casillas_671_C1_4482,casillas,671_C1_4482,Casilla C1 - Sección 671,,false,false,,
casillas_672_B_4483,casillas,672_B_4483,Casilla B - Sección 672,,false,false,,
casillas_673_B_4484,casillas,673_B_4484,Casilla B - Sección 673,,false,false,,
casillas_674_B_4485,casillas,674_B_4485,Casilla B - Sección 674,,false,false,,
casillas_674_C1_4486,casillas,674_C1_4486,Casilla C1 - Sección 674,,false,false,,
casillas_683_B_4487,casillas,683_B_4487,Casilla B - Sección 683,,false,false,,
casillas_684_B_4488,casillas,684_B_4488,Casilla B - Sección 684,,false,false,,
casillas_684_C1_4489,casillas,684_C1_4489,Casilla C1 - Sección 684,,false,false,,
casillas_685_B_4490,casillas,685_B_4490,Casilla B - Sección 685,,false,false,,
casillas_686_B_4491,casillas,686_B_4491,Casilla B - Sección 686,,false,false,,
casillas_687_B_4492,casillas,687_B_4492,Casilla B - Sección 687,,false,false,,
casillas_688_B_4493,casillas,688_B_4493,Casilla B - Sección 688,,false,false,,
casillas_688_C1_4494,casillas,688_C1_4494,Casilla C1 - Sección 688,,false,false,,
casillas_689_B_4495,casillas,689_B_4495,Casilla B - Sección 689,,false,false,,
casillas_689_C1_4496,casillas,689_C1_4496,Casilla C1 - Sección 689,,false,false,,
casillas_689_C2_4497,casillas,689_C2_4497,Casilla C2 - Sección 689,,false,false,,
casillas_690_B_4498,casillas,690_B_4498,Casilla B - Sección 690,,false,false,,
casillas_691_B_4499,casillas,691_B_4499,Casilla B - Sección 691,,false,false,,
casillas_691_C1_4500,casillas,691_C1_4500,Casilla C1 - Sección 691,,false,false,,
casillas_692_B_4501,casillas,692_B_4501,Casilla B - Sección 692,,false,false,,
casillas_692_C1_4502,casillas,692_C1_4502,Casilla C1 - Sección 692,,false,false,,
casillas_693_B_4503,casillas,693_B_4503,Casilla B - Sección 693,,false,false,,
casillas_694_B_4504,casillas,694_B_4504,Casilla B - Sección 694,,false,false,,
casillas_695_B_4505,casillas,695_B_4505,Casilla B - Sección 695,,false,false,,
casillas_695_C1_4506,casillas,695_C1_4506,Casilla C1 - Sección 695,,false,false,,
casillas_712_B_4507,casillas,712_B_4507,Casilla B - Sección 712,,false,false,,
casillas_713_B_4508,casillas,713_B_4508,Casilla B - Sección 713,,false,false,,
casillas_713_C1_4509,casillas,713_C1_4509,Casilla C1 - Sección 713,,false,false,,
casillas_714_B_4510,casillas,714_B_4510,Casilla B - Sección 714,,false,false,,
casillas_714_C1_4511,casillas,714_C1_4511,Casilla C1 - Sección 714,,false,false,,
casillas_715_B_4512,casillas,715_B_4512,Casilla B - Sección 715,,false,false,,
casillas_716_B_4513,casillas,716_B_4513,Casilla B - Sección 716,,false,false,,
casillas_716_C1_4514,casillas,716_C1_4514,Casilla C1 - Sección 716,,false,false,,
casillas_717_B_4515,casillas,717_B_4515,Casilla B - Sección 717,,false,false,,
casillas_717_C1_4516,casillas,717_C1_4516,Casilla C1 - Sección 717,,false,false,,
casillas_717_C2_4517,casillas,717_C2_4517,Casilla C2 - Sección 717,,false,false,,
casillas_718_B_4518,casillas,718_B_4518,Casilla B - Sección 718,,false,false,,
casillas_718_C1_4519,casillas,718_C1_4519,Casilla C1 - Sección 718,,false,false,,
casillas_718_C2_4520,casillas,718_C2_4520,Casilla C2 - Sección 718,,false,false,,
casillas_718_C3_4521,casillas,718_C3_4521,Casilla C3 - Sección 718,,false,false,,
casillas_718_C4_4522,casillas,718_C4_4522,Casilla C4 - Sección 718,,false,false,,
casillas_719_B_4523,casillas,719_B_4523,Casilla B - Sección 719,,false,false,,
casillas_719_C1_4524,casillas,719_C1_4524,Casilla C1 - Sección 719,,false,false,,
casillas_738_B_4525,casillas,738_B_4525,Casilla B - Sección 738,,false,false,,
casillas_739_B_4526,casillas,739_B_4526,Casilla B - Sección 739,,false,false,,
casillas_739_C1_4527,casillas,739_C1_4527,Casilla C1 - Sección 739,,false,false,,
casillas_740_B_4528,casillas,740_B_4528,Casilla B - Sección 740,,false,false,,
casillas_740_C1_4529,casillas,740_C1_4529,Casilla C1 - Sección 740,,false,false,,
casillas_740_C2_4530,casillas,740_C2_4530,Casilla C2 - Sección 740,,false,false,,
casillas_741_B_4531,casillas,741_B_4531,Casilla B - Sección 741,,false,false,,
casillas_742_B_4532,casillas,742_B_4532,Casilla B - Sección 742,,false,false,,
casillas_765_B_4533,casillas,765_B_4533,Casilla B - Sección 765,,false,false,,
casillas_766_B_4534,casillas,766_B_4534,Casilla B - Sección 766,,false,false,,
casillas_766_C1_4535,casillas,766_C1_4535,Casilla C1 - Sección 766,,false,false,,
casillas_767_B_4536,casillas,767_B_4536,Casilla B - Sección 767,,false,false,,
casillas_767_C1_4537,casillas,767_C1_4537,Casilla C1 - Sección 767,,false,false,,
casillas_769_B_4538,casillas,769_B_4538,Casilla B - Sección 769,,false,false,,
casillas_770_B_4539,casillas,770_B_4539,Casilla B - Sección 770,,false,false,,
casillas_782_B_4540,casillas,782_B_4540,Casilla B - Sección 782,,false,false,,
casillas_782_C1_4541,casillas,782_C1_4541,Casilla C1 - Sección 782,,false,false,,
casillas_783_B_4542,casillas,783_B_4542,Casilla B - Sección 783,,false,false,,
casillas_784_B_4543,casillas,784_B_4543,Casilla B - Sección 784,,false,false,,
casillas_785_S1_4544,casillas,785_S1_4544,Casilla S1 - Sección 785,,false,false,,
casillas_785_B_4545,casillas,785_B_4545,Casilla B - Sección 785,,false,false,,
casillas_786_B_4546,casillas,786_B_4546,Casilla B - Sección 786,,false,false,,
casillas_787_B_4547,casillas,787_B_4547,Casilla B - Sección 787,,false,false,,
casillas_787_C1_4548,casillas,787_C1_4548,Casilla C1 - Sección 787,,false,false,,
casillas_788_B_4549,casillas,788_B_4549,Casilla B - Sección 788,,false,false,,
casillas_788_C1_4550,casillas,788_C1_4550,Casilla C1 - Sección 788,,false,false,,
casillas_789_B_4551,casillas,789_B_4551,Casilla B - Sección 789,,false,false,,
casillas_789_C1_4552,casillas,789_C1_4552,Casilla C1 - Sección 789,,false,false,,
casillas_791_B_4553,casillas,791_B_4553,Casilla B - Sección 791,,false,false,,
casillas_792_B_4554,casillas,792_B_4554,Casilla B - Sección 792,,false,false,,
casillas_792_C1_4555,casillas,792_C1_4555,Casilla C1 - Sección 792,,false,false,,
casillas_793_B_4556,casillas,793_B_4556,Casilla B - Sección 793,,false,false,,
casillas_794_B_4557,casillas,794_B_4557,Casilla B - Sección 794,,false,false,,
casillas_810_B_4558,casillas,810_B_4558,Casilla B - Sección 810,,false,false,,
casillas_811_B_4559,casillas,811_B_4559,Casilla B - Sección 811,,false,false,,
casillas_812_B_4560,casillas,812_B_4560,Casilla B - Sección 812,,false,false,,
casillas_813_B_4561,casillas,813_B_4561,Casilla B - Sección 813,,false,false,,
casillas_814_B_4562,casillas,814_B_4562,Casilla B - Sección 814,,false,false,,
casillas_815_B_4563,casillas,815_B_4563,Casilla B - Sección 815,,false,false,,
casillas_816_B_4564,casillas,816_B_4564,Casilla B - Sección 816,,false,false,,
casillas_817_B_4565,casillas,817_B_4565,Casilla B - Sección 817,,false,false,,
casillas_817_C1_4566,casillas,817_C1_4566,Casilla C1 - Sección 817,,false,false,,
casillas_818_B_4567,casillas,818_B_4567,Casilla B - Sección 818,,false,false,,
casillas_831_B_4568,casillas,831_B_4568,Casilla B - Sección 831,,false,false,,
casillas_832_B_4569,casillas,832_B_4569,Casilla B - Sección 832,,false,false,,
casillas_833_B_4570,casillas,833_B_4570,Casilla B - Sección 833,,false,false,,
casillas_834_B_4571,casillas,834_B_4571,Casilla B - Sección 834,,false,false,,
casillas_910_B_4572,casillas,910_B_4572,Casilla B - Sección 910,,false,false,,
casillas_460_B_4573,casillas,460_B_4573,Casilla B - Sección 460,,false,false,,
casillas_460_C1_4574,casillas,460_C1_4574,Casilla C1 - Sección 460,,false,false,,
casillas_461_B_4575,casillas,461_B_4575,Casilla B - Sección 461,,false,false,,
casillas_462_B_4576,casillas,462_B_4576,Casilla B - Sección 462,,false,false,,
casillas_463_B_4577,casillas,463_B_4577,Casilla B - Sección 463,,false,false,,
casillas_464_C1_4578,casillas,464_C1_4578,Casilla C1 - Sección 464,,false,false,,
casillas_464_B_4579,casillas,464_B_4579,Casilla B - Sección 464,,false,false,,
casillas_465_B_4580,casillas,465_B_4580,Casilla B - Sección 465,,false,false,,
casillas_465_C1_4581,casillas,465_C1_4581,Casilla C1 - Sección 465,,false,false,,
casillas_466_B_4582,casillas,466_B_4582,Casilla B - Sección 466,,false,false,,
casillas_466_C1_4583,casillas,466_C1_4583,Casilla C1 - Sección 466,,false,false,,
casillas_467_B_4584,casillas,467_B_4584,Casilla B - Sección 467,,false,false,,
casillas_468_B_4585,casillas,468_B_4585,Casilla B - Sección 468,,false,false,,
casillas_468_C1_4586,casillas,468_C1_4586,Casilla C1 - Sección 468,,false,false,,
casillas_469_B_4587,casillas,469_B_4587,Casilla B - Sección 469,,false,false,,
casillas_471_B_4588,casillas,471_B_4588,Casilla B - Sección 471,,false,false,,
casillas_472_B_4589,casillas,472_B_4589,Casilla B - Sección 472,,false,false,,
casillas_473_B_4590,casillas,473_B_4590,Casilla B - Sección 473,,false,false,,
casillas_473_C1_4591,casillas,473_C1_4591,Casilla C1 - Sección 473,,false,false,,
casillas_474_B_4592,casillas,474_B_4592,Casilla B - Sección 474,,false,false,,
casillas_475_B_4593,casillas,475_B_4593,Casilla B - Sección 475,,false,false,,
casillas_476_B_4594,casillas,476_B_4594,Casilla B - Sección 476,,false,false,,
casillas_476_C1_4595,casillas,476_C1_4595,Casilla C1 - Sección 476,,false,false,,
casillas_477_B_4596,casillas,477_B_4596,Casilla B - Sección 477,,false,false,,
casillas_477_C1_4597,casillas,477_C1_4597,Casilla C1 - Sección 477,,false,false,,
casillas_478_B_4598,casillas,478_B_4598,Casilla B - Sección 478,,false,false,,
casillas_479_B_4599,casillas,479_B_4599,Casilla B - Sección 479,,false,false,,
casillas_487_C2_4600,casillas,487_C2_4600,Casilla C2 - Sección 487,,false,false,,
casillas_487_B_4601,casillas,487_B_4601,Casilla B - Sección 487,,false,false,,
casillas_487_C1_4602,casillas,487_C1_4602,Casilla C1 - Sección 487,,false,false,,
casillas_490_B_4603,casillas,490_B_4603,Casilla B - Sección 490,,false,false,,
casillas_490_C1_4604,casillas,490_C1_4604,Casilla C1 - Sección 490,,false,false,,
casillas_491_B_4605,casillas,491_B_4605,Casilla B - Sección 491,,false,false,,
casillas_492_B_4606,casillas,492_B_4606,Casilla B - Sección 492,,false,false,,
casillas_492_C1_4607,casillas,492_C1_4607,Casilla C1 - Sección 492,,false,false,,
casillas_493_B_4608,casillas,493_B_4608,Casilla B - Sección 493,,false,false,,
casillas_493_C1_4609,casillas,493_C1_4609,Casilla C1 - Sección 493,,false,false,,
casillas_494_C1_4610,casillas,494_C1_4610,Casilla C1 - Sección 494,,false,false,,
casillas_494_B_4611,casillas,494_B_4611,Casilla B - Sección 494,,false,false,,
casillas_495_B_4612,casillas,495_B_4612,Casilla B - Sección 495,,false,false,,
casillas_495_C1_4613,casillas,495_C1_4613,Casilla C1 - Sección 495,,false,false,,
casillas_496_B_4614,casillas,496_B_4614,Casilla B - Sección 496,,false,false,,
casillas_496_C1_4615,casillas,496_C1_4615,Casilla C1 - Sección 496,,false,false,,
casillas_497_B_4616,casillas,497_B_4616,Casilla B - Sección 497,,false,false,,
casillas_497_C1_4617,casillas,497_C1_4617,Casilla C1 - Sección 497,,false,false,,
casillas_498_B_4618,casillas,498_B_4618,Casilla B - Sección 498,,false,false,,
casillas_499_B_4619,casillas,499_B_4619,Casilla B - Sección 499,,false,false,,
casillas_500_B_4620,casillas,500_B_4620,Casilla B - Sección 500,,false,false,,
casillas_500_C1_4621,casillas,500_C1_4621,Casilla C1 - Sección 500,,false,false,,
casillas_501_B_4622,casillas,501_B_4622,Casilla B - Sección 501,,false,false,,
casillas_502_B_4623,casillas,502_B_4623,Casilla B - Sección 502,,false,false,,
casillas_518_B_4624,casillas,518_B_4624,Casilla B - Sección 518,,false,false,,
casillas_519_B_4625,casillas,519_B_4625,Casilla B - Sección 519,,false,false,,
casillas_519_S1_4626,casillas,519_S1_4626,Casilla S1 - Sección 519,,false,false,,
casillas_520_B_4627,casillas,520_B_4627,Casilla B - Sección 520,,false,false,,
casillas_521_B_4628,casillas,521_B_4628,Casilla B - Sección 521,,false,false,,
casillas_521_C1_4629,casillas,521_C1_4629,Casilla C1 - Sección 521,,false,false,,
casillas_522_B_4630,casillas,522_B_4630,Casilla B - Sección 522,,false,false,,
casillas_523_B_4631,casillas,523_B_4631,Casilla B - Sección 523,,false,false,,
casillas_524_B_4632,casillas,524_B_4632,Casilla B - Sección 524,,false,false,,
casillas_525_B_4633,casillas,525_B_4633,Casilla B - Sección 525,,false,false,,
casillas_526_B_4634,casillas,526_B_4634,Casilla B - Sección 526,,false,false,,
casillas_527_B_4635,casillas,527_B_4635,Casilla B - Sección 527,,false,false,,
casillas_527_C1_4636,casillas,527_C1_4636,Casilla C1 - Sección 527,,false,false,,
casillas_528_B_4637,casillas,528_B_4637,Casilla B - Sección 528,,false,false,,
casillas_528_C1_4638,casillas,528_C1_4638,Casilla C1 - Sección 528,,false,false,,
casillas_529_B_4639,casillas,529_B_4639,Casilla B - Sección 529,,false,false,,
casillas_529_C1_4640,casillas,529_C1_4640,Casilla C1 - Sección 529,,false,false,,
casillas_530_C1_4641,casillas,530_C1_4641,Casilla C1 - Sección 530,,false,false,,
casillas_530_B_4642,casillas,530_B_4642,Casilla B - Sección 530,,false,false,,
casillas_531_B_4643,casillas,531_B_4643,Casilla B - Sección 531,,false,false,,
casillas_532_C1_4644,casillas,532_C1_4644,Casilla C1 - Sección 532,,false,false,,
casillas_532_B_4645,casillas,532_B_4645,Casilla B - Sección 532,,false,false,,
casillas_533_B_4646,casillas,533_B_4646,Casilla B - Sección 533,,false,false,,
casillas_533_C1_4647,casillas,533_C1_4647,Casilla C1 - Sección 533,,false,false,,
casillas_534_B_4648,casillas,534_B_4648,Casilla B - Sección 534,,false,false,,
casillas_534_C1_4649,casillas,534_C1_4649,Casilla C1 - Sección 534,,false,false,,
casillas_534_C2_4650,casillas,534_C2_4650,Casilla C2 - Sección 534,,false,false,,
casillas_535_B_4651,casillas,535_B_4651,Casilla B - Sección 535,,false,false,,
casillas_535_C1_4652,casillas,535_C1_4652,Casilla C1 - Sección 535,,false,false,,
casillas_536_B_4653,casillas,536_B_4653,Casilla B - Sección 536,,false,false,,
casillas_536_C1_4654,casillas,536_C1_4654,Casilla C1 - Sección 536,,false,false,,
casillas_537_B_4655,casillas,537_B_4655,Casilla B - Sección 537,,false,false,,
casillas_537_C1_4656,casillas,537_C1_4656,Casilla C1 - Sección 537,,false,false,,
casillas_537_C2_4657,casillas,537_C2_4657,Casilla C2 - Sección 537,,false,false,,
casillas_538_B_4658,casillas,538_B_4658,Casilla B - Sección 538,,false,false,,
casillas_538_C1_4659,casillas,538_C1_4659,Casilla C1 - Sección 538,,false,false,,
casillas_538_C2_4660,casillas,538_C2_4660,Casilla C2 - Sección 538,,false,false,,
casillas_538_C3_4661,casillas,538_C3_4661,Casilla C3 - Sección 538,,false,false,,
casillas_538_C4_4662,casillas,538_C4_4662,Casilla C4 - Sección 538,,false,false,,
casillas_539_B_4663,casillas,539_B_4663,Casilla B - Sección 539,,false,false,,
casillas_539_C1_4664,casillas,539_C1_4664,Casilla C1 - Sección 539,,false,false,,
casillas_539_C2_4665,casillas,539_C2_4665,Casilla C2 - Sección 539,,false,false,,
casillas_539_C3_4666,casillas,539_C3_4666,Casilla C3 - Sección 539,,false,false,,
casillas_540_B_4667,casillas,540_B_4667,Casilla B - Sección 540,,false,false,,
casillas_540_C1_4668,casillas,540_C1_4668,Casilla C1 - Sección 540,,false,false,,
casillas_540_C2_4669,casillas,540_C2_4669,Casilla C2 - Sección 540,,false,false,,
casillas_540_C3_4670,casillas,540_C3_4670,Casilla C3 - Sección 540,,false,false,,
casillas_541_B_4671,casillas,541_B_4671,Casilla B - Sección 541,,false,false,,
casillas_541_C1_4672,casillas,541_C1_4672,Casilla C1 - Sección 541,,false,false,,
casillas_541_C2_4673,casillas,541_C2_4673,Casilla C2 - Sección 541,,false,false,,
casillas_541_C3_4674,casillas,541_C3_4674,Casilla C3 - Sección 541,,false,false,,
casillas_541_C4_4675,casillas,541_C4_4675,Casilla C4 - Sección 541,,false,false,,
casillas_541_C5_4676,casillas,541_C5_4676,Casilla C5 - Sección 541,,false,false,,
casillas_541_C6_4677,casillas,541_C6_4677,Casilla C6 - Sección 541,,false,false,,
casillas_542_B_4678,casillas,542_B_4678,Casilla B - Sección 542,,false,false,,
casillas_542_C1_4679,casillas,542_C1_4679,Casilla C1 - Sección 542,,false,false,,
casillas_543_B_4680,casillas,543_B_4680,Casilla B - Sección 543,,false,false,,
casillas_543_C1_4681,casillas,543_C1_4681,Casilla C1 - Sección 543,,false,false,,
casillas_543_C2_4682,casillas,543_C2_4682,Casilla C2 - Sección 543,,false,false,,
casillas_543_C3_4683,casillas,543_C3_4683,Casilla C3 - Sección 543,,false,false,,
casillas_544_B_4684,casillas,544_B_4684,Casilla B - Sección 544,,false,false,,
casillas_544_C1_4685,casillas,544_C1_4685,Casilla C1 - Sección 544,,false,false,,
casillas_545_B_4686,casillas,545_B_4686,Casilla B - Sección 545,,false,false,,
casillas_546_B_4687,casillas,546_B_4687,Casilla B - Sección 546,,false,false,,
casillas_547_B_4688,casillas,547_B_4688,Casilla B - Sección 547,,false,false,,
casillas_548_B_4689,casillas,548_B_4689,Casilla B - Sección 548,,false,false,,
casillas_549_B_4690,casillas,549_B_4690,Casilla B - Sección 549,,false,false,,
casillas_550_B_4691,casillas,550_B_4691,Casilla B - Sección 550,,false,false,,
casillas_550_C1_4692,casillas,550_C1_4692,Casilla C1 - Sección 550,,false,false,,
casillas_551_B_4693,casillas,551_B_4693,Casilla B - Sección 551,,false,false,,
casillas_551_C1_4694,casillas,551_C1_4694,Casilla C1 - Sección 551,,false,false,,
casillas_578_B_4695,casillas,578_B_4695,Casilla B - Sección 578,,false,false,,
casillas_578_C1_4696,casillas,578_C1_4696,Casilla C1 - Sección 578,,false,false,,
casillas_579_B_4697,casillas,579_B_4697,Casilla B - Sección 579,,false,false,,
casillas_580_B_4698,casillas,580_B_4698,Casilla B - Sección 580,,false,false,,
casillas_580_C1_4699,casillas,580_C1_4699,Casilla C1 - Sección 580,,false,false,,
casillas_581_B_4700,casillas,581_B_4700,Casilla B - Sección 581,,false,false,,
casillas_581_C1_4701,casillas,581_C1_4701,Casilla C1 - Sección 581,,false,false,,
casillas_582_B_4702,casillas,582_B_4702,Casilla B - Sección 582,,false,false,,
casillas_582_C1_4703,casillas,582_C1_4703,Casilla C1 - Sección 582,,false,false,,
casillas_583_B_4704,casillas,583_B_4704,Casilla B - Sección 583,,false,false,,
casillas_583_C1_4705,casillas,583_C1_4705,Casilla C1 - Sección 583,,false,false,,
casillas_583_C2_4706,casillas,583_C2_4706,Casilla C2 - Sección 583,,false,false,,
casillas_584_B_4707,casillas,584_B_4707,Casilla B - Sección 584,,false,false,,
casillas_584_C1_4708,casillas,584_C1_4708,Casilla C1 - Sección 584,,false,false,,
casillas_585_C1_4709,casillas,585_C1_4709,Casilla C1 - Sección 585,,false,false,,
casillas_585_B_4710,casillas,585_B_4710,Casilla B - Sección 585,,false,false,,
casillas_586_B_4711,casillas,586_B_4711,Casilla B - Sección 586,,false,false,,
casillas_586_C1_4712,casillas,586_C1_4712,Casilla C1 - Sección 586,,false,false,,
casillas_587_B_4713,casillas,587_B_4713,Casilla B - Sección 587,,false,false,,
casillas_587_C1_4714,casillas,587_C1_4714,Casilla C1 - Sección 587,,false,false,,
casillas_588_B_4715,casillas,588_B_4715,Casilla B - Sección 588,,false,false,,
casillas_589_B_4716,casillas,589_B_4716,Casilla B - Sección 589,,false,false,,
casillas_590_B_4717,casillas,590_B_4717,Casilla B - Sección 590,,false,false,,
casillas_590_C1_4718,casillas,590_C1_4718,Casilla C1 - Sección 590,,false,false,,
casillas_591_C1_4719,casillas,591_C1_4719,Casilla C1 - Sección 591,,false,false,,
casillas_591_B_4720,casillas,591_B_4720,Casilla B - Sección 591,,false,false,,
casillas_592_B_4721,casillas,592_B_4721,Casilla B - Sección 592,,false,false,,
casillas_592_C1_4722,casillas,592_C1_4722,Casilla C1 - Sección 592,,false,false,,
casillas_593_B_4723,casillas,593_B_4723,Casilla B - Sección 593,,false,false,,
casillas_593_C1_4724,casillas,593_C1_4724,Casilla C1 - Sección 593,,false,false,,
casillas_593_C2_4725,casillas,593_C2_4725,Casilla C2 - Sección 593,,false,false,,
casillas_594_B_4726,casillas,594_B_4726,Casilla B - Sección 594,,false,false,,
casillas_595_B_4727,casillas,595_B_4727,Casilla B - Sección 595,,false,false,,
casillas_595_C1_4728,casillas,595_C1_4728,Casilla C1 - Sección 595,,false,false,,
casillas_596_B_4729,casillas,596_B_4729,Casilla B - Sección 596,,false,false,,
casillas_596_C1_4730,casillas,596_C1_4730,Casilla C1 - Sección 596,,false,false,,
casillas_596_C10_4731,casillas,596_C10_4731,Casilla C10 - Sección 596,,false,false,,
casillas_596_C11_4732,casillas,596_C11_4732,Casilla C11 - Sección 596,,false,false,,
casillas_596_C12_4733,casillas,596_C12_4733,Casilla C12 - Sección 596,,false,false,,
casillas_596_C13_4734,casillas,596_C13_4734,Casilla C13 - Sección 596,,false,false,,
casillas_596_C2_4735,casillas,596_C2_4735,Casilla C2 - Sección 596,,false,false,,
casillas_596_C3_4736,casillas,596_C3_4736,Casilla C3 - Sección 596,,false,false,,
casillas_596_C4_4737,casillas,596_C4_4737,Casilla C4 - Sección 596,,false,false,,
casillas_596_C5_4738,casillas,596_C5_4738,Casilla C5 - Sección 596,,false,false,,
casillas_596_C6_4739,casillas,596_C6_4739,Casilla C6 - Sección 596,,false,false,,
casillas_596_C7_4740,casillas,596_C7_4740,Casilla C7 - Sección 596,,false,false,,
casillas_596_C8_4741,casillas,596_C8_4741,Casilla C8 - Sección 596,,false,false,,
casillas_596_C9_4742,casillas,596_C9_4742,Casilla C9 - Sección 596,,false,false,,
casillas_597_C1_4743,casillas,597_C1_4743,Casilla C1 - Sección 597,,false,false,,
casillas_597_B_4744,casillas,597_B_4744,Casilla B - Sección 597,,false,false,,
casillas_598_B_4745,casillas,598_B_4745,Casilla B - Sección 598,,false,false,,
casillas_598_C1_4746,casillas,598_C1_4746,Casilla C1 - Sección 598,,false,false,,
casillas_599_B_4747,casillas,599_B_4747,Casilla B - Sección 599,,false,false,,
casillas_599_C1_4748,casillas,599_C1_4748,Casilla C1 - Sección 599,,false,false,,
casillas_600_B_4749,casillas,600_B_4749,Casilla B - Sección 600,,false,false,,
casillas_600_C1_4750,casillas,600_C1_4750,Casilla C1 - Sección 600,,false,false,,
casillas_601_B_4751,casillas,601_B_4751,Casilla B - Sección 601,,false,false,,
casillas_601_C1_4752,casillas,601_C1_4752,Casilla C1 - Sección 601,,false,false,,
casillas_602_B_4753,casillas,602_B_4753,Casilla B - Sección 602,,false,false,,
casillas_602_C1_4754,casillas,602_C1_4754,Casilla C1 - Sección 602,,false,false,,
casillas_603_B_4755,casillas,603_B_4755,Casilla B - Sección 603,,false,false,,
casillas_604_B_4756,casillas,604_B_4756,Casilla B - Sección 604,,false,false,,
casillas_604_C1_4757,casillas,604_C1_4757,Casilla C1 - Sección 604,,false,false,,
casillas_604_C2_4758,casillas,604_C2_4758,Casilla C2 - Sección 604,,false,false,,
casillas_857_B_4759,casillas,857_B_4759,Casilla B - Sección 857,,false,false,,
casillas_857_C1_4760,casillas,857_C1_4760,Casilla C1 - Sección 857,,false,false,,
casillas_858_B_4761,casillas,858_B_4761,Casilla B - Sección 858,,false,false,,
casillas_858_C1_4762,casillas,858_C1_4762,Casilla C1 - Sección 858,,false,false,,
casillas_859_B_4763,casillas,859_B_4763,Casilla B - Sección 859,,false,false,,
casillas_860_C1_4764,casillas,860_C1_4764,Casilla C1 - Sección 860,,false,false,,
casillas_860_B_4765,casillas,860_B_4765,Casilla B - Sección 860,,false,false,,
casillas_861_B_4766,casillas,861_B_4766,Casilla B - Sección 861,,false,false,,
casillas_862_B_4767,casillas,862_B_4767,Casilla B - Sección 862,,false,false,,
casillas_862_C1_4768,casillas,862_C1_4768,Casilla C1 - Sección 862,,false,false,,
casillas_863_B_4769,casillas,863_B_4769,Casilla B - Sección 863,,false,false,,
casillas_863_C1_4770,casillas,863_C1_4770,Casilla C1 - Sección 863,,false,false,,
casillas_864_B_4771,casillas,864_B_4771,Casilla B - Sección 864,,false,false,,
casillas_865_B_4772,casillas,865_B_4772,Casilla B - Sección 865,,false,false,,
casillas_865_C1_4773,casillas,865_C1_4773,Casilla C1 - Sección 865,,false,false,,
casillas_866_B_4774,casillas,866_B_4774,Casilla B - Sección 866,,false,false,,
casillas_867_B_4775,casillas,867_B_4775,Casilla B - Sección 867,,false,false,,
casillas_867_C1_4776,casillas,867_C1_4776,Casilla C1 - Sección 867,,false,false,,
casillas_868_B_4777,casillas,868_B_4777,Casilla B - Sección 868,,false,false,,
casillas_868_C1_4778,casillas,868_C1_4778,Casilla C1 - Sección 868,,false,false,,
casillas_869_B_4779,casillas,869_B_4779,Casilla B - Sección 869,,false,false,,
casillas_869_C1_4780,casillas,869_C1_4780,Casilla C1 - Sección 869,,false,false,,
casillas_870_B_4781,casillas,870_B_4781,Casilla B - Sección 870,,false,false,,
casillas_870_C1_4782,casillas,870_C1_4782,Casilla C1 - Sección 870,,false,false,,
casillas_871_B_4783,casillas,871_B_4783,Casilla B - Sección 871,,false,false,,
casillas_871_C1_4784,casillas,871_C1_4784,Casilla C1 - Sección 871,,false,false,,
casillas_872_B_4785,casillas,872_B_4785,Casilla B - Sección 872,,false,false,,
casillas_872_C1_4786,casillas,872_C1_4786,Casilla C1 - Sección 872,,false,false,,
casillas_872_C2_4787,casillas,872_C2_4787,Casilla C2 - Sección 872,,false,false,,
casillas_873_B_4788,casillas,873_B_4788,Casilla B - Sección 873,,false,false,,
casillas_873_C1_4789,casillas,873_C1_4789,Casilla C1 - Sección 873,,false,false,,
casillas_874_B_4790,casillas,874_B_4790,Casilla B - Sección 874,,false,false,,
casillas_874_C1_4791,casillas,874_C1_4791,Casilla C1 - Sección 874,,false,false,,
casillas_875_B_4792,casillas,875_B_4792,Casilla B - Sección 875,,false,false,,
casillas_875_C1_4793,casillas,875_C1_4793,Casilla C1 - Sección 875,,false,false,,
casillas_876_B_4794,casillas,876_B_4794,Casilla B - Sección 876,,false,false,,
casillas_876_C1_4795,casillas,876_C1_4795,Casilla C1 - Sección 876,,false,false,,
casillas_876_C2_4796,casillas,876_C2_4796,Casilla C2 - Sección 876,,false,false,,
casillas_877_B_4797,casillas,877_B_4797,Casilla B - Sección 877,,false,false,,
casillas_877_C1_4798,casillas,877_C1_4798,Casilla C1 - Sección 877,,false,false,,
casillas_877_C2_4799,casillas,877_C2_4799,Casilla C2 - Sección 877,,false,false,,
casillas_878_B_4800,casillas,878_B_4800,Casilla B - Sección 878,,false,false,,
casillas_878_C1_4801,casillas,878_C1_4801,Casilla C1 - Sección 878,,false,false,,
casillas_880_B_4802,casillas,880_B_4802,Casilla B - Sección 880,,false,false,,
casillas_880_C1_4803,casillas,880_C1_4803,Casilla C1 - Sección 880,,false,false,,
casillas_880_C2_4804,casillas,880_C2_4804,Casilla C2 - Sección 880,,false,false,,
casillas_899_B_4805,casillas,899_B_4805,Casilla B - Sección 899,,false,false,,
casillas_900_E1_4806,casillas,900_E1_4806,Casilla E1 - Sección 900,,false,false,,
casillas_900_B_4807,casillas,900_B_4807,Casilla B - Sección 900,,false,false,,
casillas_901_B_4808,casillas,901_B_4808,Casilla B - Sección 901,,false,false,,
casillas_902_B_4809,casillas,902_B_4809,Casilla B - Sección 902,,false,false,,
casillas_903_B_4810,casillas,903_B_4810,Casilla B - Sección 903,,false,false,,
casillas_904_B_4811,casillas,904_B_4811,Casilla B - Sección 904,,false,false,,
casillas_905_B_4812,casillas,905_B_4812,Casilla B - Sección 905,,false,false,,
casillas_3297_B_4813,casillas,3297_B_4813,Casilla B - Sección 3297,,false,false,,
casillas_3297_C1_4814,casillas,3297_C1_4814,Casilla C1 - Sección 3297,,false,false,,
casillas_3297_C2_4815,casillas,3297_C2_4815,Casilla C2 - Sección 3297,,false,false,,
casillas_3297_C3_4816,casillas,3297_C3_4816,Casilla C3 - Sección 3297,,false,false,,
casillas_3298_B_4817,casillas,3298_B_4817,Casilla B - Sección 3298,,false,false,,
casillas_3298_C1_4818,casillas,3298_C1_4818,Casilla C1 - Sección 3298,,false,false,,
casillas_3298_C2_4819,casillas,3298_C2_4819,Casilla C2 - Sección 3298,,false,false,,
casillas_3299_C2_4820,casillas,3299_C2_4820,Casilla C2 - Sección 3299,,false,false,,
casillas_3299_B_4821,casillas,3299_B_4821,Casilla B - Sección 3299,,false,false,,
casillas_3299_C1_4822,casillas,3299_C1_4822,Casilla C1 - Sección 3299,,false,false,,
casillas_3300_B_4823,casillas,3300_B_4823,Casilla B - Sección 3300,,false,false,,
casillas_3300_C1_4824,casillas,3300_C1_4824,Casilla C1 - Sección 3300,,false,false,,
casillas_3300_C2_4825,casillas,3300_C2_4825,Casilla C2 - Sección 3300,,false,false,,
casillas_3300_C3_4826,casillas,3300_C3_4826,Casilla C3 - Sección 3300,,false,false,,
casillas_3301_B_4827,casillas,3301_B_4827,Casilla B - Sección 3301,,false,false,,
casillas_3301_C1_4828,casillas,3301_C1_4828,Casilla C1 - Sección 3301,,false,false,,
casillas_3302_B_4829,casillas,3302_B_4829,Casilla B - Sección 3302,,false,false,,
casillas_3302_C1_4830,casillas,3302_C1_4830,Casilla C1 - Sección 3302,,false,false,,
casillas_3302_C2_4831,casillas,3302_C2_4831,Casilla C2 - Sección 3302,,false,false,,
casillas_3303_B_4832,casillas,3303_B_4832,Casilla B - Sección 3303,,false,false,,
casillas_3303_C1_4833,casillas,3303_C1_4833,Casilla C1 - Sección 3303,,false,false,,
casillas_3304_B_4834,casillas,3304_B_4834,Casilla B - Sección 3304,,false,false,,
casillas_3304_C1_4835,casillas,3304_C1_4835,Casilla C1 - Sección 3304,,false,false,,
casillas_3305_B_4836,casillas,3305_B_4836,Casilla B - Sección 3305,,false,false,,
casillas_3305_C1_4837,casillas,3305_C1_4837,Casilla C1 - Sección 3305,,false,false,,
casillas_3305_C2_4838,casillas,3305_C2_4838,Casilla C2 - Sección 3305,,false,false,,
casillas_3305_C3_4839,casillas,3305_C3_4839,Casilla C3 - Sección 3305,,false,false,,
casillas_3305_C4_4840,casillas,3305_C4_4840,Casilla C4 - Sección 3305,,false,false,,
casillas_3367_B_4841,casillas,3367_B_4841,Casilla B - Sección 3367,,false,false,,
casillas_3367_C1_4842,casillas,3367_C1_4842,Casilla C1 - Sección 3367,,false,false,,
casillas_3367_C2_4843,casillas,3367_C2_4843,Casilla C2 - Sección 3367,,false,false,,
casillas_3367_C3_4844,casillas,3367_C3_4844,Casilla C3 - Sección 3367,,false,false,,
casillas_3368_C3_4845,casillas,3368_C3_4845,Casilla C3 - Sección 3368,,false,false,,
casillas_3368_C2_4846,casillas,3368_C2_4846,Casilla C2 - Sección 3368,,false,false,,
casillas_3368_B_4847,casillas,3368_B_4847,Casilla B - Sección 3368,,false,false,,
casillas_3368_C1_4848,casillas,3368_C1_4848,Casilla C1 - Sección 3368,,false,false,,
casillas_3369_B_4849,casillas,3369_B_4849,Casilla B - Sección 3369,,false,false,,
casillas_3369_C1_4850,casillas,3369_C1_4850,Casilla C1 - Sección 3369,,false,false,,
casillas_3369_C2_4851,casillas,3369_C2_4851,Casilla C2 - Sección 3369,,false,false,,
casillas_509_B_4852,casillas,509_B_4852,Casilla B - Sección 509,,false,false,,
casillas_509_C1_4853,casillas,509_C1_4853,Casilla C1 - Sección 509,,false,false,,
casillas_509_E1_4854,casillas,509_E1_4854,Casilla E1 - Sección 509,,false,false,,
casillas_510_B_4855,casillas,510_B_4855,Casilla B - Sección 510,,false,false,,
casillas_511_B_4856,casillas,511_B_4856,Casilla B - Sección 511,,false,false,,
casillas_512_B_4857,casillas,512_B_4857,Casilla B - Sección 512,,false,false,,
casillas_513_B_4858,casillas,513_B_4858,Casilla B - Sección 513,,false,false,,
casillas_513_C1_4859,casillas,513_C1_4859,Casilla C1 - Sección 513,,false,false,,
casillas_514_B_4860,casillas,514_B_4860,Casilla B - Sección 514,,false,false,,
casillas_514_C1_4861,casillas,514_C1_4861,Casilla C1 - Sección 514,,false,false,,
casillas_515_B_4862,casillas,515_B_4862,Casilla B - Sección 515,,false,false,,
casillas_515_C1_4863,casillas,515_C1_4863,Casilla C1 - Sección 515,,false,false,,
casillas_516_B_4864,casillas,516_B_4864,Casilla B - Sección 516,,false,false,,
casillas_552_B_4865,casillas,552_B_4865,Casilla B - Sección 552,,false,false,,
casillas_552_C1_4866,casillas,552_C1_4866,Casilla C1 - Sección 552,,false,false,,
casillas_553_B_4867,casillas,553_B_4867,Casilla B - Sección 553,,false,false,,
casillas_553_C1_4868,casillas,553_C1_4868,Casilla C1 - Sección 553,,false,false,,
casillas_554_B_4869,casillas,554_B_4869,Casilla B - Sección 554,,false,false,,
casillas_554_C1_4870,casillas,554_C1_4870,Casilla C1 - Sección 554,,false,false,,
casillas_555_B_4871,casillas,555_B_4871,Casilla B - Sección 555,,false,false,,
casillas_556_B_4872,casillas,556_B_4872,Casilla B - Sección 556,,false,false,,
casillas_556_C1_4873,casillas,556_C1_4873,Casilla C1 - Sección 556,,false,false,,
casillas_557_B_4874,casillas,557_B_4874,Casilla B - Sección 557,,false,false,,
casillas_557_C1_4875,casillas,557_C1_4875,Casilla C1 - Sección 557,,false,false,,
casillas_558_B_4876,casillas,558_B_4876,Casilla B - Sección 558,,false,false,,
casillas_558_C1_4877,casillas,558_C1_4877,Casilla C1 - Sección 558,,false,false,,
casillas_559_B_4878,casillas,559_B_4878,Casilla B - Sección 559,,false,false,,
casillas_559_C1_4879,casillas,559_C1_4879,Casilla C1 - Sección 559,,false,false,,
casillas_560_B_4880,casillas,560_B_4880,Casilla B - Sección 560,,false,false,,
casillas_560_C1_4881,casillas,560_C1_4881,Casilla C1 - Sección 560,,false,false,,
casillas_561_B_4882,casillas,561_B_4882,Casilla B - Sección 561,,false,false,,
casillas_562_B_4883,casillas,562_B_4883,Casilla B - Sección 562,,false,false,,
casillas_563_B_4884,casillas,563_B_4884,Casilla B - Sección 563,,false,false,,
casillas_563_E1_4885,casillas,563_E1_4885,Casilla E1 - Sección 563,,false,false,,
casillas_563_C1_4886,casillas,563_C1_4886,Casilla C1 - Sección 563,,false,false,,
casillas_564_B_4887,casillas,564_B_4887,Casilla B - Sección 564,,false,false,,
casillas_564_C1_4888,casillas,564_C1_4888,Casilla C1 - Sección 564,,false,false,,
casillas_564_C2_4889,casillas,564_C2_4889,Casilla C2 - Sección 564,,false,false,,
casillas_564_C3_4890,casillas,564_C3_4890,Casilla C3 - Sección 564,,false,false,,
casillas_565_B_4891,casillas,565_B_4891,Casilla B - Sección 565,,false,false,,
casillas_565_C1_4892,casillas,565_C1_4892,Casilla C1 - Sección 565,,false,false,,
casillas_566_C1_4893,casillas,566_C1_4893,Casilla C1 - Sección 566,,false,false,,
casillas_566_B_4894,casillas,566_B_4894,Casilla B - Sección 566,,false,false,,
casillas_567_B_4895,casillas,567_B_4895,Casilla B - Sección 567,,false,false,,
casillas_568_B_4896,casillas,568_B_4896,Casilla B - Sección 568,,false,false,,
casillas_568_C1_4897,casillas,568_C1_4897,Casilla C1 - Sección 568,,false,false,,
casillas_569_B_4898,casillas,569_B_4898,Casilla B - Sección 569,,false,false,,
casillas_569_C1_4899,casillas,569_C1_4899,Casilla C1 - Sección 569,,false,false,,
casillas_570_B_4900,casillas,570_B_4900,Casilla B - Sección 570,,false,false,,
casillas_570_C1_4901,casillas,570_C1_4901,Casilla C1 - Sección 570,,false,false,,
casillas_571_C1_4902,casillas,571_C1_4902,Casilla C1 - Sección 571,,false,false,,
casillas_571_B_4903,casillas,571_B_4903,Casilla B - Sección 571,,false,false,,
casillas_572_B_4904,casillas,572_B_4904,Casilla B - Sección 572,,false,false,,
casillas_572_C1_4905,casillas,572_C1_4905,Casilla C1 - Sección 572,,false,false,,
casillas_572_C2_4906,casillas,572_C2_4906,Casilla C2 - Sección 572,,false,false,,
casillas_572_C3_4907,casillas,572_C3_4907,Casilla C3 - Sección 572,,false,false,,
casillas_573_B_4908,casillas,573_B_4908,Casilla B - Sección 573,,false,false,,
casillas_573_C1_4909,casillas,573_C1_4909,Casilla C1 - Sección 573,,false,false,,
casillas_574_B_4910,casillas,574_B_4910,Casilla B - Sección 574,,false,false,,
casillas_574_C1_4911,casillas,574_C1_4911,Casilla C1 - Sección 574,,false,false,,
casillas_574_C2_4912,casillas,574_C2_4912,Casilla C2 - Sección 574,,false,false,,
casillas_575_B_4913,casillas,575_B_4913,Casilla B - Sección 575,,false,false,,
casillas_575_C1_4914,casillas,575_C1_4914,Casilla C1 - Sección 575,,false,false,,
casillas_575_C2_4915,casillas,575_C2_4915,Casilla C2 - Sección 575,,false,false,,
casillas_576_B_4916,casillas,576_B_4916,Casilla B - Sección 576,,false,false,,
casillas_576_C1_4917,casillas,576_C1_4917,Casilla C1 - Sección 576,,false,false,,
casillas_577_B_4918,casillas,577_B_4918,Casilla B - Sección 577,,false,false,,
casillas_577_C1_4919,casillas,577_C1_4919,Casilla C1 - Sección 577,,false,false,,
casillas_605_C1_4920,casillas,605_C1_4920,Casilla C1 - Sección 605,,false,false,,
casillas_605_C2_4921,casillas,605_C2_4921,Casilla C2 - Sección 605,,false,false,,
casillas_605_B_4922,casillas,605_B_4922,Casilla B - Sección 605,,false,false,,
casillas_605_C3_4923,casillas,605_C3_4923,Casilla C3 - Sección 605,,false,false,,
casillas_606_B_4924,casillas,606_B_4924,Casilla B - Sección 606,,false,false,,
casillas_607_B_4925,casillas,607_B_4925,Casilla B - Sección 607,,false,false,,
casillas_607_C1_4926,casillas,607_C1_4926,Casilla C1 - Sección 607,,false,false,,
casillas_614_C1_4927,casillas,614_C1_4927,Casilla C1 - Sección 614,,false,false,,
casillas_614_C2_4928,casillas,614_C2_4928,Casilla C2 - Sección 614,,false,false,,
casillas_614_B_4929,casillas,614_B_4929,Casilla B - Sección 614,,false,false,,
casillas_768_B_4930,casillas,768_B_4930,Casilla B - Sección 768,,false,false,,
casillas_768_C1_4931,casillas,768_C1_4931,Casilla C1 - Sección 768,,false,false,,
casillas_790_B_4932,casillas,790_B_4932,Casilla B - Sección 790,,false,false,,
casillas_790_C1_4933,casillas,790_C1_4933,Casilla C1 - Sección 790,,false,false,,
casillas_848_B_4934,casillas,848_B_4934,Casilla B - Sección 848,,false,false,,
casillas_848_C1_4935,casillas,848_C1_4935,Casilla C1 - Sección 848,,false,false,,
casillas_848_C2_4936,casillas,848_C2_4936,Casilla C2 - Sección 848,,false,false,,
casillas_848_C3_4937,casillas,848_C3_4937,Casilla C3 - Sección 848,,false,false,,
casillas_850_B_4938,casillas,850_B_4938,Casilla B - Sección 850,,false,false,,
casillas_850_C1_4939,casillas,850_C1_4939,Casilla C1 - Sección 850,,false,false,,
casillas_851_B_4940,casillas,851_B_4940,Casilla B - Sección 851,,false,false,,
casillas_852_B_4941,casillas,852_B_4941,Casilla B - Sección 852,,false,false,,
casillas_852_C1_4942,casillas,852_C1_4942,Casilla C1 - Sección 852,,false,false,,
casillas_852_C2_4943,casillas,852_C2_4943,Casilla C2 - Sección 852,,false,false,,
casillas_852_C3_4944,casillas,852_C3_4944,Casilla C3 - Sección 852,,false,false,,
casillas_852_C4_4945,casillas,852_C4_4945,Casilla C4 - Sección 852,,false,false,,
casillas_852_C5_4946,casillas,852_C5_4946,Casilla C5 - Sección 852,,false,false,,
casillas_852_C6_4947,casillas,852_C6_4947,Casilla C6 - Sección 852,,false,false,,
casillas_852_C7_4948,casillas,852_C7_4948,Casilla C7 - Sección 852,,false,false,,
casillas_853_B_4949,casillas,853_B_4949,Casilla B - Sección 853,,false,false,,
casillas_854_B_4950,casillas,854_B_4950,Casilla B - Sección 854,,false,false,,
casillas_854_S1_4951,casillas,854_S1_4951,Casilla S1 - Sección 854,,false,false,,
casillas_855_B_4952,casillas,855_B_4952,Casilla B - Sección 855,,false,false,,
casillas_855_C1_4953,casillas,855_C1_4953,Casilla C1 - Sección 855,,false,false,,
casillas_855_C2_4954,casillas,855_C2_4954,Casilla C2 - Sección 855,,false,false,,
casillas_855_C3_4955,casillas,855_C3_4955,Casilla C3 - Sección 855,,false,false,,
casillas_856_B_4956,casillas,856_B_4956,Casilla B - Sección 856,,false,false,,
casillas_908_B_4957,casillas,908_B_4957,Casilla B - Sección 908,,false,false,,
casillas_909_B_4958,casillas,909_B_4958,Casilla B - Sección 909,,false,false,,
casillas_909_C1_4959,casillas,909_C1_4959,Casilla C1 - Sección 909,,false,false,,
casillas_3215_B_4960,casillas,3215_B_4960,Casilla B - Sección 3215,,false,false,,
casillas_3215_C1_4961,casillas,3215_C1_4961,Casilla C1 - Sección 3215,,false,false,,
casillas_3215_C10_4962,casillas,3215_C10_4962,Casilla C10 - Sección 3215,,false,false,,
casillas_3215_C11_4963,casillas,3215_C11_4963,Casilla C11 - Sección 3215,,false,false,,
casillas_3215_C12_4964,casillas,3215_C12_4964,Casilla C12 - Sección 3215,,false,false,,
casillas_3215_C13_4965,casillas,3215_C13_4965,Casilla C13 - Sección 3215,,false,false,,
casillas_3215_C2_4966,casillas,3215_C2_4966,Casilla C2 - Sección 3215,,false,false,,
casillas_3215_C3_4967,casillas,3215_C3_4967,Casilla C3 - Sección 3215,,false,false,,
casillas_3215_C4_4968,casillas,3215_C4_4968,Casilla C4 - Sección 3215,,false,false,,
casillas_3215_C5_4969,casillas,3215_C5_4969,Casilla C5 - Sección 3215,,false,false,,
casillas_3215_C6_4970,casillas,3215_C6_4970,Casilla C6 - Sección 3215,,false,false,,
casillas_3215_C7_4971,casillas,3215_C7_4971,Casilla C7 - Sección 3215,,false,false,,
casillas_3215_C8_4972,casillas,3215_C8_4972,Casilla C8 - Sección 3215,,false,false,,
casillas_3215_C9_4973,casillas,3215_C9_4973,Casilla C9 - Sección 3215,,false,false,,
casillas_3216_B_4974,casillas,3216_B_4974,Casilla B - Sección 3216,,false,false,,
casillas_3217_B_4975,casillas,3217_B_4975,Casilla B - Sección 3217,,false,false,,
casillas_3219_B_4976,casillas,3219_B_4976,Casilla B - Sección 3219,,false,false,,
casillas_3220_B_4977,casillas,3220_B_4977,Casilla B - Sección 3220,,false,false,,
casillas_3221_B_4978,casillas,3221_B_4978,Casilla B - Sección 3221,,false,false,,
casillas_3221_C1_4979,casillas,3221_C1_4979,Casilla C1 - Sección 3221,,false,false,,
casillas_3221_C2_4980,casillas,3221_C2_4980,Casilla C2 - Sección 3221,,false,false,,
casillas_3221_C3_4981,casillas,3221_C3_4981,Casilla C3 - Sección 3221,,false,false,,
casillas_3222_B_4982,casillas,3222_B_4982,Casilla B - Sección 3222,,false,false,,
casillas_3223_B_4983,casillas,3223_B_4983,Casilla B - Sección 3223,,false,false,,
casillas_3223_C1_4984,casillas,3223_C1_4984,Casilla C1 - Sección 3223,,false,false,,
casillas_3224_B_4985,casillas,3224_B_4985,Casilla B - Sección 3224,,false,false,,
casillas_3224_C1_4986,casillas,3224_C1_4986,Casilla C1 - Sección 3224,,false,false,,
casillas_3225_B_4987,casillas,3225_B_4987,Casilla B - Sección 3225,,false,false,,
casillas_3225_C1_4988,casillas,3225_C1_4988,Casilla C1 - Sección 3225,,false,false,,
casillas_3225_C2_4989,casillas,3225_C2_4989,Casilla C2 - Sección 3225,,false,false,,
casillas_3225_C3_4990,casillas,3225_C3_4990,Casilla C3 - Sección 3225,,false,false,,
casillas_3225_C4_4991,casillas,3225_C4_4991,Casilla C4 - Sección 3225,,false,false,,
casillas_3226_B_4992,casillas,3226_B_4992,Casilla B - Sección 3226,,false,false,,
casillas_3227_B_4993,casillas,3227_B_4993,Casilla B - Sección 3227,,false,false,,
casillas_3228_B_4994,casillas,3228_B_4994,Casilla B - Sección 3228,,false,false,,
casillas_3228_C1_4995,casillas,3228_C1_4995,Casilla C1 - Sección 3228,,false,false,,
casillas_3229_B_4996,casillas,3229_B_4996,Casilla B - Sección 3229,,false,false,,
casillas_3230_B_4997,casillas,3230_B_4997,Casilla B - Sección 3230,,false,false,,
casillas_3231_B_4998,casillas,3231_B_4998,Casilla B - Sección 3231,,false,false,,
casillas_3232_B_4999,casillas,3232_B_4999,Casilla B - Sección 3232,,false,false,,
casillas_3233_C2_5000,casillas,3233_C2_5000,Casilla C2 - Sección 3233,,false,false,,
casillas_3233_B_5001,casillas,3233_B_5001,Casilla B - Sección 3233,,false,false,,
casillas_3233_C1_5002,casillas,3233_C1_5002,Casilla C1 - Sección 3233,,false,false,,
casillas_3234_B_5003,casillas,3234_B_5003,Casilla B - Sección 3234,,false,false,,
casillas_3234_C1_5004,casillas,3234_C1_5004,Casilla C1 - Sección 3234,,false,false,,
casillas_3234_C2_5005,casillas,3234_C2_5005,Casilla C2 - Sección 3234,,false,false,,
casillas_3235_B_5006,casillas,3235_B_5006,Casilla B - Sección 3235,,false,false,,
casillas_3236_B_5007,casillas,3236_B_5007,Casilla B - Sección 3236,,false,false,,
casillas_3236_C1_5008,casillas,3236_C1_5008,Casilla C1 - Sección 3236,,false,false,,
casillas_3237_B_5009,casillas,3237_B_5009,Casilla B - Sección 3237,,false,false,,
casillas_3237_C1_5010,casillas,3237_C1_5010,Casilla C1 - Sección 3237,,false,false,,
casillas_3238_B_5011,casillas,3238_B_5011,Casilla B - Sección 3238,,false,false,,
casillas_3239_C1_5012,casillas,3239_C1_5012,Casilla C1 - Sección 3239,,false,false,,
casillas_3239_B_5013,casillas,3239_B_5013,Casilla B - Sección 3239,,false,false,,
casillas_3240_B_5014,casillas,3240_B_5014,Casilla B - Sección 3240,,false,false,,
casillas_3241_B_5015,casillas,3241_B_5015,Casilla B - Sección 3241,,false,false,,
casillas_3241_C1_5016,casillas,3241_C1_5016,Casilla C1 - Sección 3241,,false,false,,
casillas_3242_B_5017,casillas,3242_B_5017,Casilla B - Sección 3242,,false,false,,
casillas_3243_B_5018,casillas,3243_B_5018,Casilla B - Sección 3243,,false,false,,
casillas_3243_C1_5019,casillas,3243_C1_5019,Casilla C1 - Sección 3243,,false,false,,
casillas_3244_B_5020,casillas,3244_B_5020,Casilla B - Sección 3244,,false,false,,
casillas_3245_B_5021,casillas,3245_B_5021,Casilla B - Sección 3245,,false,false,,
casillas_3246_B_5022,casillas,3246_B_5022,Casilla B - Sección 3246,,false,false,,
casillas_3247_B_5023,casillas,3247_B_5023,Casilla B - Sección 3247,,false,false,,
casillas_3248_B_5024,casillas,3248_B_5024,Casilla B - Sección 3248,,false,false,,
casillas_3249_B_5025,casillas,3249_B_5025,Casilla B - Sección 3249,,false,false,,
casillas_3250_B_5026,casillas,3250_B_5026,Casilla B - Sección 3250,,false,false,,
casillas_3251_B_5027,casillas,3251_B_5027,Casilla B - Sección 3251,,false,false,,
casillas_3252_B_5028,casillas,3252_B_5028,Casilla B - Sección 3252,,false,false,,
casillas_3253_B_5029,casillas,3253_B_5029,Casilla B - Sección 3253,,false,false,,
casillas_3254_B_5030,casillas,3254_B_5030,Casilla B - Sección 3254,,false,false,,
casillas_3254_C1_5031,casillas,3254_C1_5031,Casilla C1 - Sección 3254,,false,false,,
casillas_3255_B_5032,casillas,3255_B_5032,Casilla B - Sección 3255,,false,false,,
casillas_3256_B_5033,casillas,3256_B_5033,Casilla B - Sección 3256,,false,false,,
casillas_3257_C1_5034,casillas,3257_C1_5034,Casilla C1 - Sección 3257,,false,false,,
casillas_3257_B_5035,casillas,3257_B_5035,Casilla B - Sección 3257,,false,false,,
casillas_3258_B_5036,casillas,3258_B_5036,Casilla B - Sección 3258,,false,false,,
casillas_3258_C1_5037,casillas,3258_C1_5037,Casilla C1 - Sección 3258,,false,false,,
casillas_3259_C1_5038,casillas,3259_C1_5038,Casilla C1 - Sección 3259,,false,false,,
casillas_3259_B_5039,casillas,3259_B_5039,Casilla B - Sección 3259,,false,false,,
casillas_3260_B_5040,casillas,3260_B_5040,Casilla B - Sección 3260,,false,false,,
casillas_3260_C1_5041,casillas,3260_C1_5041,Casilla C1 - Sección 3260,,false,false,,
casillas_3261_B_5042,casillas,3261_B_5042,Casilla B - Sección 3261,,false,false,,
casillas_3262_B_5043,casillas,3262_B_5043,Casilla B - Sección 3262,,false,false,,
casillas_3262_C1_5044,casillas,3262_C1_5044,Casilla C1 - Sección 3262,,false,false,,
casillas_3263_B_5045,casillas,3263_B_5045,Casilla B - Sección 3263,,false,false,,
casillas_3295_B_5046,casillas,3295_B_5046,Casilla B - Sección 3295,,false,false,,
casillas_3295_C1_5047,casillas,3295_C1_5047,Casilla C1 - Sección 3295,,false,false,,
casillas_3295_C2_5048,casillas,3295_C2_5048,Casilla C2 - Sección 3295,,false,false,,
casillas_3296_B_5049,casillas,3296_B_5049,Casilla B - Sección 3296,,false,false,,
casillas_3296_C1_5050,casillas,3296_C1_5050,Casilla C1 - Sección 3296,,false,false,,
casillas_3317_B_5051,casillas,3317_B_5051,Casilla B - Sección 3317,,false,false,,
casillas_3317_C1_5052,casillas,3317_C1_5052,Casilla C1 - Sección 3317,,false,false,,
casillas_3317_C2_5053,casillas,3317_C2_5053,Casilla C2 - Sección 3317,,false,false,,
casillas_3318_B_5054,casillas,3318_B_5054,Casilla B - Sección 3318,,false,false,,
casillas_3318_C1_5055,casillas,3318_C1_5055,Casilla C1 - Sección 3318,,false,false,,
casillas_3318_C2_5056,casillas,3318_C2_5056,Casilla C2 - Sección 3318,,false,false,,
casillas_3318_C3_5057,casillas,3318_C3_5057,Casilla C3 - Sección 3318,,false,false,,
casillas_3319_B_5058,casillas,3319_B_5058,Casilla B - Sección 3319,,false,false,,
casillas_3319_C1_5059,casillas,3319_C1_5059,Casilla C1 - Sección 3319,,false,false,,
casillas_3319_C2_5060,casillas,3319_C2_5060,Casilla C2 - Sección 3319,,false,false,,
casillas_415_B_5061,casillas,415_B_5061,Casilla B - Sección 415,,false,false,,
casillas_415_C1_5062,casillas,415_C1_5062,Casilla C1 - Sección 415,,false,false,,
casillas_416_B_5063,casillas,416_B_5063,Casilla B - Sección 416,,false,false,,
casillas_416_C1_5064,casillas,416_C1_5064,Casilla C1 - Sección 416,,false,false,,
casillas_417_B_5065,casillas,417_B_5065,Casilla B - Sección 417,,false,false,,
casillas_418_C1_5066,casillas,418_C1_5066,Casilla C1 - Sección 418,,false,false,,
casillas_418_B_5067,casillas,418_B_5067,Casilla B - Sección 418,,false,false,,
casillas_419_B_5068,casillas,419_B_5068,Casilla B - Sección 419,,false,false,,
casillas_420_B_5069,casillas,420_B_5069,Casilla B - Sección 420,,false,false,,
casillas_420_C1_5070,casillas,420_C1_5070,Casilla C1 - Sección 420,,false,false,,
casillas_421_B_5071,casillas,421_B_5071,Casilla B - Sección 421,,false,false,,
casillas_422_B_5072,casillas,422_B_5072,Casilla B - Sección 422,,false,false,,
casillas_422_C1_5073,casillas,422_C1_5073,Casilla C1 - Sección 422,,false,false,,
casillas_423_B_5074,casillas,423_B_5074,Casilla B - Sección 423,,false,false,,
casillas_424_B_5075,casillas,424_B_5075,Casilla B - Sección 424,,false,false,,
casillas_425_B_5076,casillas,425_B_5076,Casilla B - Sección 425,,false,false,,
casillas_425_C1_5077,casillas,425_C1_5077,Casilla C1 - Sección 425,,false,false,,
casillas_426_B_5078,casillas,426_B_5078,Casilla B - Sección 426,,false,false,,
casillas_427_B_5079,casillas,427_B_5079,Casilla B - Sección 427,,false,false,,
casillas_428_B_5080,casillas,428_B_5080,Casilla B - Sección 428,,false,false,,
casillas_429_B_5081,casillas,429_B_5081,Casilla B - Sección 429,,false,false,,
casillas_430_B_5082,casillas,430_B_5082,Casilla B - Sección 430,,false,false,,
casillas_431_B_5083,casillas,431_B_5083,Casilla B - Sección 431,,false,false,,
casillas_432_B_5084,casillas,432_B_5084,Casilla B - Sección 432,,false,false,,
casillas_433_B_5085,casillas,433_B_5085,Casilla B - Sección 433,,false,false,,
casillas_470_B_5086,casillas,470_B_5086,Casilla B - Sección 470,,false,false,,
casillas_480_B_5087,casillas,480_B_5087,Casilla B - Sección 480,,false,false,,
casillas_480_C1_5088,casillas,480_C1_5088,Casilla C1 - Sección 480,,false,false,,
casillas_481_B_5089,casillas,481_B_5089,Casilla B - Sección 481,,false,false,,
casillas_481_C1_5090,casillas,481_C1_5090,Casilla C1 - Sección 481,,false,false,,
casillas_482_B_5091,casillas,482_B_5091,Casilla B - Sección 482,,false,false,,
casillas_482_C1_5092,casillas,482_C1_5092,Casilla C1 - Sección 482,,false,false,,
casillas_483_B_5093,casillas,483_B_5093,Casilla B - Sección 483,,false,false,,
casillas_483_C1_5094,casillas,483_C1_5094,Casilla C1 - Sección 483,,false,false,,
casillas_484_B_5095,casillas,484_B_5095,Casilla B - Sección 484,,false,false,,
casillas_485_B_5096,casillas,485_B_5096,Casilla B - Sección 485,,false,false,,
casillas_485_C1_5097,casillas,485_C1_5097,Casilla C1 - Sección 485,,false,false,,
casillas_486_B_5098,casillas,486_B_5098,Casilla B - Sección 486,,false,false,,
casillas_486_C1_5099,casillas,486_C1_5099,Casilla C1 - Sección 486,,false,false,,
casillas_486_C2_5100,casillas,486_C2_5100,Casilla C2 - Sección 486,,false,false,,
casillas_488_B_5101,casillas,488_B_5101,Casilla B - Sección 488,,false,false,,
casillas_488_C1_5102,casillas,488_C1_5102,Casilla C1 - Sección 488,,false,false,,
casillas_489_B_5103,casillas,489_B_5103,Casilla B - Sección 489,,false,false,,
casillas_885_B_5104,casillas,885_B_5104,Casilla B - Sección 885,,false,false,,
casillas_885_C1_5105,casillas,885_C1_5105,Casilla C1 - Sección 885,,false,false,,
casillas_885_C2_5106,casillas,885_C2_5106,Casilla C2 - Sección 885,,false,false,,
casillas_127_B_5107,casillas,127_B_5107,Casilla B - Sección 127,,false,false,,
casillas_128_B_5108,casillas,128_B_5108,Casilla B - Sección 128,,false,false,,
casillas_129_B_5109,casillas,129_B_5109,Casilla B - Sección 129,,false,false,,
casillas_129_C1_5110,casillas,129_C1_5110,Casilla C1 - Sección 129,,false,false,,
casillas_130_B_5111,casillas,130_B_5111,Casilla B - Sección 130,,false,false,,
casillas_130_C1_5112,casillas,130_C1_5112,Casilla C1 - Sección 130,,false,false,,
casillas_130_C2_5113,casillas,130_C2_5113,Casilla C2 - Sección 130,,false,false,,
casillas_131_B_5114,casillas,131_B_5114,Casilla B - Sección 131,,false,false,,
casillas_131_C1_5115,casillas,131_C1_5115,Casilla C1 - Sección 131,,false,false,,
casillas_132_B_5116,casillas,132_B_5116,Casilla B - Sección 132,,false,false,,
casillas_132_C1_5117,casillas,132_C1_5117,Casilla C1 - Sección 132,,false,false,,
casillas_133_B_5118,casillas,133_B_5118,Casilla B - Sección 133,,false,false,,
casillas_133_C1_5119,casillas,133_C1_5119,Casilla C1 - Sección 133,,false,false,,
casillas_134_B_5120,casillas,134_B_5120,Casilla B - Sección 134,,false,false,,
casillas_134_C1_5121,casillas,134_C1_5121,Casilla C1 - Sección 134,,false,false,,
casillas_135_B_5122,casillas,135_B_5122,Casilla B - Sección 135,,false,false,,
casillas_135_C1_5123,casillas,135_C1_5123,Casilla C1 - Sección 135,,false,false,,
casillas_135_C2_5124,casillas,135_C2_5124,Casilla C2 - Sección 135,,false,false,,
casillas_136_B_5125,casillas,136_B_5125,Casilla B - Sección 136,,false,false,,
casillas_136_C1_5126,casillas,136_C1_5126,Casilla C1 - Sección 136,,false,false,,
casillas_136_C2_5127,casillas,136_C2_5127,Casilla C2 - Sección 136,,false,false,,
casillas_137_B_5128,casillas,137_B_5128,Casilla B - Sección 137,,false,false,,
casillas_137_C1_5129,casillas,137_C1_5129,Casilla C1 - Sección 137,,false,false,,
casillas_137_C2_5130,casillas,137_C2_5130,Casilla C2 - Sección 137,,false,false,,
casillas_137_C3_5131,casillas,137_C3_5131,Casilla C3 - Sección 137,,false,false,,
casillas_137_S1_5132,casillas,137_S1_5132,Casilla S1 - Sección 137,,false,false,,
casillas_138_B_5133,casillas,138_B_5133,Casilla B - Sección 138,,false,false,,
casillas_139_E1_5134,casillas,139_E1_5134,Casilla E1 - Sección 139,,false,false,,
casillas_139_B_5135,casillas,139_B_5135,Casilla B - Sección 139,,false,false,,
casillas_140_E1_5136,casillas,140_E1_5136,Casilla E1 - Sección 140,,false,false,,
casillas_140_B_5137,casillas,140_B_5137,Casilla B - Sección 140,,false,false,,
casillas_141_B_5138,casillas,141_B_5138,Casilla B - Sección 141,,false,false,,
casillas_142_B_5139,casillas,142_B_5139,Casilla B - Sección 142,,false,false,,
casillas_143_B_5140,casillas,143_B_5140,Casilla B - Sección 143,,false,false,,
casillas_143_E1_5141,casillas,143_E1_5141,Casilla E1 - Sección 143,,false,false,,
casillas_144_B_5142,casillas,144_B_5142,Casilla B - Sección 144,,false,false,,
casillas_144_C1_5143,casillas,144_C1_5143,Casilla C1 - Sección 144,,false,false,,
casillas_145_B_5144,casillas,145_B_5144,Casilla B - Sección 145,,false,false,,
casillas_145_C1_5145,casillas,145_C1_5145,Casilla C1 - Sección 145,,false,false,,
casillas_146_B_5146,casillas,146_B_5146,Casilla B - Sección 146,,false,false,,
casillas_146_C1_5147,casillas,146_C1_5147,Casilla C1 - Sección 146,,false,false,,
casillas_147_B_5148,casillas,147_B_5148,Casilla B - Sección 147,,false,false,,
casillas_148_B_5149,casillas,148_B_5149,Casilla B - Sección 148,,false,false,,
casillas_912_B_5150,casillas,912_B_5150,Casilla B - Sección 912,,false,false,,
casillas_912_C1_5151,casillas,912_C1_5151,Casilla C1 - Sección 912,,false,false,,
casillas_913_B_5152,casillas,913_B_5152,Casilla B - Sección 913,,false,false,,
casillas_913_E1_5153,casillas,913_E1_5153,Casilla E1 - Sección 913,,false,false,,
casillas_914_E1_5154,casillas,914_E1_5154,Casilla E1 - Sección 914,,false,false,,
casillas_914_B_5155,casillas,914_B_5155,Casilla B - Sección 914,,false,false,,
casillas_914_E3_5156,casillas,914_E3_5156,Casilla E3 - Sección 914,,false,false,,
casillas_914_E2_5157,casillas,914_E2_5157,Casilla E2 - Sección 914,,false,false,,
casillas_915_B_5158,casillas,915_B_5158,Casilla B - Sección 915,,false,false,,
casillas_916_E1_5159,casillas,916_E1_5159,Casilla E1 - Sección 916,,false,false,,
casillas_916_B_5160,casillas,916_B_5160,Casilla B - Sección 916,,false,false,,
casillas_917_B_5161,casillas,917_B_5161,Casilla B - Sección 917,,false,false,,
casillas_918_B_5162,casillas,918_B_5162,Casilla B - Sección 918,,false,false,,
casillas_918_E1_5163,casillas,918_E1_5163,Casilla E1 - Sección 918,,false,false,,
casillas_919_E1_5164,casillas,919_E1_5164,Casilla E1 - Sección 919,,false,false,,
casillas_919_B_5165,casillas,919_B_5165,Casilla B - Sección 919,,false,false,,
casillas_2261_B_5166,casillas,2261_B_5166,Casilla B - Sección 2261,,false,false,,
casillas_2262_B_5167,casillas,2262_B_5167,Casilla B - Sección 2262,,false,false,,
casillas_2263_B_5168,casillas,2263_B_5168,Casilla B - Sección 2263,,false,false,,
casillas_2265_B_5169,casillas,2265_B_5169,Casilla B - Sección 2265,,false,false,,
casillas_2684_B_5170,casillas,2684_B_5170,Casilla B - Sección 2684,,false,false,,
casillas_2684_C1_5171,casillas,2684_C1_5171,Casilla C1 - Sección 2684,,false,false,,
casillas_2685_B_5172,casillas,2685_B_5172,Casilla B - Sección 2685,,false,false,,
casillas_2685_E1_5173,casillas,2685_E1_5173,Casilla E1 - Sección 2685,,false,false,,
casillas_2685_E2_5174,casillas,2685_E2_5174,Casilla E2 - Sección 2685,,false,false,,
casillas_2686_B_5175,casillas,2686_B_5175,Casilla B - Sección 2686,,false,false,,
casillas_2686_E1_5176,casillas,2686_E1_5176,Casilla E1 - Sección 2686,,false,false,,
casillas_2687_B_5177,casillas,2687_B_5177,Casilla B - Sección 2687,,false,false,,
casillas_2689_B_5178,casillas,2689_B_5178,Casilla B - Sección 2689,,false,false,,
casillas_2690_B_5179,casillas,2690_B_5179,Casilla B - Sección 2690,,false,false,,
casillas_2691_B_5180,casillas,2691_B_5180,Casilla B - Sección 2691,,false,false,,
casillas_2692_B_5181,casillas,2692_B_5181,Casilla B - Sección 2692,,false,false,,
casillas_2693_B_5182,casillas,2693_B_5182,Casilla B - Sección 2693,,false,false,,
casillas_2694_B_5183,casillas,2694_B_5183,Casilla B - Sección 2694,,false,false,,
casillas_2695_B_5184,casillas,2695_B_5184,Casilla B - Sección 2695,,false,false,,
casillas_38_B_5185,casillas,38_B_5185,Casilla B - Sección 38,,false,false,,
casillas_38_C1_5186,casillas,38_C1_5186,Casilla C1 - Sección 38,,false,false,,
casillas_39_B_5187,casillas,39_B_5187,Casilla B - Sección 39,,false,false,,
casillas_39_C1_5188,casillas,39_C1_5188,Casilla C1 - Sección 39,,false,false,,
casillas_40_B_5189,casillas,40_B_5189,Casilla B - Sección 40,,false,false,,
casillas_41_B_5190,casillas,41_B_5190,Casilla B - Sección 41,,false,false,,
casillas_41_C1_5191,casillas,41_C1_5191,Casilla C1 - Sección 41,,false,false,,
casillas_43_B_5192,casillas,43_B_5192,Casilla B - Sección 43,,false,false,,
casillas_46_B_5193,casillas,46_B_5193,Casilla B - Sección 46,,false,false,,
casillas_47_B_5194,casillas,47_B_5194,Casilla B - Sección 47,,false,false,,
casillas_48_B_5195,casillas,48_B_5195,Casilla B - Sección 48,,false,false,,
casillas_49_B_5196,casillas,49_B_5196,Casilla B - Sección 49,,false,false,,
casillas_50_B_5197,casillas,50_B_5197,Casilla B - Sección 50,,false,false,,
casillas_51_B_5198,casillas,51_B_5198,Casilla B - Sección 51,,false,false,,
casillas_52_B_5199,casillas,52_B_5199,Casilla B - Sección 52,,false,false,,
casillas_53_B_5200,casillas,53_B_5200,Casilla B - Sección 53,,false,false,,
casillas_54_B_5201,casillas,54_B_5201,Casilla B - Sección 54,,false,false,,
casillas_55_B_5202,casillas,55_B_5202,Casilla B - Sección 55,,false,false,,
casillas_253_B_5203,casillas,253_B_5203,Casilla B - Sección 253,,false,false,,
casillas_253_C1_5204,casillas,253_C1_5204,Casilla C1 - Sección 253,,false,false,,
casillas_254_B_5205,casillas,254_B_5205,Casilla B - Sección 254,,false,false,,
casillas_256_B_5206,casillas,256_B_5206,Casilla B - Sección 256,,false,false,,
casillas_257_B_5207,casillas,257_B_5207,Casilla B - Sección 257,,false,false,,
casillas_258_B_5208,casillas,258_B_5208,Casilla B - Sección 258,,false,false,,
casillas_260_B_5209,casillas,260_B_5209,Casilla B - Sección 260,,false,false,,
casillas_2206_B_5210,casillas,2206_B_5210,Casilla B - Sección 2206,,false,false,,
casillas_2206_C1_5211,casillas,2206_C1_5211,Casilla C1 - Sección 2206,,false,false,,
casillas_2207_B_5212,casillas,2207_B_5212,Casilla B - Sección 2207,,false,false,,
casillas_2207_C1_5213,casillas,2207_C1_5213,Casilla C1 - Sección 2207,,false,false,,
casillas_2208_B_5214,casillas,2208_B_5214,Casilla B - Sección 2208,,false,false,,
casillas_2209_B_5215,casillas,2209_B_5215,Casilla B - Sección 2209,,false,false,,
casillas_2211_B_5216,casillas,2211_B_5216,Casilla B - Sección 2211,,false,false,,
casillas_2212_B_5217,casillas,2212_B_5217,Casilla B - Sección 2212,,false,false,,
casillas_2278_B_5218,casillas,2278_B_5218,Casilla B - Sección 2278,,false,false,,
casillas_2278_C1_5219,casillas,2278_C1_5219,Casilla C1 - Sección 2278,,false,false,,
casillas_2278_C2_5220,casillas,2278_C2_5220,Casilla C2 - Sección 2278,,false,false,,
casillas_2279_B_5221,casillas,2279_B_5221,Casilla B - Sección 2279,,false,false,,
casillas_2279_C1_5222,casillas,2279_C1_5222,Casilla C1 - Sección 2279,,false,false,,
casillas_2280_B_5223,casillas,2280_B_5223,Casilla B - Sección 2280,,false,false,,
casillas_2281_B_5224,casillas,2281_B_5224,Casilla B - Sección 2281,,false,false,,
casillas_2282_B_5225,casillas,2282_B_5225,Casilla B - Sección 2282,,false,false,,
casillas_2283_B_5226,casillas,2283_B_5226,Casilla B - Sección 2283,,false,false,,
casillas_2286_B_5227,casillas,2286_B_5227,Casilla B - Sección 2286,,false,false,,
casillas_2287_B_5228,casillas,2287_B_5228,Casilla B - Sección 2287,,false,false,,
casillas_1031_B_5229,casillas,1031_B_5229,Casilla B - Sección 1031,,false,false,,
casillas_1032_B_5230,casillas,1032_B_5230,Casilla B - Sección 1032,,false,false,,
casillas_1033_B_5231,casillas,1033_B_5231,Casilla B - Sección 1033,,false,false,,
casillas_1034_B_5232,casillas,1034_B_5232,Casilla B - Sección 1034,,false,false,,
casillas_1035_B_5233,casillas,1035_B_5233,Casilla B - Sección 1035,,false,false,,
casillas_1036_B_5234,casillas,1036_B_5234,Casilla B - Sección 1036,,false,false,,
casillas_1039_B_5235,casillas,1039_B_5235,Casilla B - Sección 1039,,false,false,,
casillas_1041_B_5236,casillas,1041_B_5236,Casilla B - Sección 1041,,false,false,,
casillas_1266_B_5237,casillas,1266_B_5237,Casilla B - Sección 1266,,false,false,,
casillas_1266_C1_5238,casillas,1266_C1_5238,Casilla C1 - Sección 1266,,false,false,,
casillas_1266_C2_5239,casillas,1266_C2_5239,Casilla C2 - Sección 1266,,false,false,,
casillas_1267_B_5240,casillas,1267_B_5240,Casilla B - Sección 1267,,false,false,,
casillas_1267_C1_5241,casillas,1267_C1_5241,Casilla C1 - Sección 1267,,false,false,,
casillas_1268_B_5242,casillas,1268_B_5242,Casilla B - Sección 1268,,false,false,,
casillas_1268_C1_5243,casillas,1268_C1_5243,Casilla C1 - Sección 1268,,false,false,,
casillas_1269_B_5244,casillas,1269_B_5244,Casilla B - Sección 1269,,false,false,,
casillas_1269_C1_5245,casillas,1269_C1_5245,Casilla C1 - Sección 1269,,false,false,,
casillas_1270_B_5246,casillas,1270_B_5246,Casilla B - Sección 1270,,false,false,,
casillas_1271_C1_5247,casillas,1271_C1_5247,Casilla C1 - Sección 1271,,false,false,,
casillas_1271_B_5248,casillas,1271_B_5248,Casilla B - Sección 1271,,false,false,,
casillas_1272_B_5249,casillas,1272_B_5249,Casilla B - Sección 1272,,false,false,,
casillas_1272_C1_5250,casillas,1272_C1_5250,Casilla C1 - Sección 1272,,false,false,,
casillas_1272_C2_5251,casillas,1272_C2_5251,Casilla C2 - Sección 1272,,false,false,,
casillas_1272_C3_5252,casillas,1272_C3_5252,Casilla C3 - Sección 1272,,false,false,,
casillas_1273_B_5253,casillas,1273_B_5253,Casilla B - Sección 1273,,false,false,,
casillas_1273_C1_5254,casillas,1273_C1_5254,Casilla C1 - Sección 1273,,false,false,,
casillas_1273_C2_5255,casillas,1273_C2_5255,Casilla C2 - Sección 1273,,false,false,,
casillas_1274_B_5256,casillas,1274_B_5256,Casilla B - Sección 1274,,false,false,,
casillas_1274_C1_5257,casillas,1274_C1_5257,Casilla C1 - Sección 1274,,false,false,,
casillas_1274_C2_5258,casillas,1274_C2_5258,Casilla C2 - Sección 1274,,false,false,,
casillas_1275_B_5259,casillas,1275_B_5259,Casilla B - Sección 1275,,false,false,,
casillas_1275_C1_5260,casillas,1275_C1_5260,Casilla C1 - Sección 1275,,false,false,,
casillas_1276_B_5261,casillas,1276_B_5261,Casilla B - Sección 1276,,false,false,,
casillas_1276_C1_5262,casillas,1276_C1_5262,Casilla C1 - Sección 1276,,false,false,,
casillas_1277_B_5263,casillas,1277_B_5263,Casilla B - Sección 1277,,false,false,,
casillas_1278_B_5264,casillas,1278_B_5264,Casilla B - Sección 1278,,false,false,,
casillas_1278_C1_5265,casillas,1278_C1_5265,Casilla C1 - Sección 1278,,false,false,,
casillas_1279_B_5266,casillas,1279_B_5266,Casilla B - Sección 1279,,false,false,,
casillas_1279_C1_5267,casillas,1279_C1_5267,Casilla C1 - Sección 1279,,false,false,,
casillas_1279_C2_5268,casillas,1279_C2_5268,Casilla C2 - Sección 1279,,false,false,,
casillas_1279_C3_5269,casillas,1279_C3_5269,Casilla C3 - Sección 1279,,false,false,,
casillas_1279_C4_5270,casillas,1279_C4_5270,Casilla C4 - Sección 1279,,false,false,,
casillas_1280_B_5271,casillas,1280_B_5271,Casilla B - Sección 1280,,false,false,,
casillas_1280_C1_5272,casillas,1280_C1_5272,Casilla C1 - Sección 1280,,false,false,,
casillas_1280_C2_5273,casillas,1280_C2_5273,Casilla C2 - Sección 1280,,false,false,,
casillas_1280_C3_5274,casillas,1280_C3_5274,Casilla C3 - Sección 1280,,false,false,,
casillas_1281_B_5275,casillas,1281_B_5275,Casilla B - Sección 1281,,false,false,,
casillas_1281_C1_5276,casillas,1281_C1_5276,Casilla C1 - Sección 1281,,false,false,,
casillas_1281_C2_5277,casillas,1281_C2_5277,Casilla C2 - Sección 1281,,false,false,,
casillas_1281_C3_5278,casillas,1281_C3_5278,Casilla C3 - Sección 1281,,false,false,,
casillas_1281_C4_5279,casillas,1281_C4_5279,Casilla C4 - Sección 1281,,false,false,,
casillas_1281_C5_5280,casillas,1281_C5_5280,Casilla C5 - Sección 1281,,false,false,,
casillas_1281_C6_5281,casillas,1281_C6_5281,Casilla C6 - Sección 1281,,false,false,,
casillas_1281_S1_5282,casillas,1281_S1_5282,Casilla S1 - Sección 1281,,false,false,,
casillas_1282_B_5283,casillas,1282_B_5283,Casilla B - Sección 1282,,false,false,,
casillas_1282_C1_5284,casillas,1282_C1_5284,Casilla C1 - Sección 1282,,false,false,,
casillas_1283_B_5285,casillas,1283_B_5285,Casilla B - Sección 1283,,false,false,,
casillas_1283_C1_5286,casillas,1283_C1_5286,Casilla C1 - Sección 1283,,false,false,,
casillas_1284_B_5287,casillas,1284_B_5287,Casilla B - Sección 1284,,false,false,,
casillas_1284_C1_5288,casillas,1284_C1_5288,Casilla C1 - Sección 1284,,false,false,,
casillas_1285_B_5289,casillas,1285_B_5289,Casilla B - Sección 1285,,false,false,,
casillas_1286_B_5290,casillas,1286_B_5290,Casilla B - Sección 1286,,false,false,,
casillas_1287_B_5291,casillas,1287_B_5291,Casilla B - Sección 1287,,false,false,,
casillas_1288_B_5292,casillas,1288_B_5292,Casilla B - Sección 1288,,false,false,,
casillas_1288_C1_5293,casillas,1288_C1_5293,Casilla C1 - Sección 1288,,false,false,,
casillas_1289_B_5294,casillas,1289_B_5294,Casilla B - Sección 1289,,false,false,,
casillas_1289_C1_5295,casillas,1289_C1_5295,Casilla C1 - Sección 1289,,false,false,,
casillas_1290_B_5296,casillas,1290_B_5296,Casilla B - Sección 1290,,false,false,,
casillas_1290_C1_5297,casillas,1290_C1_5297,Casilla C1 - Sección 1290,,false,false,,
casillas_1290_C2_5298,casillas,1290_C2_5298,Casilla C2 - Sección 1290,,false,false,,
casillas_1291_B_5299,casillas,1291_B_5299,Casilla B - Sección 1291,,false,false,,
casillas_1291_C1_5300,casillas,1291_C1_5300,Casilla C1 - Sección 1291,,false,false,,
casillas_1291_C2_5301,casillas,1291_C2_5301,Casilla C2 - Sección 1291,,false,false,,
casillas_1292_B_5302,casillas,1292_B_5302,Casilla B - Sección 1292,,false,false,,
casillas_1293_B_5303,casillas,1293_B_5303,Casilla B - Sección 1293,,false,false,,
casillas_1294_B_5304,casillas,1294_B_5304,Casilla B - Sección 1294,,false,false,,
casillas_1294_C1_5305,casillas,1294_C1_5305,Casilla C1 - Sección 1294,,false,false,,
casillas_1295_B_5306,casillas,1295_B_5306,Casilla B - Sección 1295,,false,false,,
casillas_1295_C1_5307,casillas,1295_C1_5307,Casilla C1 - Sección 1295,,false,false,,
casillas_1297_B_5308,casillas,1297_B_5308,Casilla B - Sección 1297,,false,false,,
casillas_1297_C1_5309,casillas,1297_C1_5309,Casilla C1 - Sección 1297,,false,false,,
casillas_1298_B_5310,casillas,1298_B_5310,Casilla B - Sección 1298,,false,false,,
casillas_1298_C1_5311,casillas,1298_C1_5311,Casilla C1 - Sección 1298,,false,false,,
casillas_1299_C1_5312,casillas,1299_C1_5312,Casilla C1 - Sección 1299,,false,false,,
casillas_1299_B_5313,casillas,1299_B_5313,Casilla B - Sección 1299,,false,false,,
casillas_1300_B_5314,casillas,1300_B_5314,Casilla B - Sección 1300,,false,false,,
casillas_1300_C1_5315,casillas,1300_C1_5315,Casilla C1 - Sección 1300,,false,false,,
casillas_1301_B_5316,casillas,1301_B_5316,Casilla B - Sección 1301,,false,false,,
casillas_1302_B_5317,casillas,1302_B_5317,Casilla B - Sección 1302,,false,false,,
casillas_1303_B_5318,casillas,1303_B_5318,Casilla B - Sección 1303,,false,false,,
casillas_1304_B_5319,casillas,1304_B_5319,Casilla B - Sección 1304,,false,false,,
casillas_1305_B_5320,casillas,1305_B_5320,Casilla B - Sección 1305,,false,false,,
casillas_1306_B_5321,casillas,1306_B_5321,Casilla B - Sección 1306,,false,false,,
casillas_1306_C1_5322,casillas,1306_C1_5322,Casilla C1 - Sección 1306,,false,false,,
casillas_1306_C2_5323,casillas,1306_C2_5323,Casilla C2 - Sección 1306,,false,false,,
casillas_1307_B_5324,casillas,1307_B_5324,Casilla B - Sección 1307,,false,false,,
casillas_1307_S1_5325,casillas,1307_S1_5325,Casilla S1 - Sección 1307,,false,false,,
casillas_1308_B_5326,casillas,1308_B_5326,Casilla B - Sección 1308,,false,false,,
casillas_1308_C1_5327,casillas,1308_C1_5327,Casilla C1 - Sección 1308,,false,false,,
casillas_1309_B_5328,casillas,1309_B_5328,Casilla B - Sección 1309,,false,false,,
casillas_1310_B_5329,casillas,1310_B_5329,Casilla B - Sección 1310,,false,false,,
casillas_1311_B_5330,casillas,1311_B_5330,Casilla B - Sección 1311,,false,false,,
casillas_1312_B_5331,casillas,1312_B_5331,Casilla B - Sección 1312,,false,false,,
casillas_1312_C1_5332,casillas,1312_C1_5332,Casilla C1 - Sección 1312,,false,false,,
casillas_1313_B_5333,casillas,1313_B_5333,Casilla B - Sección 1313,,false,false,,
casillas_1314_B_5334,casillas,1314_B_5334,Casilla B - Sección 1314,,false,false,,
casillas_1315_B_5335,casillas,1315_B_5335,Casilla B - Sección 1315,,false,false,,
casillas_1316_B_5336,casillas,1316_B_5336,Casilla B - Sección 1316,,false,false,,
casillas_1317_B_5337,casillas,1317_B_5337,Casilla B - Sección 1317,,false,false,,
casillas_1318_B_5338,casillas,1318_B_5338,Casilla B - Sección 1318,,false,false,,
casillas_1318_C1_5339,casillas,1318_C1_5339,Casilla C1 - Sección 1318,,false,false,,
casillas_1318_C2_5340,casillas,1318_C2_5340,Casilla C2 - Sección 1318,,false,false,,
casillas_1319_B_5341,casillas,1319_B_5341,Casilla B - Sección 1319,,false,false,,
casillas_1319_C1_5342,casillas,1319_C1_5342,Casilla C1 - Sección 1319,,false,false,,
casillas_1320_B_5343,casillas,1320_B_5343,Casilla B - Sección 1320,,false,false,,
casillas_1321_B_5344,casillas,1321_B_5344,Casilla B - Sección 1321,,false,false,,
casillas_1322_B_5345,casillas,1322_B_5345,Casilla B - Sección 1322,,false,false,,
casillas_1323_B_5346,casillas,1323_B_5346,Casilla B - Sección 1323,,false,false,,
casillas_1324_B_5347,casillas,1324_B_5347,Casilla B - Sección 1324,,false,false,,
casillas_1325_B_5348,casillas,1325_B_5348,Casilla B - Sección 1325,,false,false,,
casillas_1326_B_5349,casillas,1326_B_5349,Casilla B - Sección 1326,,false,false,,
casillas_1327_B_5350,casillas,1327_B_5350,Casilla B - Sección 1327,,false,false,,
casillas_1328_B_5351,casillas,1328_B_5351,Casilla B - Sección 1328,,false,false,,
casillas_1328_C1_5352,casillas,1328_C1_5352,Casilla C1 - Sección 1328,,false,false,,
casillas_1329_B_5353,casillas,1329_B_5353,Casilla B - Sección 1329,,false,false,,
casillas_1330_B_5354,casillas,1330_B_5354,Casilla B - Sección 1330,,false,false,,
casillas_1331_B_5355,casillas,1331_B_5355,Casilla B - Sección 1331,,false,false,,
casillas_1332_B_5356,casillas,1332_B_5356,Casilla B - Sección 1332,,false,false,,
casillas_1333_B_5357,casillas,1333_B_5357,Casilla B - Sección 1333,,false,false,,
casillas_1333_C1_5358,casillas,1333_C1_5358,Casilla C1 - Sección 1333,,false,false,,
casillas_1334_B_5359,casillas,1334_B_5359,Casilla B - Sección 1334,,false,false,,
casillas_1334_C1_5360,casillas,1334_C1_5360,Casilla C1 - Sección 1334,,false,false,,
casillas_1335_B_5361,casillas,1335_B_5361,Casilla B - Sección 1335,,false,false,,
casillas_1336_B_5362,casillas,1336_B_5362,Casilla B - Sección 1336,,false,false,,
casillas_1336_C1_5363,casillas,1336_C1_5363,Casilla C1 - Sección 1336,,false,false,,
casillas_1337_B_5364,casillas,1337_B_5364,Casilla B - Sección 1337,,false,false,,
casillas_1337_C1_5365,casillas,1337_C1_5365,Casilla C1 - Sección 1337,,false,false,,
casillas_1338_B_5366,casillas,1338_B_5366,Casilla B - Sección 1338,,false,false,,
casillas_1338_C1_5367,casillas,1338_C1_5367,Casilla C1 - Sección 1338,,false,false,,
casillas_1339_B_5368,casillas,1339_B_5368,Casilla B - Sección 1339,,false,false,,
casillas_1339_C1_5369,casillas,1339_C1_5369,Casilla C1 - Sección 1339,,false,false,,
casillas_1340_B_5370,casillas,1340_B_5370,Casilla B - Sección 1340,,false,false,,
casillas_1340_C1_5371,casillas,1340_C1_5371,Casilla C1 - Sección 1340,,false,false,,
casillas_1341_B_5372,casillas,1341_B_5372,Casilla B - Sección 1341,,false,false,,
casillas_1341_C1_5373,casillas,1341_C1_5373,Casilla C1 - Sección 1341,,false,false,,
casillas_1342_B_5374,casillas,1342_B_5374,Casilla B - Sección 1342,,false,false,,
casillas_1342_C1_5375,casillas,1342_C1_5375,Casilla C1 - Sección 1342,,false,false,,
casillas_1343_B_5376,casillas,1343_B_5376,Casilla B - Sección 1343,,false,false,,
casillas_1343_C1_5377,casillas,1343_C1_5377,Casilla C1 - Sección 1343,,false,false,,
casillas_1344_B_5378,casillas,1344_B_5378,Casilla B - Sección 1344,,false,false,,
casillas_1345_B_5379,casillas,1345_B_5379,Casilla B - Sección 1345,,false,false,,
casillas_1345_C1_5380,casillas,1345_C1_5380,Casilla C1 - Sección 1345,,false,false,,
casillas_1345_C2_5381,casillas,1345_C2_5381,Casilla C2 - Sección 1345,,false,false,,
casillas_1346_B_5382,casillas,1346_B_5382,Casilla B - Sección 1346,,false,false,,
casillas_1346_C1_5383,casillas,1346_C1_5383,Casilla C1 - Sección 1346,,false,false,,
casillas_1347_B_5384,casillas,1347_B_5384,Casilla B - Sección 1347,,false,false,,
casillas_1348_B_5385,casillas,1348_B_5385,Casilla B - Sección 1348,,false,false,,
casillas_1348_C1_5386,casillas,1348_C1_5386,Casilla C1 - Sección 1348,,false,false,,
casillas_1350_B_5387,casillas,1350_B_5387,Casilla B - Sección 1350,,false,false,,
casillas_1351_B_5388,casillas,1351_B_5388,Casilla B - Sección 1351,,false,false,,
casillas_1353_E1_5389,casillas,1353_E1_5389,Casilla E1 - Sección 1353,,false,false,,
casillas_1353_B_5390,casillas,1353_B_5390,Casilla B - Sección 1353,,false,false,,
casillas_1354_E2_5391,casillas,1354_E2_5391,Casilla E2 - Sección 1354,,false,false,,
casillas_1354_E2C1_5392,casillas,1354_E2C1_5392,Casilla E2C1 - Sección 1354,,false,false,,
casillas_1354_E1_5393,casillas,1354_E1_5393,Casilla E1 - Sección 1354,,false,false,,
casillas_1354_B_5394,casillas,1354_B_5394,Casilla B - Sección 1354,,false,false,,
casillas_3362_B_5395,casillas,3362_B_5395,Casilla B - Sección 3362,,false,false,,
casillas_3362_C1_5396,casillas,3362_C1_5396,Casilla C1 - Sección 3362,,false,false,,
casillas_3362_C2_5397,casillas,3362_C2_5397,Casilla C2 - Sección 3362,,false,false,,
casillas_3363_B_5398,casillas,3363_B_5398,Casilla B - Sección 3363,,false,false,,
casillas_3363_C1_5399,casillas,3363_C1_5399,Casilla C1 - Sección 3363,,false,false,,
casillas_3363_C2_5400,casillas,3363_C2_5400,Casilla C2 - Sección 3363,,false,false,,
casillas_3364_B_5401,casillas,3364_B_5401,Casilla B - Sección 3364,,false,false,,
casillas_3364_C1_5402,casillas,3364_C1_5402,Casilla C1 - Sección 3364,,false,false,,
casillas_3364_C2_5403,casillas,3364_C2_5403,Casilla C2 - Sección 3364,,false,false,,
casillas_3364_C3_5404,casillas,3364_C3_5404,Casilla C3 - Sección 3364,,false,false,,
casillas_1355_B_5405,casillas,1355_B_5405,Casilla B - Sección 1355,,false,false,,
casillas_1356_B_5406,casillas,1356_B_5406,Casilla B - Sección 1356,,false,false,,
casillas_1356_C1_5407,casillas,1356_C1_5407,Casilla C1 - Sección 1356,,false,false,,
casillas_2545_B_5408,casillas,2545_B_5408,Casilla B - Sección 2545,,false,false,,
casillas_2545_C1_5409,casillas,2545_C1_5409,Casilla C1 - Sección 2545,,false,false,,
casillas_2546_B_5410,casillas,2546_B_5410,Casilla B - Sección 2546,,false,false,,
casillas_2547_B_5411,casillas,2547_B_5411,Casilla B - Sección 2547,,false,false,,
casillas_2548_B_5412,casillas,2548_B_5412,Casilla B - Sección 2548,,false,false,,
casillas_2549_B_5413,casillas,2549_B_5413,Casilla B - Sección 2549,,false,false,,
casillas_2550_B_5414,casillas,2550_B_5414,Casilla B - Sección 2550,,false,false,,
casillas_2550_C1_5415,casillas,2550_C1_5415,Casilla C1 - Sección 2550,,false,false,,
casillas_2554_B_5416,casillas,2554_B_5416,Casilla B - Sección 2554,,false,false,,
casillas_2555_B_5417,casillas,2555_B_5417,Casilla B - Sección 2555,,false,false,,
casillas_2557_B_5418,casillas,2557_B_5418,Casilla B - Sección 2557,,false,false,,
casillas_2558_B_5419,casillas,2558_B_5419,Casilla B - Sección 2558,,false,false,,
casillas_2566_B_5420,casillas,2566_B_5420,Casilla B - Sección 2566,,false,false,,
casillas_2566_C1_5421,casillas,2566_C1_5421,Casilla C1 - Sección 2566,,false,false,,
casillas_2567_B_5422,casillas,2567_B_5422,Casilla B - Sección 2567,,false,false,,
casillas_2568_B_5423,casillas,2568_B_5423,Casilla B - Sección 2568,,false,false,,
casillas_2569_B_5424,casillas,2569_B_5424,Casilla B - Sección 2569,,false,false,,
casillas_2570_B_5425,casillas,2570_B_5425,Casilla B - Sección 2570,,false,false,,
casillas_2571_B_5426,casillas,2571_B_5426,Casilla B - Sección 2571,,false,false,,
casillas_2572_B_5427,casillas,2572_B_5427,Casilla B - Sección 2572,,false,false,,
casillas_2573_B_5428,casillas,2573_B_5428,Casilla B - Sección 2573,,false,false,,
casillas_2574_B_5429,casillas,2574_B_5429,Casilla B - Sección 2574,,false,false,,
casillas_2575_B_5430,casillas,2575_B_5430,Casilla B - Sección 2575,,false,false,,
casillas_2576_B_5431,casillas,2576_B_5431,Casilla B - Sección 2576,,false,false,,
casillas_2578_B_5432,casillas,2578_B_5432,Casilla B - Sección 2578,,false,false,,
casillas_2579_B_5433,casillas,2579_B_5433,Casilla B - Sección 2579,,false,false,,
casillas_2580_B_5434,casillas,2580_B_5434,Casilla B - Sección 2580,,false,false,,
casillas_2581_B_5435,casillas,2581_B_5435,Casilla B - Sección 2581,,false,false,,
casillas_2582_B_5436,casillas,2582_B_5436,Casilla B - Sección 2582,,false,false,,
casillas_2583_B_5437,casillas,2583_B_5437,Casilla B - Sección 2583,,false,false,,
casillas_2584_B_5438,casillas,2584_B_5438,Casilla B - Sección 2584,,false,false,,
casillas_2585_B_5439,casillas,2585_B_5439,Casilla B - Sección 2585,,false,false,,
casillas_2586_B_5440,casillas,2586_B_5440,Casilla B - Sección 2586,,false,false,,
casillas_2587_B_5441,casillas,2587_B_5441,Casilla B - Sección 2587,,false,false,,
casillas_2588_B_5442,casillas,2588_B_5442,Casilla B - Sección 2588,,false,false,,
casillas_2589_B_5443,casillas,2589_B_5443,Casilla B - Sección 2589,,false,false,,
casillas_2590_B_5444,casillas,2590_B_5444,Casilla B - Sección 2590,,false,false,,
casillas_2591_B_5445,casillas,2591_B_5445,Casilla B - Sección 2591,,false,false,,
casillas_2591_C1_5446,casillas,2591_C1_5446,Casilla C1 - Sección 2591,,false,false,,
casillas_2592_B_5447,casillas,2592_B_5447,Casilla B - Sección 2592,,false,false,,
casillas_2593_B_5448,casillas,2593_B_5448,Casilla B - Sección 2593,,false,false,,
casillas_2594_B_5449,casillas,2594_B_5449,Casilla B - Sección 2594,,false,false,,
casillas_2595_B_5450,casillas,2595_B_5450,Casilla B - Sección 2595,,false,false,,
casillas_2595_C1_5451,casillas,2595_C1_5451,Casilla C1 - Sección 2595,,false,false,,
casillas_2597_B_5452,casillas,2597_B_5452,Casilla B - Sección 2597,,false,false,,
casillas_2599_B_5453,casillas,2599_B_5453,Casilla B - Sección 2599,,false,false,,
casillas_2601_B_5454,casillas,2601_B_5454,Casilla B - Sección 2601,,false,false,,
casillas_2602_B_5455,casillas,2602_B_5455,Casilla B - Sección 2602,,false,false,,
casillas_2603_B_5456,casillas,2603_B_5456,Casilla B - Sección 2603,,false,false,,
casillas_2604_B_5457,casillas,2604_B_5457,Casilla B - Sección 2604,,false,false,,
casillas_2605_B_5458,casillas,2605_B_5458,Casilla B - Sección 2605,,false,false,,
casillas_2606_B_5459,casillas,2606_B_5459,Casilla B - Sección 2606,,false,false,,
casillas_2607_B_5460,casillas,2607_B_5460,Casilla B - Sección 2607,,false,false,,
casillas_2608_B_5461,casillas,2608_B_5461,Casilla B - Sección 2608,,false,false,,
casillas_2609_B_5462,casillas,2609_B_5462,Casilla B - Sección 2609,,false,false,,
casillas_2611_B_5463,casillas,2611_B_5463,Casilla B - Sección 2611,,false,false,,
casillas_2612_B_5464,casillas,2612_B_5464,Casilla B - Sección 2612,,false,false,,
casillas_2613_B_5465,casillas,2613_B_5465,Casilla B - Sección 2613,,false,false,,
casillas_2614_B_5466,casillas,2614_B_5466,Casilla B - Sección 2614,,false,false,,
casillas_2661_B_5467,casillas,2661_B_5467,Casilla B - Sección 2661,,false,false,,
casillas_2661_C1_5468,casillas,2661_C1_5468,Casilla C1 - Sección 2661,,false,false,,
casillas_2662_B_5469,casillas,2662_B_5469,Casilla B - Sección 2662,,false,false,,
casillas_2663_B_5470,casillas,2663_B_5470,Casilla B - Sección 2663,,false,false,,
casillas_2664_B_5471,casillas,2664_B_5471,Casilla B - Sección 2664,,false,false,,
casillas_2665_B_5472,casillas,2665_B_5472,Casilla B - Sección 2665,,false,false,,
casillas_2667_B_5473,casillas,2667_B_5473,Casilla B - Sección 2667,,false,false,,
casillas_2697_B_5474,casillas,2697_B_5474,Casilla B - Sección 2697,,false,false,,
casillas_2697_C1_5475,casillas,2697_C1_5475,Casilla C1 - Sección 2697,,false,false,,
casillas_2698_B_5476,casillas,2698_B_5476,Casilla B - Sección 2698,,false,false,,
casillas_2698_C1_5477,casillas,2698_C1_5477,Casilla C1 - Sección 2698,,false,false,,
casillas_2699_B_5478,casillas,2699_B_5478,Casilla B - Sección 2699,,false,false,,
casillas_2700_B_5479,casillas,2700_B_5479,Casilla B - Sección 2700,,false,false,,
casillas_2701_B_5480,casillas,2701_B_5480,Casilla B - Sección 2701,,false,false,,
casillas_2702_B_5481,casillas,2702_B_5481,Casilla B - Sección 2702,,false,false,,
casillas_2704_B_5482,casillas,2704_B_5482,Casilla B - Sección 2704,,false,false,,
casillas_2706_B_5483,casillas,2706_B_5483,Casilla B - Sección 2706,,false,false,,
casillas_2707_B_5484,casillas,2707_B_5484,Casilla B - Sección 2707,,false,false,,
casillas_2708_B_5485,casillas,2708_B_5485,Casilla B - Sección 2708,,false,false,,
casillas_2709_B_5486,casillas,2709_B_5486,Casilla B - Sección 2709,,false,false,,
casillas_2710_B_5487,casillas,2710_B_5487,Casilla B - Sección 2710,,false,false,,
casillas_102_B_5488,casillas,102_B_5488,Casilla B - Sección 102,,false,false,,
casillas_102_C1_5489,casillas,102_C1_5489,Casilla C1 - Sección 102,,false,false,,
casillas_103_B_5490,casillas,103_B_5490,Casilla B - Sección 103,,false,false,,
casillas_103_C1_5491,casillas,103_C1_5491,Casilla C1 - Sección 103,,false,false,,
casillas_104_B_5492,casillas,104_B_5492,Casilla B - Sección 104,,false,false,,
casillas_105_B_5493,casillas,105_B_5493,Casilla B - Sección 105,,false,false,,
casillas_106_B_5494,casillas,106_B_5494,Casilla B - Sección 106,,false,false,,
casillas_106_C1_5495,casillas,106_C1_5495,Casilla C1 - Sección 106,,false,false,,
casillas_107_B_5496,casillas,107_B_5496,Casilla B - Sección 107,,false,false,,
casillas_108_B_5497,casillas,108_B_5497,Casilla B - Sección 108,,false,false,,
casillas_109_B_5498,casillas,109_B_5498,Casilla B - Sección 109,,false,false,,
casillas_110_B_5499,casillas,110_B_5499,Casilla B - Sección 110,,false,false,,
casillas_110_C1_5500,casillas,110_C1_5500,Casilla C1 - Sección 110,,false,false,,
casillas_111_B_5501,casillas,111_B_5501,Casilla B - Sección 111,,false,false,,
casillas_111_C1_5502,casillas,111_C1_5502,Casilla C1 - Sección 111,,false,false,,
casillas_112_B_5503,casillas,112_B_5503,Casilla B - Sección 112,,false,false,,
casillas_113_E1_5504,casillas,113_E1_5504,Casilla E1 - Sección 113,,false,false,,
casillas_113_E1C1_5505,casillas,113_E1C1_5505,Casilla E1C1 - Sección 113,,false,false,,
casillas_113_B_5506,casillas,113_B_5506,Casilla B - Sección 113,,false,false,,
casillas_113_C1_5507,casillas,113_C1_5507,Casilla C1 - Sección 113,,false,false,,
casillas_114_B_5508,casillas,114_B_5508,Casilla B - Sección 114,,false,false,,
casillas_114_C1_5509,casillas,114_C1_5509,Casilla C1 - Sección 114,,false,false,,
casillas_114_C2_5510,casillas,114_C2_5510,Casilla C2 - Sección 114,,false,false,,
casillas_115_B_5511,casillas,115_B_5511,Casilla B - Sección 115,,false,false,,
casillas_115_E1_5512,casillas,115_E1_5512,Casilla E1 - Sección 115,,false,false,,
casillas_116_B_5513,casillas,116_B_5513,Casilla B - Sección 116,,false,false,,
casillas_116_C1_5514,casillas,116_C1_5514,Casilla C1 - Sección 116,,false,false,,
casillas_117_B_5515,casillas,117_B_5515,Casilla B - Sección 117,,false,false,,
casillas_117_C1_5516,casillas,117_C1_5516,Casilla C1 - Sección 117,,false,false,,
casillas_118_B_5517,casillas,118_B_5517,Casilla B - Sección 118,,false,false,,
casillas_119_B_5518,casillas,119_B_5518,Casilla B - Sección 119,,false,false,,
casillas_119_C1_5519,casillas,119_C1_5519,Casilla C1 - Sección 119,,false,false,,
casillas_120_B_5520,casillas,120_B_5520,Casilla B - Sección 120,,false,false,,
casillas_121_B_5521,casillas,121_B_5521,Casilla B - Sección 121,,false,false,,
casillas_121_C1_5522,casillas,121_C1_5522,Casilla C1 - Sección 121,,false,false,,
casillas_122_B_5523,casillas,122_B_5523,Casilla B - Sección 122,,false,false,,
casillas_123_B_5524,casillas,123_B_5524,Casilla B - Sección 123,,false,false,,
casillas_123_C1_5525,casillas,123_C1_5525,Casilla C1 - Sección 123,,false,false,,
casillas_124_B_5526,casillas,124_B_5526,Casilla B - Sección 124,,false,false,,
casillas_125_B_5527,casillas,125_B_5527,Casilla B - Sección 125,,false,false,,
casillas_125_C1_5528,casillas,125_C1_5528,Casilla C1 - Sección 125,,false,false,,
casillas_126_B_5529,casillas,126_B_5529,Casilla B - Sección 126,,false,false,,
casillas_221_B_5530,casillas,221_B_5530,Casilla B - Sección 221,,false,false,,
casillas_221_C1_5531,casillas,221_C1_5531,Casilla C1 - Sección 221,,false,false,,
casillas_222_B_5532,casillas,222_B_5532,Casilla B - Sección 222,,false,false,,
casillas_223_B_5533,casillas,223_B_5533,Casilla B - Sección 223,,false,false,,
casillas_224_B_5534,casillas,224_B_5534,Casilla B - Sección 224,,false,false,,
casillas_225_B_5535,casillas,225_B_5535,Casilla B - Sección 225,,false,false,,
casillas_226_B_5536,casillas,226_B_5536,Casilla B - Sección 226,,false,false,,
casillas_227_B_5537,casillas,227_B_5537,Casilla B - Sección 227,,false,false,,
casillas_229_B_5538,casillas,229_B_5538,Casilla B - Sección 229,,false,false,,
casillas_231_B_5539,casillas,231_B_5539,Casilla B - Sección 231,,false,false,,
casillas_232_B_5540,casillas,232_B_5540,Casilla B - Sección 232,,false,false,,
casillas_233_B_5541,casillas,233_B_5541,Casilla B - Sección 233,,false,false,,
casillas_234_E1_5542,casillas,234_E1_5542,Casilla E1 - Sección 234,,false,false,,
casillas_234_B_5543,casillas,234_B_5543,Casilla B - Sección 234,,false,false,,
casillas_234_C1_5544,casillas,234_C1_5544,Casilla C1 - Sección 234,,false,false,,
casillas_235_B_5545,casillas,235_B_5545,Casilla B - Sección 235,,false,false,,
casillas_235_C1_5546,casillas,235_C1_5546,Casilla C1 - Sección 235,,false,false,,
casillas_236_B_5547,casillas,236_B_5547,Casilla B - Sección 236,,false,false,,
casillas_236_C1_5548,casillas,236_C1_5548,Casilla C1 - Sección 236,,false,false,,
casillas_237_B_5549,casillas,237_B_5549,Casilla B - Sección 237,,false,false,,
casillas_237_C1_5550,casillas,237_C1_5550,Casilla C1 - Sección 237,,false,false,,
casillas_1082_B_5551,casillas,1082_B_5551,Casilla B - Sección 1082,,false,false,,
casillas_1082_C1_5552,casillas,1082_C1_5552,Casilla C1 - Sección 1082,,false,false,,
casillas_1083_B_5553,casillas,1083_B_5553,Casilla B - Sección 1083,,false,false,,
casillas_1083_C1_5554,casillas,1083_C1_5554,Casilla C1 - Sección 1083,,false,false,,
casillas_1083_C2_5555,casillas,1083_C2_5555,Casilla C2 - Sección 1083,,false,false,,
casillas_1084_B_5556,casillas,1084_B_5556,Casilla B - Sección 1084,,false,false,,
casillas_1084_C1_5557,casillas,1084_C1_5557,Casilla C1 - Sección 1084,,false,false,,
casillas_1085_B_5558,casillas,1085_B_5558,Casilla B - Sección 1085,,false,false,,
casillas_1086_B_5559,casillas,1086_B_5559,Casilla B - Sección 1086,,false,false,,
casillas_1087_B_5560,casillas,1087_B_5560,Casilla B - Sección 1087,,false,false,,
casillas_1087_C1_5561,casillas,1087_C1_5561,Casilla C1 - Sección 1087,,false,false,,
casillas_1088_B_5562,casillas,1088_B_5562,Casilla B - Sección 1088,,false,false,,
casillas_1088_S1_5563,casillas,1088_S1_5563,Casilla S1 - Sección 1088,,false,false,,
casillas_1089_B_5564,casillas,1089_B_5564,Casilla B - Sección 1089,,false,false,,
casillas_1089_C1_5565,casillas,1089_C1_5565,Casilla C1 - Sección 1089,,false,false,,
casillas_1089_C2_5566,casillas,1089_C2_5566,Casilla C2 - Sección 1089,,false,false,,
casillas_1090_B_5567,casillas,1090_B_5567,Casilla B - Sección 1090,,false,false,,
casillas_1090_C1_5568,casillas,1090_C1_5568,Casilla C1 - Sección 1090,,false,false,,
casillas_1091_B_5569,casillas,1091_B_5569,Casilla B - Sección 1091,,false,false,,
casillas_1091_C1_5570,casillas,1091_C1_5570,Casilla C1 - Sección 1091,,false,false,,
casillas_1091_C2_5571,casillas,1091_C2_5571,Casilla C2 - Sección 1091,,false,false,,
casillas_1092_B_5572,casillas,1092_B_5572,Casilla B - Sección 1092,,false,false,,
casillas_1092_C1_5573,casillas,1092_C1_5573,Casilla C1 - Sección 1092,,false,false,,
casillas_1093_B_5574,casillas,1093_B_5574,Casilla B - Sección 1093,,false,false,,
casillas_1093_C1_5575,casillas,1093_C1_5575,Casilla C1 - Sección 1093,,false,false,,
casillas_1094_B_5576,casillas,1094_B_5576,Casilla B - Sección 1094,,false,false,,
casillas_1094_C1_5577,casillas,1094_C1_5577,Casilla C1 - Sección 1094,,false,false,,
casillas_1095_B_5578,casillas,1095_B_5578,Casilla B - Sección 1095,,false,false,,
casillas_1095_C1_5579,casillas,1095_C1_5579,Casilla C1 - Sección 1095,,false,false,,
casillas_1096_B_5580,casillas,1096_B_5580,Casilla B - Sección 1096,,false,false,,
casillas_1097_B_5581,casillas,1097_B_5581,Casilla B - Sección 1097,,false,false,,
casillas_1097_C1_5582,casillas,1097_C1_5582,Casilla C1 - Sección 1097,,false,false,,
casillas_1098_B_5583,casillas,1098_B_5583,Casilla B - Sección 1098,,false,false,,
casillas_1098_C1_5584,casillas,1098_C1_5584,Casilla C1 - Sección 1098,,false,false,,
casillas_1098_C2_5585,casillas,1098_C2_5585,Casilla C2 - Sección 1098,,false,false,,
casillas_1099_B_5586,casillas,1099_B_5586,Casilla B - Sección 1099,,false,false,,
casillas_1100_B_5587,casillas,1100_B_5587,Casilla B - Sección 1100,,false,false,,
casillas_1100_C1_5588,casillas,1100_C1_5588,Casilla C1 - Sección 1100,,false,false,,
casillas_1100_E1_5589,casillas,1100_E1_5589,Casilla E1 - Sección 1100,,false,false,,
casillas_1101_B_5590,casillas,1101_B_5590,Casilla B - Sección 1101,,false,false,,
casillas_1101_C1_5591,casillas,1101_C1_5591,Casilla C1 - Sección 1101,,false,false,,
casillas_1101_C2_5592,casillas,1101_C2_5592,Casilla C2 - Sección 1101,,false,false,,
casillas_1102_B_5593,casillas,1102_B_5593,Casilla B - Sección 1102,,false,false,,
casillas_1102_C1_5594,casillas,1102_C1_5594,Casilla C1 - Sección 1102,,false,false,,
casillas_1103_B_5595,casillas,1103_B_5595,Casilla B - Sección 1103,,false,false,,
casillas_1104_B_5596,casillas,1104_B_5596,Casilla B - Sección 1104,,false,false,,
casillas_1104_C1_5597,casillas,1104_C1_5597,Casilla C1 - Sección 1104,,false,false,,
casillas_1105_B_5598,casillas,1105_B_5598,Casilla B - Sección 1105,,false,false,,
casillas_1106_B_5599,casillas,1106_B_5599,Casilla B - Sección 1106,,false,false,,
casillas_1107_B_5600,casillas,1107_B_5600,Casilla B - Sección 1107,,false,false,,
casillas_1107_C1_5601,casillas,1107_C1_5601,Casilla C1 - Sección 1107,,false,false,,
casillas_1107_C2_5602,casillas,1107_C2_5602,Casilla C2 - Sección 1107,,false,false,,
casillas_1108_B_5603,casillas,1108_B_5603,Casilla B - Sección 1108,,false,false,,
casillas_1109_B_5604,casillas,1109_B_5604,Casilla B - Sección 1109,,false,false,,
casillas_1110_B_5605,casillas,1110_B_5605,Casilla B - Sección 1110,,false,false,,
casillas_1111_B_5606,casillas,1111_B_5606,Casilla B - Sección 1111,,false,false,,
casillas_1112_B_5607,casillas,1112_B_5607,Casilla B - Sección 1112,,false,false,,
casillas_1113_B_5608,casillas,1113_B_5608,Casilla B - Sección 1113,,false,false,,
casillas_1114_B_5609,casillas,1114_B_5609,Casilla B - Sección 1114,,false,false,,
casillas_1114_C1_5610,casillas,1114_C1_5610,Casilla C1 - Sección 1114,,false,false,,
casillas_1115_B_5611,casillas,1115_B_5611,Casilla B - Sección 1115,,false,false,,
casillas_1116_B_5612,casillas,1116_B_5612,Casilla B - Sección 1116,,false,false,,
casillas_1117_B_5613,casillas,1117_B_5613,Casilla B - Sección 1117,,false,false,,
casillas_1117_C1_5614,casillas,1117_C1_5614,Casilla C1 - Sección 1117,,false,false,,
casillas_1118_B_5615,casillas,1118_B_5615,Casilla B - Sección 1118,,false,false,,
casillas_1118_C1_5616,casillas,1118_C1_5616,Casilla C1 - Sección 1118,,false,false,,
casillas_1118_C2_5617,casillas,1118_C2_5617,Casilla C2 - Sección 1118,,false,false,,
casillas_1118_E1_5618,casillas,1118_E1_5618,Casilla E1 - Sección 1118,,false,false,,
casillas_1119_B_5619,casillas,1119_B_5619,Casilla B - Sección 1119,,false,false,,
casillas_1120_B_5620,casillas,1120_B_5620,Casilla B - Sección 1120,,false,false,,
casillas_1122_B_5621,casillas,1122_B_5621,Casilla B - Sección 1122,,false,false,,
casillas_1123_B_5622,casillas,1123_B_5622,Casilla B - Sección 1123,,false,false,,
casillas_1124_B_5623,casillas,1124_B_5623,Casilla B - Sección 1124,,false,false,,
casillas_1125_B_5624,casillas,1125_B_5624,Casilla B - Sección 1125,,false,false,,
casillas_1135_B_5625,casillas,1135_B_5625,Casilla B - Sección 1135,,false,false,,
casillas_1135_C1_5626,casillas,1135_C1_5626,Casilla C1 - Sección 1135,,false,false,,
casillas_1136_B_5627,casillas,1136_B_5627,Casilla B - Sección 1136,,false,false,,
casillas_1136_C1_5628,casillas,1136_C1_5628,Casilla C1 - Sección 1136,,false,false,,
casillas_1136_C2_5629,casillas,1136_C2_5629,Casilla C2 - Sección 1136,,false,false,,
casillas_1136_C3_5630,casillas,1136_C3_5630,Casilla C3 - Sección 1136,,false,false,,
casillas_1136_C4_5631,casillas,1136_C4_5631,Casilla C4 - Sección 1136,,false,false,,
casillas_1136_C5_5632,casillas,1136_C5_5632,Casilla C5 - Sección 1136,,false,false,,
casillas_1137_B_5633,casillas,1137_B_5633,Casilla B - Sección 1137,,false,false,,
casillas_1138_B_5634,casillas,1138_B_5634,Casilla B - Sección 1138,,false,false,,
casillas_1138_C1_5635,casillas,1138_C1_5635,Casilla C1 - Sección 1138,,false,false,,
casillas_1139_B_5636,casillas,1139_B_5636,Casilla B - Sección 1139,,false,false,,
casillas_1139_C1_5637,casillas,1139_C1_5637,Casilla C1 - Sección 1139,,false,false,,
casillas_1139_E1_5638,casillas,1139_E1_5638,Casilla E1 - Sección 1139,,false,false,,
casillas_1139_E1C1_5639,casillas,1139_E1C1_5639,Casilla E1C1 - Sección 1139,,false,false,,
casillas_1140_B_5640,casillas,1140_B_5640,Casilla B - Sección 1140,,false,false,,
casillas_1140_C1_5641,casillas,1140_C1_5641,Casilla C1 - Sección 1140,,false,false,,
casillas_1140_E1_5642,casillas,1140_E1_5642,Casilla E1 - Sección 1140,,false,false,,
casillas_1140_E1C1_5643,casillas,1140_E1C1_5643,Casilla E1C1 - Sección 1140,,false,false,,
casillas_1142_B_5644,casillas,1142_B_5644,Casilla B - Sección 1142,,false,false,,
casillas_1142_C1_5645,casillas,1142_C1_5645,Casilla C1 - Sección 1142,,false,false,,
casillas_1143_B_5646,casillas,1143_B_5646,Casilla B - Sección 1143,,false,false,,
casillas_1143_C1_5647,casillas,1143_C1_5647,Casilla C1 - Sección 1143,,false,false,,
casillas_1143_C2_5648,casillas,1143_C2_5648,Casilla C2 - Sección 1143,,false,false,,
casillas_1144_B_5649,casillas,1144_B_5649,Casilla B - Sección 1144,,false,false,,
casillas_1144_C1_5650,casillas,1144_C1_5650,Casilla C1 - Sección 1144,,false,false,,
casillas_1144_C2_5651,casillas,1144_C2_5651,Casilla C2 - Sección 1144,,false,false,,
casillas_1145_B_5652,casillas,1145_B_5652,Casilla B - Sección 1145,,false,false,,
casillas_1146_B_5653,casillas,1146_B_5653,Casilla B - Sección 1146,,false,false,,
casillas_1146_C1_5654,casillas,1146_C1_5654,Casilla C1 - Sección 1146,,false,false,,
casillas_1147_B_5655,casillas,1147_B_5655,Casilla B - Sección 1147,,false,false,,
casillas_1147_C1_5656,casillas,1147_C1_5656,Casilla C1 - Sección 1147,,false,false,,
casillas_1147_E1_5657,casillas,1147_E1_5657,Casilla E1 - Sección 1147,,false,false,,
casillas_1148_E1_5658,casillas,1148_E1_5658,Casilla E1 - Sección 1148,,false,false,,
casillas_1148_E1C1_5659,casillas,1148_E1C1_5659,Casilla E1C1 - Sección 1148,,false,false,,
casillas_1148_B_5660,casillas,1148_B_5660,Casilla B - Sección 1148,,false,false,,
casillas_1150_B_5661,casillas,1150_B_5661,Casilla B - Sección 1150,,false,false,,
casillas_1151_B_5662,casillas,1151_B_5662,Casilla B - Sección 1151,,false,false,,
casillas_1152_B_5663,casillas,1152_B_5663,Casilla B - Sección 1152,,false,false,,
casillas_1153_B_5664,casillas,1153_B_5664,Casilla B - Sección 1153,,false,false,,
casillas_1154_B_5665,casillas,1154_B_5665,Casilla B - Sección 1154,,false,false,,
casillas_1155_E1_5666,casillas,1155_E1_5666,Casilla E1 - Sección 1155,,false,false,,
casillas_1155_B_5667,casillas,1155_B_5667,Casilla B - Sección 1155,,false,false,,
casillas_1155_C1_5668,casillas,1155_C1_5668,Casilla C1 - Sección 1155,,false,false,,
casillas_1156_B_5669,casillas,1156_B_5669,Casilla B - Sección 1156,,false,false,,
casillas_1157_B_5670,casillas,1157_B_5670,Casilla B - Sección 1157,,false,false,,
casillas_1158_B_5671,casillas,1158_B_5671,Casilla B - Sección 1158,,false,false,,
casillas_1158_E1_5672,casillas,1158_E1_5672,Casilla E1 - Sección 1158,,false,false,,
casillas_1159_B_5673,casillas,1159_B_5673,Casilla B - Sección 1159,,false,false,,
casillas_1159_C1_5674,casillas,1159_C1_5674,Casilla C1 - Sección 1159,,false,false,,
casillas_1159_E1_5675,casillas,1159_E1_5675,Casilla E1 - Sección 1159,,false,false,,
casillas_1160_B_5676,casillas,1160_B_5676,Casilla B - Sección 1160,,false,false,,
casillas_1160_C1_5677,casillas,1160_C1_5677,Casilla C1 - Sección 1160,,false,false,,
casillas_1160_C2_5678,casillas,1160_C2_5678,Casilla C2 - Sección 1160,,false,false,,
casillas_1161_B_5679,casillas,1161_B_5679,Casilla B - Sección 1161,,false,false,,
casillas_1162_B_5680,casillas,1162_B_5680,Casilla B - Sección 1162,,false,false,,
casillas_1163_B_5681,casillas,1163_B_5681,Casilla B - Sección 1163,,false,false,,
casillas_1163_E1_5682,casillas,1163_E1_5682,Casilla E1 - Sección 1163,,false,false,,
casillas_1164_B_5683,casillas,1164_B_5683,Casilla B - Sección 1164,,false,false,,
casillas_1164_C1_5684,casillas,1164_C1_5684,Casilla C1 - Sección 1164,,false,false,,
casillas_1165_B_5685,casillas,1165_B_5685,Casilla B - Sección 1165,,false,false,,
casillas_1165_C1_5686,casillas,1165_C1_5686,Casilla C1 - Sección 1165,,false,false,,
casillas_1165_C2_5687,casillas,1165_C2_5687,Casilla C2 - Sección 1165,,false,false,,
casillas_1167_B_5688,casillas,1167_B_5688,Casilla B - Sección 1167,,false,false,,
casillas_1167_C1_5689,casillas,1167_C1_5689,Casilla C1 - Sección 1167,,false,false,,
casillas_1168_B_5690,casillas,1168_B_5690,Casilla B - Sección 1168,,false,false,,
casillas_1168_C1_5691,casillas,1168_C1_5691,Casilla C1 - Sección 1168,,false,false,,
casillas_1169_B_5692,casillas,1169_B_5692,Casilla B - Sección 1169,,false,false,,
casillas_1170_B_5693,casillas,1170_B_5693,Casilla B - Sección 1170,,false,false,,
casillas_1171_B_5694,casillas,1171_B_5694,Casilla B - Sección 1171,,false,false,,
casillas_1171_C1_5695,casillas,1171_C1_5695,Casilla C1 - Sección 1171,,false,false,,
casillas_1171_E1_5696,casillas,1171_E1_5696,Casilla E1 - Sección 1171,,false,false,,
casillas_1172_B_5697,casillas,1172_B_5697,Casilla B - Sección 1172,,false,false,,
casillas_1173_B_5698,casillas,1173_B_5698,Casilla B - Sección 1173,,false,false,,
casillas_1174_B_5699,casillas,1174_B_5699,Casilla B - Sección 1174,,false,false,,
casillas_1175_B_5700,casillas,1175_B_5700,Casilla B - Sección 1175,,false,false,,
casillas_1177_B_5701,casillas,1177_B_5701,Casilla B - Sección 1177,,false,false,,
casillas_1179_B_5702,casillas,1179_B_5702,Casilla B - Sección 1179,,false,false,,
casillas_1180_B_5703,casillas,1180_B_5703,Casilla B - Sección 1180,,false,false,,
casillas_1181_B_5704,casillas,1181_B_5704,Casilla B - Sección 1181,,false,false,,
casillas_2323_B_5705,casillas,2323_B_5705,Casilla B - Sección 2323,,false,false,,
casillas_2323_C1_5706,casillas,2323_C1_5706,Casilla C1 - Sección 2323,,false,false,,
casillas_2324_B_5707,casillas,2324_B_5707,Casilla B - Sección 2324,,false,false,,
casillas_2325_B_5708,casillas,2325_B_5708,Casilla B - Sección 2325,,false,false,,
casillas_2325_C1_5709,casillas,2325_C1_5709,Casilla C1 - Sección 2325,,false,false,,
casillas_2326_B_5710,casillas,2326_B_5710,Casilla B - Sección 2326,,false,false,,
casillas_2327_B_5711,casillas,2327_B_5711,Casilla B - Sección 2327,,false,false,,
casillas_2328_B_5712,casillas,2328_B_5712,Casilla B - Sección 2328,,false,false,,
casillas_2329_B_5713,casillas,2329_B_5713,Casilla B - Sección 2329,,false,false,,
casillas_2329_C1_5714,casillas,2329_C1_5714,Casilla C1 - Sección 2329,,false,false,,
casillas_2329_E1_5715,casillas,2329_E1_5715,Casilla E1 - Sección 2329,,false,false,,
casillas_2330_B_5716,casillas,2330_B_5716,Casilla B - Sección 2330,,false,false,,
casillas_2390_B_5717,casillas,2390_B_5717,Casilla B - Sección 2390,,false,false,,
casillas_2390_C1_5718,casillas,2390_C1_5718,Casilla C1 - Sección 2390,,false,false,,
casillas_2390_C2_5719,casillas,2390_C2_5719,Casilla C2 - Sección 2390,,false,false,,
casillas_2392_E1_5720,casillas,2392_E1_5720,Casilla E1 - Sección 2392,,false,false,,
casillas_2392_B_5721,casillas,2392_B_5721,Casilla B - Sección 2392,,false,false,,
casillas_2393_B_5722,casillas,2393_B_5722,Casilla B - Sección 2393,,false,false,,
casillas_2395_B_5723,casillas,2395_B_5723,Casilla B - Sección 2395,,false,false,,
casillas_2668_B_5724,casillas,2668_B_5724,Casilla B - Sección 2668,,false,false,,
casillas_2668_C1_5725,casillas,2668_C1_5725,Casilla C1 - Sección 2668,,false,false,,
casillas_2669_B_5726,casillas,2669_B_5726,Casilla B - Sección 2669,,false,false,,
casillas_2669_C1_5727,casillas,2669_C1_5727,Casilla C1 - Sección 2669,,false,false,,
casillas_2670_B_5728,casillas,2670_B_5728,Casilla B - Sección 2670,,false,false,,
casillas_2671_B_5729,casillas,2671_B_5729,Casilla B - Sección 2671,,false,false,,
casillas_2671_C1_5730,casillas,2671_C1_5730,Casilla C1 - Sección 2671,,false,false,,
casillas_2671_C2_5731,casillas,2671_C2_5731,Casilla C2 - Sección 2671,,false,false,,
casillas_2672_B_5732,casillas,2672_B_5732,Casilla B - Sección 2672,,false,false,,
casillas_2673_B_5733,casillas,2673_B_5733,Casilla B - Sección 2673,,false,false,,
casillas_2673_C1_5734,casillas,2673_C1_5734,Casilla C1 - Sección 2673,,false,false,,
casillas_2674_B_5735,casillas,2674_B_5735,Casilla B - Sección 2674,,false,false,,
casillas_2675_B_5736,casillas,2675_B_5736,Casilla B - Sección 2675,,false,false,,
casillas_2676_B_5737,casillas,2676_B_5737,Casilla B - Sección 2676,,false,false,,
casillas_2676_C1_5738,casillas,2676_C1_5738,Casilla C1 - Sección 2676,,false,false,,
casillas_2677_B_5739,casillas,2677_B_5739,Casilla B - Sección 2677,,false,false,,
casillas_2677_E1_5740,casillas,2677_E1_5740,Casilla E1 - Sección 2677,,false,false,,
casillas_2678_E1_5741,casillas,2678_E1_5741,Casilla E1 - Sección 2678,,false,false,,
casillas_2678_B_5742,casillas,2678_B_5742,Casilla B - Sección 2678,,false,false,,
casillas_2679_E1_5743,casillas,2679_E1_5743,Casilla E1 - Sección 2679,,false,false,,
casillas_2679_B_5744,casillas,2679_B_5744,Casilla B - Sección 2679,,false,false,,
casillas_2679_C1_5745,casillas,2679_C1_5745,Casilla C1 - Sección 2679,,false,false,,
casillas_2680_B_5746,casillas,2680_B_5746,Casilla B - Sección 2680,,false,false,,
casillas_2681_B_5747,casillas,2681_B_5747,Casilla B - Sección 2681,,false,false,,
casillas_2682_B_5748,casillas,2682_B_5748,Casilla B - Sección 2682,,false,false,,
casillas_2682_E1_5749,casillas,2682_E1_5749,Casilla E1 - Sección 2682,,false,false,,
casillas_2682_E1C1_5750,casillas,2682_E1C1_5750,Casilla E1C1 - Sección 2682,,false,false,,
casillas_2682_E1C2_5751,casillas,2682_E1C2_5751,Casilla E1C2 - Sección 2682,,false,false,,
casillas_2683_B_5752,casillas,2683_B_5752,Casilla B - Sección 2683,,false,false,,